[rosmaster.main][INFO] 2026-03-11 22:28:21,901: initialization complete, waiting for shutdown
[rosmaster.main][INFO] 2026-03-11 22:28:21,902: Starting ROS Master Node
[xmlrpc][INFO] 2026-03-11 22:28:21,903: XML-RPC server binding to 127.0.0.1:11311
[xmlrpc][INFO] 2026-03-11 22:28:21,903: Started XML-RPC server [http://127.0.0.1:11311/]
[xmlrpc][INFO] 2026-03-11 22:28:21,904: xml rpc node: starting XML-RPC server
[rosmaster.master][INFO] 2026-03-11 22:28:21,904: Master initialized: port[11311], uri[http://127.0.0.1:11311/]
[rosmaster.master][INFO] 2026-03-11 22:28:26,505: +PARAM [/run_id] by /roslaunch
[rosmaster.master][INFO] 2026-03-11 22:28:26,506: +PARAM [/roslaunch/uris/host_rera__45209] by /roslaunch
[rosmaster.master][INFO] 2026-03-11 22:28:26,508: +PARAM [/rosversion] by /roslaunch
[rosmaster.master][INFO] 2026-03-11 22:28:26,508: +PARAM [/rosdistro] by /roslaunch
[rosmaster.master][INFO] 2026-03-11 22:28:26,508: +PARAM [/use_sim_time] by /roslaunch
[rosmaster.master][INFO] 2026-03-11 22:28:26,508: +PARAM [/gazebo/enable_ros_network] by /roslaunch
[rosmaster.master][INFO] 2026-03-11 22:28:26,627: +PUB [/rosout] /tf_footprint_base http://rera:33147/
[rosmaster.master][INFO] 2026-03-11 22:28:26,628: +SERVICE [/tf_footprint_base/get_loggers] /tf_footprint_base http://rera:33147/
[rosmaster.master][INFO] 2026-03-11 22:28:26,629: +SERVICE [/tf_footprint_base/set_logger_level] /tf_footprint_base http://rera:33147/
[rosmaster.master][INFO] 2026-03-11 22:28:26,634: +SUB [/clock] /tf_footprint_base http://rera:33147/
[rosmaster.master][INFO] 2026-03-11 22:28:26,635: +PUB [/tf] /tf_footprint_base http://rera:33147/
[rosmaster.master][INFO] 2026-03-11 22:28:26,636: +PUB [/rosout] /tf_body_footprint http://rera:34259/
[rosmaster.master][INFO] 2026-03-11 22:28:26,636: +SERVICE [/tf_body_footprint/get_loggers] /tf_body_footprint http://rera:34259/
[rosmaster.master][INFO] 2026-03-11 22:28:26,637: +SERVICE [/tf_body_footprint/set_logger_level] /tf_body_footprint http://rera:34259/
[rosmaster.master][INFO] 2026-03-11 22:28:26,642: +SUB [/clock] /tf_body_footprint http://rera:34259/
[rosmaster.master][INFO] 2026-03-11 22:28:26,643: +PUB [/tf] /tf_body_footprint http://rera:34259/
[rosmaster.master][INFO] 2026-03-11 22:28:27,087: +PUB [/rosout] /spawn_model http://rera:40967/
[rosmaster.master][INFO] 2026-03-11 22:28:27,090: +SUB [/clock] /spawn_model http://rera:40967/
[rosmaster.master][INFO] 2026-03-11 22:28:27,092: +SERVICE [/spawn_model/get_loggers] /spawn_model http://rera:40967/
[rosmaster.master][INFO] 2026-03-11 22:28:27,093: +SERVICE [/spawn_model/set_logger_level] /spawn_model http://rera:40967/
[rosmaster.master][INFO] 2026-03-11 22:28:27,094: +CACHEDPARAM [/rosout_disable_topics_generation] by /spawn_model
[rosmaster.master][INFO] 2026-03-11 22:28:27,098: +CACHEDPARAM [/rosout_disable_topics_generation] by /spawn_model
[rosmaster.master][INFO] 2026-03-11 22:28:27,444: +SERVICE [/fake_joint_calibration/get_loggers] /fake_joint_calibration http://rera:39627/
[rosmaster.master][INFO] 2026-03-11 22:28:27,445: +SERVICE [/fake_joint_calibration/set_logger_level] /fake_joint_calibration http://rera:39627/
[rosmaster.master][INFO] 2026-03-11 22:28:27,446: +PUB [/calibrated] /fake_joint_calibration http://rera:39627/
[rosmaster.master][INFO] 2026-03-11 22:28:27,466: +PUB [/rosout] /gazebo http://rera:38799/
[rosmaster.master][INFO] 2026-03-11 22:28:27,467: +PUB [/rosout] /gazebo_gui http://rera:39123/
[rosmaster.master][INFO] 2026-03-11 22:28:27,467: +SERVICE [/gazebo/get_loggers] /gazebo http://rera:38799/
[rosmaster.master][INFO] 2026-03-11 22:28:27,467: +SERVICE [/gazebo_gui/get_loggers] /gazebo_gui http://rera:39123/
[rosmaster.master][INFO] 2026-03-11 22:28:27,468: +SERVICE [/gazebo/set_logger_level] /gazebo http://rera:38799/
[rosmaster.master][INFO] 2026-03-11 22:28:27,468: +SERVICE [/gazebo_gui/set_logger_level] /gazebo_gui http://rera:39123/
[rosmaster.master][INFO] 2026-03-11 22:28:27,473: +SUB [/clock] /gazebo_gui http://rera:39123/
[rosmaster.master][INFO] 2026-03-11 22:28:27,473: +SUB [/clock] /gazebo http://rera:38799/
[rosmaster.master][INFO] 2026-03-11 22:28:27,480: +CACHEDPARAM [/rosout_disable_topics_generation] by /gazebo_gui
[rosmaster.master][INFO] 2026-03-11 22:28:27,481: +CACHEDPARAM [/rosout_disable_topics_generation] by /gazebo
[rosmaster.master][INFO] 2026-03-11 22:28:27,976: +PARAM [/roslaunch/uris/host_rera__36113] by /roslaunch
[rosmaster.master][INFO] 2026-03-11 22:28:27,980: +PARAM [/rosversion] by /roslaunch
[rosmaster.master][INFO] 2026-03-11 22:28:27,980: +PARAM [/rosdistro] by /roslaunch
[rosmaster.master][INFO] 2026-03-11 22:28:27,980: +PARAM [/robot_description] by /roslaunch
[rosmaster.master][INFO] 2026-03-11 22:28:28,112: +PUB [/rosout] /robot_state_publisher http://rera:43175/
[rosmaster.master][INFO] 2026-03-11 22:28:28,113: +SERVICE [/robot_state_publisher/get_loggers] /robot_state_publisher http://rera:43175/
[rosmaster.master][INFO] 2026-03-11 22:28:28,113: +SERVICE [/robot_state_publisher/set_logger_level] /robot_state_publisher http://rera:43175/
[rosmaster.master][INFO] 2026-03-11 22:28:28,117: +SUB [/clock] /robot_state_publisher http://rera:43175/
[rosmaster.master][INFO] 2026-03-11 22:28:28,120: +CACHEDPARAM [/rosout_disable_topics_generation] by /robot_state_publisher
[rosmaster.master][INFO] 2026-03-11 22:28:28,122: +PUB [/tf] /robot_state_publisher http://rera:43175/
[rosmaster.master][INFO] 2026-03-11 22:28:28,123: +PUB [/tf_static] /robot_state_publisher http://rera:43175/
[rosmaster.master][INFO] 2026-03-11 22:28:28,127: +SUB [/joint_states] /robot_state_publisher http://rera:43175/
[rosmaster.master][INFO] 2026-03-11 22:28:28,271: +PUB [/clock] /gazebo http://rera:38799/
[rosmaster.master][INFO] 2026-03-11 22:28:28,272: +SERVICE [/gazebo/spawn_sdf_model] /gazebo http://rera:38799/
[rosmaster.master][INFO] 2026-03-11 22:28:28,273: +SERVICE [/gazebo/spawn_urdf_model] /gazebo http://rera:38799/
[rosmaster.master][INFO] 2026-03-11 22:28:28,273: +SERVICE [/gazebo/delete_model] /gazebo http://rera:38799/
[rosmaster.master][INFO] 2026-03-11 22:28:28,274: +SERVICE [/gazebo/delete_light] /gazebo http://rera:38799/
[rosmaster.master][INFO] 2026-03-11 22:28:28,275: +SERVICE [/gazebo/get_model_properties] /gazebo http://rera:38799/
[rosmaster.master][INFO] 2026-03-11 22:28:28,275: +SERVICE [/gazebo/get_model_state] /gazebo http://rera:38799/
[rosmaster.master][INFO] 2026-03-11 22:28:28,276: +SERVICE [/gazebo/get_world_properties] /gazebo http://rera:38799/
[rosmaster.master][INFO] 2026-03-11 22:28:28,277: +SERVICE [/gazebo/get_joint_properties] /gazebo http://rera:38799/
[rosmaster.master][INFO] 2026-03-11 22:28:28,278: +SERVICE [/gazebo/get_link_properties] /gazebo http://rera:38799/
[rosmaster.master][INFO] 2026-03-11 22:28:28,278: +SERVICE [/gazebo/get_link_state] /gazebo http://rera:38799/
[rosmaster.master][INFO] 2026-03-11 22:28:28,279: +SERVICE [/gazebo/get_light_properties] /gazebo http://rera:38799/
[rosmaster.master][INFO] 2026-03-11 22:28:28,279: +SERVICE [/gazebo/set_light_properties] /gazebo http://rera:38799/
[rosmaster.master][INFO] 2026-03-11 22:28:28,280: +SERVICE [/gazebo/get_physics_properties] /gazebo http://rera:38799/
[rosmaster.master][INFO] 2026-03-11 22:28:28,280: +PUB [/gazebo/link_states] /gazebo http://rera:38799/
[rosmaster.master][INFO] 2026-03-11 22:28:28,280: +PUB [/gazebo/model_states] /gazebo http://rera:38799/
[rosmaster.master][INFO] 2026-03-11 22:28:28,281: +PUB [/gazebo/performance_metrics] /gazebo http://rera:38799/
[rosmaster.master][INFO] 2026-03-11 22:28:28,281: +SERVICE [/gazebo/set_link_properties] /gazebo http://rera:38799/
[rosmaster.master][INFO] 2026-03-11 22:28:28,282: +SERVICE [/gazebo/set_physics_properties] /gazebo http://rera:38799/
[rosmaster.master][INFO] 2026-03-11 22:28:28,283: +SERVICE [/gazebo/set_model_state] /gazebo http://rera:38799/
[rosmaster.master][INFO] 2026-03-11 22:28:28,283: +SERVICE [/gazebo/set_model_configuration] /gazebo http://rera:38799/
[rosmaster.master][INFO] 2026-03-11 22:28:28,284: +SERVICE [/gazebo/set_joint_properties] /gazebo http://rera:38799/
[rosmaster.master][INFO] 2026-03-11 22:28:28,284: +SERVICE [/gazebo/set_link_state] /gazebo http://rera:38799/
[rosmaster.master][INFO] 2026-03-11 22:28:28,286: +SUB [/gazebo/set_link_state] /gazebo http://rera:38799/
[rosmaster.master][INFO] 2026-03-11 22:28:28,288: +SUB [/gazebo/set_model_state] /gazebo http://rera:38799/
[rosmaster.master][INFO] 2026-03-11 22:28:28,288: +SERVICE [/gazebo/pause_physics] /gazebo http://rera:38799/
[rosmaster.master][INFO] 2026-03-11 22:28:28,289: +SERVICE [/gazebo/unpause_physics] /gazebo http://rera:38799/
[rosmaster.master][INFO] 2026-03-11 22:28:28,289: +SERVICE [/gazebo/apply_body_wrench] /gazebo http://rera:38799/
[rosmaster.master][INFO] 2026-03-11 22:28:28,289: +SERVICE [/gazebo/apply_joint_effort] /gazebo http://rera:38799/
[rosmaster.master][INFO] 2026-03-11 22:28:28,290: +SERVICE [/gazebo/clear_joint_forces] /gazebo http://rera:38799/
[rosmaster.master][INFO] 2026-03-11 22:28:28,290: +SERVICE [/gazebo/clear_body_wrenches] /gazebo http://rera:38799/
[rosmaster.master][INFO] 2026-03-11 22:28:28,291: +SERVICE [/gazebo/reset_simulation] /gazebo http://rera:38799/
[rosmaster.master][INFO] 2026-03-11 22:28:28,291: +SERVICE [/gazebo/reset_world] /gazebo http://rera:38799/
[rosmaster.master][INFO] 2026-03-11 22:28:28,306: +CACHEDPARAM [/rosout_disable_topics_generation] by /spawn_model
[rosmaster.master][INFO] 2026-03-11 22:28:28,307: +SERVICE [/gazebo/set_parameters] /gazebo http://rera:38799/
[rosmaster.master][INFO] 2026-03-11 22:28:28,309: +PUB [/gazebo/parameter_descriptions] /gazebo http://rera:38799/
[rosmaster.master][INFO] 2026-03-11 22:28:28,311: +PUB [/gazebo/parameter_updates] /gazebo http://rera:38799/
[rosmaster.master][INFO] 2026-03-11 22:28:28,320: +PARAM [/gazebo/time_step] by /gazebo
[rosmaster.master][INFO] 2026-03-11 22:28:28,321: +PARAM [/gazebo/max_update_rate] by /gazebo
[rosmaster.master][INFO] 2026-03-11 22:28:28,322: +PARAM [/gazebo/gravity_x] by /gazebo
[rosmaster.master][INFO] 2026-03-11 22:28:28,322: +PARAM [/gazebo/gravity_y] by /gazebo
[rosmaster.master][INFO] 2026-03-11 22:28:28,323: +PARAM [/gazebo/gravity_z] by /gazebo
[rosmaster.master][INFO] 2026-03-11 22:28:28,324: +PARAM [/gazebo/auto_disable_bodies] by /gazebo
[rosmaster.master][INFO] 2026-03-11 22:28:28,324: +PARAM [/gazebo/sor_pgs_precon_iters] by /gazebo
[rosmaster.master][INFO] 2026-03-11 22:28:28,324: publisherUpdate[/clock] -> http://rera:33147/ ['http://rera:38799/']
[rosmaster.master][INFO] 2026-03-11 22:28:28,326: +PARAM [/gazebo/sor_pgs_iters] by /gazebo
[rosmaster.master][INFO] 2026-03-11 22:28:28,326: publisherUpdate[/clock] -> http://rera:34259/ ['http://rera:38799/']
[rosmaster.master][INFO] 2026-03-11 22:28:28,327: publisherUpdate[/clock] -> http://rera:40967/ ['http://rera:38799/']
[rosmaster.master][INFO] 2026-03-11 22:28:28,332: +PARAM [/gazebo/sor_pgs_w] by /gazebo
[rosmaster.master][INFO] 2026-03-11 22:28:28,335: +PARAM [/gazebo/sor_pgs_rms_error_tol] by /gazebo
[rosmaster.master][INFO] 2026-03-11 22:28:28,335: publisherUpdate[/clock] -> http://rera:33147/ ['http://rera:38799/']: sec=0.01, result=[1, '', 0]
[rosmaster.master][INFO] 2026-03-11 22:28:28,337: publisherUpdate[/clock] -> http://rera:39123/ ['http://rera:38799/']
[rosmaster.master][INFO] 2026-03-11 22:28:28,337: publisherUpdate[/clock] -> http://rera:40967/ ['http://rera:38799/']: sec=0.00, result=[1, '', 0]
[rosmaster.master][INFO] 2026-03-11 22:28:28,336: publisherUpdate[/clock] -> http://rera:34259/ ['http://rera:38799/']: sec=0.01, result=[1, '', 0]
[rosmaster.master][INFO] 2026-03-11 22:28:28,339: publisherUpdate[/clock] -> http://rera:43175/ ['http://rera:38799/']
[rosmaster.master][INFO] 2026-03-11 22:28:28,339: publisherUpdate[/clock] -> http://rera:38799/ ['http://rera:38799/']
[rosmaster.master][INFO] 2026-03-11 22:28:28,338: +PARAM [/gazebo/cfm] by /gazebo
[rosmaster.master][INFO] 2026-03-11 22:28:28,342: publisherUpdate[/clock] -> http://rera:43175/ ['http://rera:38799/']: sec=0.00, result=[1, '', 0]
[rosmaster.master][INFO] 2026-03-11 22:28:28,343: +PARAM [/gazebo/erp] by /gazebo
[rosmaster.master][INFO] 2026-03-11 22:28:28,343: publisherUpdate[/clock] -> http://rera:39123/ ['http://rera:38799/']: sec=0.01, result=[1, '', 0]
[rosmaster.master][INFO] 2026-03-11 22:28:28,344: publisherUpdate[/clock] -> http://rera:38799/ ['http://rera:38799/']: sec=0.00, result=[1, '', 0]
[rosmaster.master][INFO] 2026-03-11 22:28:28,345: +PARAM [/gazebo/contact_surface_layer] by /gazebo
[rosmaster.master][INFO] 2026-03-11 22:28:28,346: +PARAM [/gazebo/contact_max_correcting_vel] by /gazebo
[rosmaster.master][INFO] 2026-03-11 22:28:28,347: +PARAM [/gazebo/max_contacts] by /gazebo
[rosmaster.master][INFO] 2026-03-11 22:28:28,627: +PUB [/rosout] /joint_state_publisher_gui http://rera:36725/
[rosmaster.master][INFO] 2026-03-11 22:28:28,630: +SUB [/clock] /joint_state_publisher_gui http://rera:36725/
[rosmaster.master][INFO] 2026-03-11 22:28:28,632: +SERVICE [/joint_state_publisher_gui/get_loggers] /joint_state_publisher_gui http://rera:36725/
[rosmaster.master][INFO] 2026-03-11 22:28:28,634: +SERVICE [/joint_state_publisher_gui/set_logger_level] /joint_state_publisher_gui http://rera:36725/
[rosmaster.master][INFO] 2026-03-11 22:28:28,927: +PUB [/joint_states] /joint_state_publisher_gui http://rera:36725/
[rosmaster.master][INFO] 2026-03-11 22:28:28,945: publisherUpdate[/joint_states] -> http://rera:43175/ ['http://rera:36725/']
[rosmaster.master][INFO] 2026-03-11 22:28:28,946: publisherUpdate[/joint_states] -> http://rera:43175/ ['http://rera:36725/']: sec=0.00, result=[1, '', 0]
[rosmaster.master][INFO] 2026-03-11 22:28:28,972: +CACHEDPARAM [/rosout_disable_topics_generation] by /joint_state_publisher_gui
[rosmaster.master][INFO] 2026-03-11 22:28:30,164: +SERVICE [/camera/set_camera_info] /gazebo http://rera:38799/
[rosmaster.master][INFO] 2026-03-11 22:28:30,175: +SERVICE [/camera/set_parameters] /gazebo http://rera:38799/
[rosmaster.master][INFO] 2026-03-11 22:28:30,176: +PUB [/camera/parameter_descriptions] /gazebo http://rera:38799/
[rosmaster.master][INFO] 2026-03-11 22:28:30,179: +PUB [/camera/parameter_updates] /gazebo http://rera:38799/
[rosmaster.master][INFO] 2026-03-11 22:28:30,181: +PARAM [/camera/imager_rate] by /gazebo
[rosmaster.master][INFO] 2026-03-11 22:28:30,183: +PARAM [/camera/imager_rate] by /gazebo
[rosmaster.master][INFO] 2026-03-11 22:28:30,185: +PUB [/camera/imu] /gazebo http://rera:38799/
[rosmaster.master][INFO] 2026-03-11 22:28:30,187: +PARAM [/camera/imager_rate] by /gazebo
[rosmaster.master][INFO] 2026-03-11 22:28:30,188: +PARAM [/camera/imager_rate] by /gazebo
[rosmaster.master][INFO] 2026-03-11 22:28:30,241: +PUB [/camera/depth/image_raw/compressedDepth] /gazebo http://rera:38799/
[rosmaster.master][INFO] 2026-03-11 22:28:30,242: +PUB [/camera/color/image_raw/compressedDepth] /gazebo http://rera:38799/
[rosmaster.master][INFO] 2026-03-11 22:28:30,243: +SERVICE [/camera/depth/image_raw/compressedDepth/set_parameters] /gazebo http://rera:38799/
[rosmaster.master][INFO] 2026-03-11 22:28:30,244: +PUB [/camera/depth/image_raw/compressedDepth/parameter_descriptions] /gazebo http://rera:38799/
[rosmaster.master][INFO] 2026-03-11 22:28:30,244: +SERVICE [/camera/color/image_raw/compressedDepth/set_parameters] /gazebo http://rera:38799/
[rosmaster.master][INFO] 2026-03-11 22:28:30,245: +PUB [/camera/depth/image_raw/compressedDepth/parameter_updates] /gazebo http://rera:38799/
[rosmaster.master][INFO] 2026-03-11 22:28:30,245: +PUB [/camera/color/image_raw/compressedDepth/parameter_descriptions] /gazebo http://rera:38799/
[rosmaster.master][INFO] 2026-03-11 22:28:30,246: +PUB [/camera/color/image_raw/compressedDepth/parameter_updates] /gazebo http://rera:38799/
[rosmaster.master][INFO] 2026-03-11 22:28:30,248: +PARAM [/camera/depth/image_raw/compressedDepth/format] by /gazebo
[rosmaster.master][INFO] 2026-03-11 22:28:30,249: +PARAM [/camera/depth/image_raw/compressedDepth/depth_max] by /gazebo
[rosmaster.master][INFO] 2026-03-11 22:28:30,249: +PARAM [/camera/depth/image_raw/compressedDepth/depth_quantization] by /gazebo
[rosmaster.master][INFO] 2026-03-11 22:28:30,250: +PARAM [/camera/depth/image_raw/compressedDepth/png_level] by /gazebo
[rosmaster.master][INFO] 2026-03-11 22:28:30,251: +PARAM [/camera/color/image_raw/compressedDepth/format] by /gazebo
[rosmaster.master][INFO] 2026-03-11 22:28:30,251: +PARAM [/camera/color/image_raw/compressedDepth/depth_max] by /gazebo
[rosmaster.master][INFO] 2026-03-11 22:28:30,252: +PARAM [/camera/color/image_raw/compressedDepth/depth_quantization] by /gazebo
[rosmaster.master][INFO] 2026-03-11 22:28:30,252: +PARAM [/camera/color/image_raw/compressedDepth/png_level] by /gazebo
[rosmaster.master][INFO] 2026-03-11 22:28:30,253: +PARAM [/camera/color/image_raw/compressedDepth/format] by /gazebo
[rosmaster.master][INFO] 2026-03-11 22:28:30,253: +PARAM [/camera/color/image_raw/compressedDepth/depth_max] by /gazebo
[rosmaster.master][INFO] 2026-03-11 22:28:30,254: +PARAM [/camera/color/image_raw/compressedDepth/depth_quantization] by /gazebo
[rosmaster.master][INFO] 2026-03-11 22:28:30,255: +PARAM [/camera/color/image_raw/compressedDepth/png_level] by /gazebo
[rosmaster.master][INFO] 2026-03-11 22:28:30,256: +PARAM [/camera/depth/image_raw/compressedDepth/format] by /gazebo
[rosmaster.master][INFO] 2026-03-11 22:28:30,257: +PARAM [/camera/depth/image_raw/compressedDepth/depth_max] by /gazebo
[rosmaster.master][INFO] 2026-03-11 22:28:30,257: +PARAM [/camera/depth/image_raw/compressedDepth/depth_quantization] by /gazebo
[rosmaster.master][INFO] 2026-03-11 22:28:30,258: +PARAM [/camera/depth/image_raw/compressedDepth/png_level] by /gazebo
[rosmaster.master][INFO] 2026-03-11 22:28:30,259: +PUB [/camera/color/image_raw/compressed] /gazebo http://rera:38799/
[rosmaster.master][INFO] 2026-03-11 22:28:30,259: +PUB [/camera/depth/image_raw/compressed] /gazebo http://rera:38799/
[rosmaster.master][INFO] 2026-03-11 22:28:30,260: +SERVICE [/camera/color/image_raw/compressed/set_parameters] /gazebo http://rera:38799/
[rosmaster.master][INFO] 2026-03-11 22:28:30,260: +PUB [/camera/color/image_raw/compressed/parameter_descriptions] /gazebo http://rera:38799/
[rosmaster.master][INFO] 2026-03-11 22:28:30,261: +SERVICE [/camera/depth/image_raw/compressed/set_parameters] /gazebo http://rera:38799/
[rosmaster.master][INFO] 2026-03-11 22:28:30,262: +PUB [/camera/color/image_raw/compressed/parameter_updates] /gazebo http://rera:38799/
[rosmaster.master][INFO] 2026-03-11 22:28:30,262: +PUB [/camera/depth/image_raw/compressed/parameter_descriptions] /gazebo http://rera:38799/
[rosmaster.master][INFO] 2026-03-11 22:28:30,263: +PUB [/camera/depth/image_raw/compressed/parameter_updates] /gazebo http://rera:38799/
[rosmaster.master][INFO] 2026-03-11 22:28:30,267: +PARAM [/camera/color/image_raw/compressed/format] by /gazebo
[rosmaster.master][INFO] 2026-03-11 22:28:30,268: +PARAM [/camera/color/image_raw/compressed/jpeg_quality] by /gazebo
[rosmaster.master][INFO] 2026-03-11 22:28:30,268: +PARAM [/camera/color/image_raw/compressed/jpeg_progressive] by /gazebo
[rosmaster.master][INFO] 2026-03-11 22:28:30,269: +PARAM [/camera/color/image_raw/compressed/jpeg_optimize] by /gazebo
[rosmaster.master][INFO] 2026-03-11 22:28:30,269: +PARAM [/camera/color/image_raw/compressed/jpeg_restart_interval] by /gazebo
[rosmaster.master][INFO] 2026-03-11 22:28:30,270: +PARAM [/camera/color/image_raw/compressed/png_level] by /gazebo
[rosmaster.master][INFO] 2026-03-11 22:28:30,271: +PARAM [/camera/depth/image_raw/compressed/format] by /gazebo
[rosmaster.master][INFO] 2026-03-11 22:28:30,272: +PARAM [/camera/depth/image_raw/compressed/jpeg_quality] by /gazebo
[rosmaster.master][INFO] 2026-03-11 22:28:30,272: +PARAM [/camera/depth/image_raw/compressed/jpeg_progressive] by /gazebo
[rosmaster.master][INFO] 2026-03-11 22:28:30,273: +PARAM [/camera/depth/image_raw/compressed/jpeg_optimize] by /gazebo
[rosmaster.master][INFO] 2026-03-11 22:28:30,274: +PARAM [/camera/depth/image_raw/compressed/jpeg_restart_interval] by /gazebo
[rosmaster.master][INFO] 2026-03-11 22:28:30,274: +PARAM [/camera/depth/image_raw/compressed/png_level] by /gazebo
[rosmaster.master][INFO] 2026-03-11 22:28:30,275: +PARAM [/camera/depth/image_raw/compressed/format] by /gazebo
[rosmaster.master][INFO] 2026-03-11 22:28:30,276: +PARAM [/camera/depth/image_raw/compressed/jpeg_quality] by /gazebo
[rosmaster.master][INFO] 2026-03-11 22:28:30,277: +PARAM [/camera/depth/image_raw/compressed/jpeg_progressive] by /gazebo
[rosmaster.master][INFO] 2026-03-11 22:28:30,277: +PARAM [/camera/depth/image_raw/compressed/jpeg_optimize] by /gazebo
[rosmaster.master][INFO] 2026-03-11 22:28:30,278: +PARAM [/camera/depth/image_raw/compressed/jpeg_restart_interval] by /gazebo
[rosmaster.master][INFO] 2026-03-11 22:28:30,279: +PARAM [/camera/depth/image_raw/compressed/png_level] by /gazebo
[rosmaster.master][INFO] 2026-03-11 22:28:30,279: +PARAM [/camera/color/image_raw/compressed/format] by /gazebo
[rosmaster.master][INFO] 2026-03-11 22:28:30,280: +PARAM [/camera/color/image_raw/compressed/jpeg_quality] by /gazebo
[rosmaster.master][INFO] 2026-03-11 22:28:30,281: +PARAM [/camera/color/image_raw/compressed/jpeg_progressive] by /gazebo
[rosmaster.master][INFO] 2026-03-11 22:28:30,282: +PUB [/camera/depth/image_raw] /gazebo http://rera:38799/
[rosmaster.master][INFO] 2026-03-11 22:28:30,283: +PARAM [/camera/color/image_raw/compressed/jpeg_optimize] by /gazebo
[rosmaster.master][INFO] 2026-03-11 22:28:30,284: +PARAM [/camera/color/image_raw/compressed/jpeg_restart_interval] by /gazebo
[rosmaster.master][INFO] 2026-03-11 22:28:30,284: +PARAM [/camera/color/image_raw/compressed/png_level] by /gazebo
[rosmaster.master][INFO] 2026-03-11 22:28:30,286: +PUB [/camera/depth/image_raw/theora] /gazebo http://rera:38799/
[rosmaster.master][INFO] 2026-03-11 22:28:30,287: +PUB [/camera/color/image_raw] /gazebo http://rera:38799/
[rosmaster.master][INFO] 2026-03-11 22:28:30,288: +SERVICE [/camera/depth/image_raw/theora/set_parameters] /gazebo http://rera:38799/
[rosmaster.master][INFO] 2026-03-11 22:28:30,288: +PUB [/camera/color/image_raw/theora] /gazebo http://rera:38799/
[rosmaster.master][INFO] 2026-03-11 22:28:30,289: +PUB [/camera/depth/image_raw/theora/parameter_descriptions] /gazebo http://rera:38799/
[rosmaster.master][INFO] 2026-03-11 22:28:30,289: +SERVICE [/camera/color/image_raw/theora/set_parameters] /gazebo http://rera:38799/
[rosmaster.master][INFO] 2026-03-11 22:28:30,290: +PUB [/camera/depth/image_raw/theora/parameter_updates] /gazebo http://rera:38799/
[rosmaster.master][INFO] 2026-03-11 22:28:30,290: +PUB [/camera/color/image_raw/theora/parameter_descriptions] /gazebo http://rera:38799/
[rosmaster.master][INFO] 2026-03-11 22:28:30,291: +PUB [/camera/color/image_raw/theora/parameter_updates] /gazebo http://rera:38799/
[rosmaster.master][INFO] 2026-03-11 22:28:30,292: +PARAM [/camera/depth/image_raw/theora/optimize_for] by /gazebo
[rosmaster.master][INFO] 2026-03-11 22:28:30,293: +PARAM [/camera/depth/image_raw/theora/target_bitrate] by /gazebo
[rosmaster.master][INFO] 2026-03-11 22:28:30,294: +PARAM [/camera/depth/image_raw/theora/quality] by /gazebo
[rosmaster.master][INFO] 2026-03-11 22:28:30,295: +PARAM [/camera/depth/image_raw/theora/keyframe_frequency] by /gazebo
[rosmaster.master][INFO] 2026-03-11 22:28:30,295: +PARAM [/camera/color/image_raw/theora/optimize_for] by /gazebo
[rosmaster.master][INFO] 2026-03-11 22:28:30,296: +PARAM [/camera/color/image_raw/theora/target_bitrate] by /gazebo
[rosmaster.master][INFO] 2026-03-11 22:28:30,296: +PARAM [/camera/color/image_raw/theora/quality] by /gazebo
[rosmaster.master][INFO] 2026-03-11 22:28:30,297: +PARAM [/camera/color/image_raw/theora/keyframe_frequency] by /gazebo
[rosmaster.master][INFO] 2026-03-11 22:28:30,298: +PARAM [/camera/color/image_raw/theora/optimize_for] by /gazebo
[rosmaster.master][INFO] 2026-03-11 22:28:30,298: +PARAM [/camera/color/image_raw/theora/target_bitrate] by /gazebo
[rosmaster.master][INFO] 2026-03-11 22:28:30,299: +PARAM [/camera/color/image_raw/theora/quality] by /gazebo
[rosmaster.master][INFO] 2026-03-11 22:28:30,299: +PARAM [/camera/color/image_raw/theora/keyframe_frequency] by /gazebo
[rosmaster.master][INFO] 2026-03-11 22:28:30,300: +PARAM [/camera/depth/image_raw/theora/optimize_for] by /gazebo
[rosmaster.master][INFO] 2026-03-11 22:28:30,300: +PUB [/camera/color/camera_info] /gazebo http://rera:38799/
[rosmaster.master][INFO] 2026-03-11 22:28:30,301: +PARAM [/camera/depth/image_raw/theora/target_bitrate] by /gazebo
[rosmaster.master][INFO] 2026-03-11 22:28:30,301: +PARAM [/camera/depth/image_raw/theora/quality] by /gazebo
[rosmaster.master][INFO] 2026-03-11 22:28:30,302: +PARAM [/camera/depth/image_raw/theora/keyframe_frequency] by /gazebo
[rosmaster.master][INFO] 2026-03-11 22:28:30,303: +PUB [/camera/depth/camera_info] /gazebo http://rera:38799/
[rosmaster.master][INFO] 2026-03-11 22:28:30,304: +PUB [/camera/depth/points] /gazebo http://rera:38799/
[rosmaster.master][INFO] 2026-03-11 22:28:55,037: +PUB [/velodyne_points] /gazebo http://rera:38799/
[rosmaster.master][INFO] 2026-03-11 22:28:55,044: +CACHEDPARAM [/rosout_disable_topics_generation] by /spawn_model
[rosmaster.master][INFO] 2026-03-11 22:28:55,044: +PARAM [/gazebo/time_step] by /gazebo
[rosmaster.master][INFO] 2026-03-11 22:28:55,046: -SUB [/clock] /spawn_model http://rera:40967/
[rosmaster.master][INFO] 2026-03-11 22:28:55,047: -PUB [/rosout] /spawn_model http://rera:40967/
[rosmaster.master][INFO] 2026-03-11 22:28:55,047: -SERVICE [/spawn_model/get_loggers] /spawn_model rosrpc://rera:43155
[rosmaster.master][INFO] 2026-03-11 22:28:55,047: -SERVICE [/spawn_model/set_logger_level] /spawn_model rosrpc://rera:43155
[rosmaster.master][INFO] 2026-03-11 22:28:55,047: +PARAM [/gazebo/max_update_rate] by /gazebo
[rosmaster.master][INFO] 2026-03-11 22:28:55,048: +PARAM [/gazebo/gravity_x] by /gazebo
[rosmaster.master][INFO] 2026-03-11 22:28:55,049: +PARAM [/gazebo/gravity_y] by /gazebo
[rosmaster.master][INFO] 2026-03-11 22:28:55,049: +PARAM [/gazebo/gravity_z] by /gazebo
[rosmaster.master][INFO] 2026-03-11 22:28:55,050: +PARAM [/gazebo/auto_disable_bodies] by /gazebo
[rosmaster.master][INFO] 2026-03-11 22:28:55,051: +PARAM [/gazebo/sor_pgs_precon_iters] by /gazebo
[rosmaster.master][INFO] 2026-03-11 22:28:55,052: +PARAM [/gazebo/sor_pgs_iters] by /gazebo
[rosmaster.master][INFO] 2026-03-11 22:28:55,052: +PARAM [/gazebo/sor_pgs_w] by /gazebo
[rosmaster.master][INFO] 2026-03-11 22:28:55,053: +PARAM [/gazebo/sor_pgs_rms_error_tol] by /gazebo
[rosmaster.master][INFO] 2026-03-11 22:28:55,054: +PARAM [/gazebo/cfm] by /gazebo
[rosmaster.master][INFO] 2026-03-11 22:28:55,055: +PARAM [/gazebo/erp] by /gazebo
[rosmaster.master][INFO] 2026-03-11 22:28:55,055: +PARAM [/gazebo/contact_surface_layer] by /gazebo
[rosmaster.master][INFO] 2026-03-11 22:28:55,056: +PARAM [/gazebo/contact_max_correcting_vel] by /gazebo
[rosmaster.master][INFO] 2026-03-11 22:28:55,057: +PARAM [/gazebo/max_contacts] by /gazebo
[rosmaster.master][ERROR] 2026-03-11 22:28:56,951: Traceback (most recent call last):
  File "/opt/ros/noetic/lib/python3/dist-packages/rosmaster/master_api.py", line 177, in validated_f
    code, msg, val = f(*newArgs, **kwds)
  File "/opt/ros/noetic/lib/python3/dist-packages/rosmaster/master_api.py", line 435, in searchParam
    search_key = self.param_server.search_param(caller_id, key)
  File "/opt/ros/noetic/lib/python3/dist-packages/rosmaster/paramserver.py", line 116, in search_param
    raise ValueError("namespace must be global")
ValueError: namespace must be global

[rosmaster.master][INFO] 2026-03-11 22:28:56,952: +PUB [/tf] /gazebo http://rera:38799/
[rosmaster.master][INFO] 2026-03-11 22:28:56,955: +SUB [/cmd_vel] /gazebo http://rera:38799/
[rosmaster.master][INFO] 2026-03-11 22:28:56,956: +PUB [/odom] /gazebo http://rera:38799/
[rosmaster.master][INFO] 2026-03-11 22:29:30,625: +PARAM [/roslaunch/uris/host_rera__36939] by /roslaunch
[rosmaster.master][INFO] 2026-03-11 22:29:30,630: +PARAM [/rosversion] by /roslaunch
[rosmaster.master][INFO] 2026-03-11 22:29:30,630: +PARAM [/rosdistro] by /roslaunch
[rosmaster.master][INFO] 2026-03-11 22:29:30,630: +PARAM [/common/lid_topic] by /roslaunch
[rosmaster.master][INFO] 2026-03-11 22:29:30,630: +PARAM [/common/imu_topic] by /roslaunch
[rosmaster.master][INFO] 2026-03-11 22:29:30,631: +PARAM [/common/time_sync_en] by /roslaunch
[rosmaster.master][INFO] 2026-03-11 22:29:30,631: +PARAM [/common/time_offset_lidar_to_imu] by /roslaunch
[rosmaster.master][INFO] 2026-03-11 22:29:30,631: +PARAM [/preprocess/lidar_type] by /roslaunch
[rosmaster.master][INFO] 2026-03-11 22:29:30,631: +PARAM [/preprocess/scan_line] by /roslaunch
[rosmaster.master][INFO] 2026-03-11 22:29:30,631: +PARAM [/preprocess/scan_rate] by /roslaunch
[rosmaster.master][INFO] 2026-03-11 22:29:30,631: +PARAM [/preprocess/timestamp_unit] by /roslaunch
[rosmaster.master][INFO] 2026-03-11 22:29:30,631: +PARAM [/preprocess/blind] by /roslaunch
[rosmaster.master][INFO] 2026-03-11 22:29:30,631: +PARAM [/mapping/acc_cov] by /roslaunch
[rosmaster.master][INFO] 2026-03-11 22:29:30,631: +PARAM [/mapping/gyr_cov] by /roslaunch
[rosmaster.master][INFO] 2026-03-11 22:29:30,631: +PARAM [/mapping/b_acc_cov] by /roslaunch
[rosmaster.master][INFO] 2026-03-11 22:29:30,631: +PARAM [/mapping/b_gyr_cov] by /roslaunch
[rosmaster.master][INFO] 2026-03-11 22:29:30,632: +PARAM [/mapping/fov_degree] by /roslaunch
[rosmaster.master][INFO] 2026-03-11 22:29:30,632: +PARAM [/mapping/det_range] by /roslaunch
[rosmaster.master][INFO] 2026-03-11 22:29:30,632: +PARAM [/mapping/extrinsic_est_en] by /roslaunch
[rosmaster.master][INFO] 2026-03-11 22:29:30,632: +PARAM [/mapping/extrinsic_T] by /roslaunch
[rosmaster.master][INFO] 2026-03-11 22:29:30,632: +PARAM [/mapping/extrinsic_R] by /roslaunch
[rosmaster.master][INFO] 2026-03-11 22:29:30,632: +PARAM [/publish/path_en] by /roslaunch
[rosmaster.master][INFO] 2026-03-11 22:29:30,632: +PARAM [/publish/scan_publish_en] by /roslaunch
[rosmaster.master][INFO] 2026-03-11 22:29:30,632: +PARAM [/publish/dense_publish_en] by /roslaunch
[rosmaster.master][INFO] 2026-03-11 22:29:30,632: +PARAM [/publish/scan_bodyframe_pub_en] by /roslaunch
[rosmaster.master][INFO] 2026-03-11 22:29:30,632: +PARAM [/pcd_save/pcd_save_en] by /roslaunch
[rosmaster.master][INFO] 2026-03-11 22:29:30,632: +PARAM [/pcd_save/interval] by /roslaunch
[rosmaster.master][INFO] 2026-03-11 22:29:30,633: +PARAM [/feature_extract_enable] by /roslaunch
[rosmaster.master][INFO] 2026-03-11 22:29:30,633: +PARAM [/point_filter_num] by /roslaunch
[rosmaster.master][INFO] 2026-03-11 22:29:30,633: +PARAM [/max_iteration] by /roslaunch
[rosmaster.master][INFO] 2026-03-11 22:29:30,633: +PARAM [/filter_size_surf] by /roslaunch
[rosmaster.master][INFO] 2026-03-11 22:29:30,633: +PARAM [/filter_size_map] by /roslaunch
[rosmaster.master][INFO] 2026-03-11 22:29:30,633: +PARAM [/cube_side_length] by /roslaunch
[rosmaster.master][INFO] 2026-03-11 22:29:30,633: +PARAM [/runtime_pos_log_enable] by /roslaunch
[rosmaster.master][INFO] 2026-03-11 22:29:31,080: +PUB [/rosout] /laserMapping http://rera:44629/
[rosmaster.master][INFO] 2026-03-11 22:29:31,081: +SERVICE [/laserMapping/get_loggers] /laserMapping http://rera:44629/
[rosmaster.master][INFO] 2026-03-11 22:29:31,081: +SERVICE [/laserMapping/set_logger_level] /laserMapping http://rera:44629/
[rosmaster.master][INFO] 2026-03-11 22:29:31,085: +SUB [/clock] /laserMapping http://rera:44629/
[rosmaster.master][INFO] 2026-03-11 22:29:31,129: +SUB [/velodyne_points] /laserMapping http://rera:44629/
[rosmaster.master][INFO] 2026-03-11 22:29:31,132: +SUB [/camera/imu] /laserMapping http://rera:44629/
[rosmaster.master][INFO] 2026-03-11 22:29:31,133: +PUB [/cloud_registered] /laserMapping http://rera:44629/
[rosmaster.master][INFO] 2026-03-11 22:29:31,133: +PUB [/cloud_registered_body] /laserMapping http://rera:44629/
[rosmaster.master][INFO] 2026-03-11 22:29:31,134: +PUB [/cloud_effected] /laserMapping http://rera:44629/
[rosmaster.master][INFO] 2026-03-11 22:29:31,135: +PUB [/Laser_map] /laserMapping http://rera:44629/
[rosmaster.master][INFO] 2026-03-11 22:29:31,136: +PUB [/Odometry] /laserMapping http://rera:44629/
[rosmaster.master][INFO] 2026-03-11 22:29:31,136: +PUB [/path] /laserMapping http://rera:44629/
[rosmaster.master][INFO] 2026-03-11 22:29:32,662: +CACHEDPARAM [/rosout_disable_topics_generation] by /laserMapping
[rosmaster.master][INFO] 2026-03-11 22:29:33,482: +PUB [/tf] /laserMapping http://rera:44629/
[rosmaster.master][INFO] 2026-03-11 22:29:35,330: +PUB [/rosout] /rviz_1773239375325005578 http://rera:42759/
[rosmaster.master][INFO] 2026-03-11 22:29:35,331: +SERVICE [/rviz_1773239375325005578/get_loggers] /rviz_1773239375325005578 http://rera:42759/
[rosmaster.master][INFO] 2026-03-11 22:29:35,332: +SERVICE [/rviz_1773239375325005578/set_logger_level] /rviz_1773239375325005578 http://rera:42759/
[rosmaster.master][INFO] 2026-03-11 22:29:35,339: +SUB [/clock] /rviz_1773239375325005578 http://rera:42759/
[rosmaster.master][INFO] 2026-03-11 22:29:35,340: +CACHEDPARAM [/rosout_disable_topics_generation] by /rviz_1773239375325005578
[rosmaster.master][INFO] 2026-03-11 22:29:36,148: +SUB [/tf] /rviz_1773239375325005578 http://rera:42759/
[rosmaster.master][INFO] 2026-03-11 22:29:36,152: +SUB [/tf_static] /rviz_1773239375325005578 http://rera:42759/
[rosmaster.master][INFO] 2026-03-11 22:29:36,187: +PUB [/initialpose] /rviz_1773239375325005578 http://rera:42759/
[rosmaster.master][INFO] 2026-03-11 22:29:36,189: +PUB [/goal] /rviz_1773239375325005578 http://rera:42759/
[rosmaster.master][INFO] 2026-03-11 22:29:36,192: -PUB [/goal] /rviz_1773239375325005578 http://rera:42759/
[rosmaster.master][INFO] 2026-03-11 22:29:36,193: -PUB [/initialpose] /rviz_1773239375325005578 http://rera:42759/
[rosmaster.master][INFO] 2026-03-11 22:29:36,197: +PUB [/initialpose] /rviz_1773239375325005578 http://rera:42759/
[rosmaster.master][INFO] 2026-03-11 22:29:36,198: +PUB [/goal] /rviz_1773239375325005578 http://rera:42759/
[rosmaster.master][INFO] 2026-03-11 22:29:36,199: +PUB [/move_base_simple/goal] /rviz_1773239375325005578 http://rera:42759/
[rosmaster.master][INFO] 2026-03-11 22:29:36,200: -PUB [/goal] /rviz_1773239375325005578 http://rera:42759/
[rosmaster.master][INFO] 2026-03-11 22:29:36,200: +PUB [/clicked_point] /rviz_1773239375325005578 http://rera:42759/
[rosmaster.master][INFO] 2026-03-11 22:29:36,277: +SERVICE [/rviz_1773239375325005578/reload_shaders] /rviz_1773239375325005578 http://rera:42759/
[rosmaster.master][INFO] 2026-03-11 22:29:36,278: +SERVICE [/rviz_1773239375325005578/load_config] /rviz_1773239375325005578 http://rera:42759/
[rosmaster.master][INFO] 2026-03-11 22:29:36,279: +SERVICE [/rviz_1773239375325005578/load_config_discarding_changes] /rviz_1773239375325005578 http://rera:42759/
[rosmaster.master][INFO] 2026-03-11 22:29:36,279: +SERVICE [/rviz_1773239375325005578/save_config] /rviz_1773239375325005578 http://rera:42759/
[rosmaster.master][INFO] 2026-03-11 22:31:45,836: +PUB [/rosout] /tf_echo_1773239505831622401 http://rera:39197/
[rosmaster.master][INFO] 2026-03-11 22:31:45,837: +SERVICE [/tf_echo_1773239505831622401/get_loggers] /tf_echo_1773239505831622401 http://rera:39197/
[rosmaster.master][INFO] 2026-03-11 22:31:45,838: +SERVICE [/tf_echo_1773239505831622401/set_logger_level] /tf_echo_1773239505831622401 http://rera:39197/
[rosmaster.master][INFO] 2026-03-11 22:31:45,842: +SUB [/clock] /tf_echo_1773239505831622401 http://rera:39197/
[rosmaster.master][INFO] 2026-03-11 22:31:45,847: +SUB [/tf] /tf_echo_1773239505831622401 http://rera:39197/
[rosmaster.master][INFO] 2026-03-11 22:31:45,851: +SUB [/tf_static] /tf_echo_1773239505831622401 http://rera:39197/
[rosmaster.master][INFO] 2026-03-11 22:31:47,056: +PUB [/rosout] /rostopic_43380_1773239506836 http://rera:35407/
[rosmaster.master][INFO] 2026-03-11 22:31:47,061: +SUB [/clock] /rostopic_43380_1773239506836 http://rera:35407/
[rosmaster.master][INFO] 2026-03-11 22:31:47,066: +SERVICE [/rostopic_43380_1773239506836/get_loggers] /rostopic_43380_1773239506836 http://rera:35407/
[rosmaster.master][INFO] 2026-03-11 22:31:47,068: +SERVICE [/rostopic_43380_1773239506836/set_logger_level] /rostopic_43380_1773239506836 http://rera:35407/
[rosmaster.master][INFO] 2026-03-11 22:31:47,108: +SUB [/velodyne_points] /rostopic_43380_1773239506836 http://rera:35407/
[rosmaster.master][INFO] 2026-03-11 22:31:47,313: -SUB [/clock] /rostopic_43380_1773239506836 http://rera:35407/
[rosmaster.master][INFO] 2026-03-11 22:31:47,314: -SUB [/velodyne_points] /rostopic_43380_1773239506836 http://rera:35407/
[rosmaster.master][INFO] 2026-03-11 22:31:47,314: -PUB [/rosout] /rostopic_43380_1773239506836 http://rera:35407/
[rosmaster.master][INFO] 2026-03-11 22:31:47,315: -SERVICE [/rostopic_43380_1773239506836/get_loggers] /rostopic_43380_1773239506836 rosrpc://rera:35861
[rosmaster.master][INFO] 2026-03-11 22:31:47,315: -SERVICE [/rostopic_43380_1773239506836/set_logger_level] /rostopic_43380_1773239506836 rosrpc://rera:35861
[rosmaster.master][INFO] 2026-03-11 22:31:47,608: +PUB [/rosout] /rostopic_43422_1773239507416 http://rera:33401/
[rosmaster.master][INFO] 2026-03-11 22:31:47,613: +SUB [/clock] /rostopic_43422_1773239507416 http://rera:33401/
[rosmaster.master][INFO] 2026-03-11 22:31:47,618: +SERVICE [/rostopic_43422_1773239507416/get_loggers] /rostopic_43422_1773239507416 http://rera:33401/
[rosmaster.master][INFO] 2026-03-11 22:31:47,620: +SERVICE [/rostopic_43422_1773239507416/set_logger_level] /rostopic_43422_1773239507416 http://rera:33401/
[rosmaster.master][INFO] 2026-03-11 22:31:47,661: +SUB [/cloud_registered] /rostopic_43422_1773239507416 http://rera:33401/
[rosmaster.master][INFO] 2026-03-11 22:31:47,952: +PUB [/rosout] /rostopic_43505_1773239507765 http://rera:42489/
[rosmaster.master][INFO] 2026-03-11 22:31:47,956: +SUB [/clock] /rostopic_43505_1773239507765 http://rera:42489/
[rosmaster.master][INFO] 2026-03-11 22:31:47,958: +SERVICE [/rostopic_43505_1773239507765/get_loggers] /rostopic_43505_1773239507765 http://rera:42489/
[rosmaster.master][INFO] 2026-03-11 22:31:47,961: +SERVICE [/rostopic_43505_1773239507765/set_logger_level] /rostopic_43505_1773239507765 http://rera:42489/
[rosmaster.master][INFO] 2026-03-11 22:31:47,966: -SUB [/clock] /rostopic_43422_1773239507416 http://rera:33401/
[rosmaster.master][INFO] 2026-03-11 22:31:47,966: -SUB [/cloud_registered] /rostopic_43422_1773239507416 http://rera:33401/
[rosmaster.master][INFO] 2026-03-11 22:31:47,966: -PUB [/rosout] /rostopic_43422_1773239507416 http://rera:33401/
[rosmaster.master][INFO] 2026-03-11 22:31:47,966: -SERVICE [/rostopic_43422_1773239507416/get_loggers] /rostopic_43422_1773239507416 rosrpc://rera:44245
[rosmaster.master][INFO] 2026-03-11 22:31:47,966: -SERVICE [/rostopic_43422_1773239507416/set_logger_level] /rostopic_43422_1773239507416 rosrpc://rera:44245
[rosmaster.master][INFO] 2026-03-11 22:31:48,029: +SUB [/Laser_map] /rostopic_43505_1773239507765 http://rera:42489/
[rosmaster.master][INFO] 2026-03-11 22:31:48,681: +PUB [/rosout] /rostopic_43601_1773239508541 http://rera:46655/
[rosmaster.master][INFO] 2026-03-11 22:31:48,686: +SUB [/clock] /rostopic_43601_1773239508541 http://rera:46655/
[rosmaster.master][INFO] 2026-03-11 22:31:48,695: +SERVICE [/rostopic_43601_1773239508541/get_loggers] /rostopic_43601_1773239508541 http://rera:46655/
[rosmaster.master][INFO] 2026-03-11 22:31:48,700: +SERVICE [/rostopic_43601_1773239508541/set_logger_level] /rostopic_43601_1773239508541 http://rera:46655/
[rosmaster.master][INFO] 2026-03-11 22:31:48,739: +SUB [/cloud_registered] /rostopic_43601_1773239508541 http://rera:46655/
[rosmaster.master][INFO] 2026-03-11 22:31:49,271: +PUB [/rosout] /rostopic_43664_1773239509094 http://rera:40271/
[rosmaster.master][INFO] 2026-03-11 22:31:49,277: +SUB [/clock] /rostopic_43664_1773239509094 http://rera:40271/
[rosmaster.master][INFO] 2026-03-11 22:31:49,284: +SERVICE [/rostopic_43664_1773239509094/get_loggers] /rostopic_43664_1773239509094 http://rera:40271/
[rosmaster.master][INFO] 2026-03-11 22:31:49,287: +SERVICE [/rostopic_43664_1773239509094/set_logger_level] /rostopic_43664_1773239509094 http://rera:40271/
[rosmaster.master][INFO] 2026-03-11 22:31:49,318: +SUB [/velodyne_points] /rostopic_43664_1773239509094 http://rera:40271/
[rosmaster.master][INFO] 2026-03-11 22:31:55,029: -SUB [/clock] /rostopic_43505_1773239507765 http://rera:42489/
[rosmaster.master][INFO] 2026-03-11 22:31:55,030: -SUB [/Laser_map] /rostopic_43505_1773239507765 http://rera:42489/
[rosmaster.master][INFO] 2026-03-11 22:31:55,030: -PUB [/rosout] /rostopic_43505_1773239507765 http://rera:42489/
[rosmaster.master][INFO] 2026-03-11 22:31:55,030: -SERVICE [/rostopic_43505_1773239507765/get_loggers] /rostopic_43505_1773239507765 rosrpc://rera:36189
[rosmaster.master][INFO] 2026-03-11 22:31:55,030: -SERVICE [/rostopic_43505_1773239507765/set_logger_level] /rostopic_43505_1773239507765 rosrpc://rera:36189
[rosmaster.master][INFO] 2026-03-11 22:31:55,803: -SUB [/clock] /rostopic_43601_1773239508541 http://rera:46655/
[rosmaster.master][INFO] 2026-03-11 22:31:55,803: -SUB [/cloud_registered] /rostopic_43601_1773239508541 http://rera:46655/
[rosmaster.master][INFO] 2026-03-11 22:31:55,803: -PUB [/rosout] /rostopic_43601_1773239508541 http://rera:46655/
[rosmaster.master][INFO] 2026-03-11 22:31:55,803: -SERVICE [/rostopic_43601_1773239508541/get_loggers] /rostopic_43601_1773239508541 rosrpc://rera:37125
[rosmaster.master][INFO] 2026-03-11 22:31:55,803: -SERVICE [/rostopic_43601_1773239508541/set_logger_level] /rostopic_43601_1773239508541 rosrpc://rera:37125
[rosmaster.master][INFO] 2026-03-11 22:31:56,372: -SUB [/clock] /rostopic_43664_1773239509094 http://rera:40271/
[rosmaster.master][INFO] 2026-03-11 22:31:56,372: -SUB [/velodyne_points] /rostopic_43664_1773239509094 http://rera:40271/
[rosmaster.master][INFO] 2026-03-11 22:31:56,372: -PUB [/rosout] /rostopic_43664_1773239509094 http://rera:40271/
[rosmaster.master][INFO] 2026-03-11 22:31:56,373: -SERVICE [/rostopic_43664_1773239509094/get_loggers] /rostopic_43664_1773239509094 rosrpc://rera:45157
[rosmaster.master][INFO] 2026-03-11 22:31:56,373: -SERVICE [/rostopic_43664_1773239509094/set_logger_level] /rostopic_43664_1773239509094 rosrpc://rera:45157
[rosmaster.master][INFO] 2026-03-11 22:33:10,581: +PUB [/rosout] /rostopic_43745_1773239590403 http://rera:35563/
[rosmaster.master][INFO] 2026-03-11 22:33:10,586: +SUB [/clock] /rostopic_43745_1773239590403 http://rera:35563/
[rosmaster.master][INFO] 2026-03-11 22:33:10,592: +SERVICE [/rostopic_43745_1773239590403/get_loggers] /rostopic_43745_1773239590403 http://rera:35563/
[rosmaster.master][INFO] 2026-03-11 22:33:10,595: +SERVICE [/rostopic_43745_1773239590403/set_logger_level] /rostopic_43745_1773239590403 http://rera:35563/
[rosmaster.master][INFO] 2026-03-11 22:33:10,646: +SUB [/Odometry] /rostopic_43745_1773239590403 http://rera:35563/
[rosmaster.master][INFO] 2026-03-11 22:33:11,049: -SUB [/clock] /rostopic_43745_1773239590403 http://rera:35563/
[rosmaster.master][INFO] 2026-03-11 22:33:11,049: -SUB [/Odometry] /rostopic_43745_1773239590403 http://rera:35563/
[rosmaster.master][INFO] 2026-03-11 22:33:11,049: -PUB [/rosout] /rostopic_43745_1773239590403 http://rera:35563/
[rosmaster.master][INFO] 2026-03-11 22:33:11,049: -SERVICE [/rostopic_43745_1773239590403/get_loggers] /rostopic_43745_1773239590403 rosrpc://rera:37501
[rosmaster.master][INFO] 2026-03-11 22:33:11,049: -SERVICE [/rostopic_43745_1773239590403/set_logger_level] /rostopic_43745_1773239590403 rosrpc://rera:37501
[rosmaster.master][INFO] 2026-03-11 22:33:11,316: +PUB [/rosout] /rostopic_43826_1773239591133 http://rera:41799/
[rosmaster.master][INFO] 2026-03-11 22:33:11,322: +SUB [/clock] /rostopic_43826_1773239591133 http://rera:41799/
[rosmaster.master][INFO] 2026-03-11 22:33:11,328: +SERVICE [/rostopic_43826_1773239591133/get_loggers] /rostopic_43826_1773239591133 http://rera:41799/
[rosmaster.master][INFO] 2026-03-11 22:33:11,332: +SERVICE [/rostopic_43826_1773239591133/set_logger_level] /rostopic_43826_1773239591133 http://rera:41799/
[rosmaster.master][INFO] 2026-03-11 22:33:11,400: +SUB [/tf] /rostopic_43826_1773239591133 http://rera:41799/
[rosmaster.master][INFO] 2026-03-11 22:33:12,645: +PUB [/rosout] /rostopic_43966_1773239592452 http://rera:46019/
[rosmaster.master][INFO] 2026-03-11 22:33:12,650: +SUB [/clock] /rostopic_43966_1773239592452 http://rera:46019/
[rosmaster.master][INFO] 2026-03-11 22:33:12,654: +SERVICE [/rostopic_43966_1773239592452/get_loggers] /rostopic_43966_1773239592452 http://rera:46019/
[rosmaster.master][INFO] 2026-03-11 22:33:12,656: +SERVICE [/rostopic_43966_1773239592452/set_logger_level] /rostopic_43966_1773239592452 http://rera:46019/
[rosmaster.master][INFO] 2026-03-11 22:33:12,684: +SUB [/Odometry] /rostopic_43966_1773239592452 http://rera:46019/
[rosmaster.master][INFO] 2026-03-11 22:33:18,466: -SUB [/clock] /rostopic_43826_1773239591133 http://rera:41799/
[rosmaster.master][INFO] 2026-03-11 22:33:18,466: -SUB [/tf] /rostopic_43826_1773239591133 http://rera:41799/
[rosmaster.master][INFO] 2026-03-11 22:33:18,466: -PUB [/rosout] /rostopic_43826_1773239591133 http://rera:41799/
[rosmaster.master][INFO] 2026-03-11 22:33:18,466: -SERVICE [/rostopic_43826_1773239591133/get_loggers] /rostopic_43826_1773239591133 rosrpc://rera:33849
[rosmaster.master][INFO] 2026-03-11 22:33:18,466: -SERVICE [/rostopic_43826_1773239591133/set_logger_level] /rostopic_43826_1773239591133 rosrpc://rera:33849
[rosmaster.master][INFO] 2026-03-11 22:33:19,700: -SUB [/clock] /rostopic_43966_1773239592452 http://rera:46019/
[rosmaster.master][INFO] 2026-03-11 22:33:19,700: -SUB [/Odometry] /rostopic_43966_1773239592452 http://rera:46019/
[rosmaster.master][INFO] 2026-03-11 22:33:19,701: -PUB [/rosout] /rostopic_43966_1773239592452 http://rera:46019/
[rosmaster.master][INFO] 2026-03-11 22:33:19,701: -SERVICE [/rostopic_43966_1773239592452/get_loggers] /rostopic_43966_1773239592452 rosrpc://rera:37761
[rosmaster.master][INFO] 2026-03-11 22:33:19,701: -SERVICE [/rostopic_43966_1773239592452/set_logger_level] /rostopic_43966_1773239592452 rosrpc://rera:37761
[rosmaster.master][INFO] 2026-03-11 22:34:52,007: +PUB [/rosout] /tf_echo_1773239692003545672 http://rera:38007/
[rosmaster.master][INFO] 2026-03-11 22:34:52,008: +SERVICE [/tf_echo_1773239692003545672/get_loggers] /tf_echo_1773239692003545672 http://rera:38007/
[rosmaster.master][INFO] 2026-03-11 22:34:52,009: +SERVICE [/tf_echo_1773239692003545672/set_logger_level] /tf_echo_1773239692003545672 http://rera:38007/
[rosmaster.master][INFO] 2026-03-11 22:34:52,015: +SUB [/clock] /tf_echo_1773239692003545672 http://rera:38007/
[rosmaster.master][INFO] 2026-03-11 22:34:52,022: +SUB [/tf] /tf_echo_1773239692003545672 http://rera:38007/
[rosmaster.master][INFO] 2026-03-11 22:34:52,027: +SUB [/tf_static] /tf_echo_1773239692003545672 http://rera:38007/
[rosmaster.master][INFO] 2026-03-11 22:35:54,311: +PUB [/rosout] /rostopic_44198_1773239754136 http://rera:43307/
[rosmaster.master][INFO] 2026-03-11 22:35:54,314: +SUB [/clock] /rostopic_44198_1773239754136 http://rera:43307/
[rosmaster.master][INFO] 2026-03-11 22:35:54,318: +SERVICE [/rostopic_44198_1773239754136/get_loggers] /rostopic_44198_1773239754136 http://rera:43307/
[rosmaster.master][INFO] 2026-03-11 22:35:54,320: +SERVICE [/rostopic_44198_1773239754136/set_logger_level] /rostopic_44198_1773239754136 http://rera:43307/
[rosmaster.master][INFO] 2026-03-11 22:35:54,363: +SUB [/cloud_registered] /rostopic_44198_1773239754136 http://rera:43307/
[rosmaster.master][INFO] 2026-03-11 22:35:54,767: -SUB [/clock] /rostopic_44198_1773239754136 http://rera:43307/
[rosmaster.master][INFO] 2026-03-11 22:35:54,767: -SUB [/cloud_registered] /rostopic_44198_1773239754136 http://rera:43307/
[rosmaster.master][INFO] 2026-03-11 22:35:54,767: -PUB [/rosout] /rostopic_44198_1773239754136 http://rera:43307/
[rosmaster.master][INFO] 2026-03-11 22:35:54,767: -SERVICE [/rostopic_44198_1773239754136/get_loggers] /rostopic_44198_1773239754136 rosrpc://rera:37155
[rosmaster.master][INFO] 2026-03-11 22:35:54,767: -SERVICE [/rostopic_44198_1773239754136/set_logger_level] /rostopic_44198_1773239754136 rosrpc://rera:37155
[rosmaster.master][INFO] 2026-03-11 22:35:56,444: +PUB [/rosout] /rostopic_44179_1773239756268 http://rera:41977/
[rosmaster.master][INFO] 2026-03-11 22:35:56,448: +SUB [/clock] /rostopic_44179_1773239756268 http://rera:41977/
[rosmaster.master][INFO] 2026-03-11 22:35:56,451: +SERVICE [/rostopic_44179_1773239756268/get_loggers] /rostopic_44179_1773239756268 http://rera:41977/
[rosmaster.master][INFO] 2026-03-11 22:35:56,453: +SERVICE [/rostopic_44179_1773239756268/set_logger_level] /rostopic_44179_1773239756268 http://rera:41977/
[rosmaster.master][INFO] 2026-03-11 22:35:56,483: +SUB [/cloud_registered] /rostopic_44179_1773239756268 http://rera:41977/
[rosmaster.master][INFO] 2026-03-11 22:35:56,685: -SUB [/clock] /rostopic_44179_1773239756268 http://rera:41977/
[rosmaster.master][INFO] 2026-03-11 22:35:56,685: -SUB [/cloud_registered] /rostopic_44179_1773239756268 http://rera:41977/
[rosmaster.master][INFO] 2026-03-11 22:35:56,685: -PUB [/rosout] /rostopic_44179_1773239756268 http://rera:41977/
[rosmaster.master][INFO] 2026-03-11 22:35:56,686: -SERVICE [/rostopic_44179_1773239756268/get_loggers] /rostopic_44179_1773239756268 rosrpc://rera:41599
[rosmaster.master][INFO] 2026-03-11 22:35:56,686: -SERVICE [/rostopic_44179_1773239756268/set_logger_level] /rostopic_44179_1773239756268 rosrpc://rera:41599
[rosmaster.master][INFO] 2026-03-11 22:38:05,857: +PUB [/rosout] /tf_echo_1773239885852862612 http://rera:46795/
[rosmaster.master][INFO] 2026-03-11 22:38:05,858: +SERVICE [/tf_echo_1773239885852862612/get_loggers] /tf_echo_1773239885852862612 http://rera:46795/
[rosmaster.master][INFO] 2026-03-11 22:38:05,859: +SERVICE [/tf_echo_1773239885852862612/set_logger_level] /tf_echo_1773239885852862612 http://rera:46795/
[rosmaster.master][INFO] 2026-03-11 22:38:05,866: +SUB [/clock] /tf_echo_1773239885852862612 http://rera:46795/
[rosmaster.master][INFO] 2026-03-11 22:38:05,871: +SUB [/tf] /tf_echo_1773239885852862612 http://rera:46795/
[rosmaster.master][INFO] 2026-03-11 22:38:05,877: +SUB [/tf_static] /tf_echo_1773239885852862612 http://rera:46795/
[rosmaster.master][INFO] 2026-03-11 22:38:54,805: +PUB [/rosout] /rostopic_44615_1773239934623 http://rera:36991/
[rosmaster.master][INFO] 2026-03-11 22:38:54,808: +SUB [/clock] /rostopic_44615_1773239934623 http://rera:36991/
[rosmaster.master][INFO] 2026-03-11 22:38:54,811: +SERVICE [/rostopic_44615_1773239934623/get_loggers] /rostopic_44615_1773239934623 http://rera:36991/
[rosmaster.master][INFO] 2026-03-11 22:38:54,814: +SERVICE [/rostopic_44615_1773239934623/set_logger_level] /rostopic_44615_1773239934623 http://rera:36991/
[rosmaster.master][INFO] 2026-03-11 22:38:54,839: +SUB [/tf] /rostopic_44615_1773239934623 http://rera:36991/
[rosmaster.master][INFO] 2026-03-11 22:38:57,952: -SUB [/clock] /rostopic_44615_1773239934623 http://rera:36991/
[rosmaster.master][INFO] 2026-03-11 22:38:57,952: -SUB [/tf] /rostopic_44615_1773239934623 http://rera:36991/
[rosmaster.master][INFO] 2026-03-11 22:38:57,952: -PUB [/rosout] /rostopic_44615_1773239934623 http://rera:36991/
[rosmaster.master][INFO] 2026-03-11 22:38:57,952: -SERVICE [/rostopic_44615_1773239934623/get_loggers] /rostopic_44615_1773239934623 rosrpc://rera:39283
[rosmaster.master][INFO] 2026-03-11 22:38:57,952: -SERVICE [/rostopic_44615_1773239934623/set_logger_level] /rostopic_44615_1773239934623 rosrpc://rera:39283
[rosmaster.master][INFO] 2026-03-11 22:41:31,633: +PUB [/rosout] /rostopic_44706_1773240091557 http://rera:44485/
[rosmaster.master][INFO] 2026-03-11 22:41:31,637: +SUB [/clock] /rostopic_44706_1773240091557 http://rera:44485/
[rosmaster.master][INFO] 2026-03-11 22:41:31,639: +SERVICE [/rostopic_44706_1773240091557/get_loggers] /rostopic_44706_1773240091557 http://rera:44485/
[rosmaster.master][INFO] 2026-03-11 22:41:31,641: +SERVICE [/rostopic_44706_1773240091557/set_logger_level] /rostopic_44706_1773240091557 http://rera:44485/
[rosmaster.master][INFO] 2026-03-11 22:41:31,668: +SUB [/tf_static] /rostopic_44706_1773240091557 http://rera:44485/
[rosmaster.master][INFO] 2026-03-11 22:41:31,771: -SUB [/clock] /rostopic_44706_1773240091557 http://rera:44485/
[rosmaster.master][INFO] 2026-03-11 22:41:31,771: -SUB [/tf_static] /rostopic_44706_1773240091557 http://rera:44485/
[rosmaster.master][INFO] 2026-03-11 22:41:31,772: -PUB [/rosout] /rostopic_44706_1773240091557 http://rera:44485/
[rosmaster.master][INFO] 2026-03-11 22:41:31,772: -SERVICE [/rostopic_44706_1773240091557/get_loggers] /rostopic_44706_1773240091557 rosrpc://rera:35657
[rosmaster.master][INFO] 2026-03-11 22:41:31,772: -SERVICE [/rostopic_44706_1773240091557/set_logger_level] /rostopic_44706_1773240091557 rosrpc://rera:35657
[rosmaster.master][INFO] 2026-03-11 22:43:18,580: +SUB [/cloud_registered] /rviz_1773239375325005578 http://rera:42759/
[rosmaster.master][INFO] 2026-03-11 22:43:42,818: +PARAM [/roslaunch/uris/host_rera__43703] by /roslaunch
[rosmaster.master][INFO] 2026-03-11 22:43:42,821: +PARAM [/rosversion] by /roslaunch
[rosmaster.master][INFO] 2026-03-11 22:43:42,821: +PARAM [/rosdistro] by /roslaunch
[rosmaster.master][INFO] 2026-03-11 22:43:42,821: +PARAM [/keyboard_teleop/cmd_vel] by /roslaunch
[rosmaster.master][INFO] 2026-03-11 22:43:42,821: +PARAM [/keyboard_teleop/model] by /roslaunch
[rosmaster.master][INFO] 2026-03-11 22:43:43,989: +PUB [/rosout] /keyboard_teleop http://rera:45513/
[rosmaster.master][INFO] 2026-03-11 22:43:43,993: +SUB [/clock] /keyboard_teleop http://rera:45513/
[rosmaster.master][INFO] 2026-03-11 22:43:43,996: +SERVICE [/keyboard_teleop/get_loggers] /keyboard_teleop http://rera:45513/
[rosmaster.master][INFO] 2026-03-11 22:43:43,997: +SERVICE [/keyboard_teleop/set_logger_level] /keyboard_teleop http://rera:45513/
[rosmaster.master][INFO] 2026-03-11 22:43:44,002: +PUB [/cmd_vel] /keyboard_teleop http://rera:45513/
[rosmaster.master][INFO] 2026-03-11 22:43:44,090: publisherUpdate[/cmd_vel] -> http://rera:38799/ ['http://rera:45513/']
[rosmaster.master][INFO] 2026-03-11 22:43:44,092: publisherUpdate[/cmd_vel] -> http://rera:38799/ ['http://rera:45513/']: sec=0.00, result=[1, '', 0]
[rosmaster.master][INFO] 2026-03-11 22:44:35,632: -SUB [/clock] /keyboard_teleop http://rera:45513/
[rosmaster.master][INFO] 2026-03-11 22:44:35,632: -PUB [/rosout] /keyboard_teleop http://rera:45513/
[rosmaster.master][INFO] 2026-03-11 22:44:35,632: -PUB [/cmd_vel] /keyboard_teleop http://rera:45513/
[rosmaster.master][INFO] 2026-03-11 22:44:35,632: -SERVICE [/keyboard_teleop/get_loggers] /keyboard_teleop rosrpc://rera:39863
[rosmaster.master][INFO] 2026-03-11 22:44:35,632: -SERVICE [/keyboard_teleop/set_logger_level] /keyboard_teleop rosrpc://rera:39863
[rosmaster.master][INFO] 2026-03-11 22:44:35,633: publisherUpdate[/cmd_vel] -> http://rera:38799/ []
[rosmaster.master][INFO] 2026-03-11 22:44:35,635: publisherUpdate[/cmd_vel] -> http://rera:38799/ []: sec=0.00, result=[1, '', 0]
[rosmaster.master][INFO] 2026-03-11 22:45:26,820: -PUB [/rosout] /rviz_1773239375325005578 http://rera:42759/
[rosmaster.master][INFO] 2026-03-11 22:45:26,821: -PUB [/initialpose] /rviz_1773239375325005578 http://rera:42759/
[rosmaster.master][INFO] 2026-03-11 22:45:26,822: -PUB [/move_base_simple/goal] /rviz_1773239375325005578 http://rera:42759/
[rosmaster.master][INFO] 2026-03-11 22:45:26,823: -PUB [/clicked_point] /rviz_1773239375325005578 http://rera:42759/
[rosmaster.master][INFO] 2026-03-11 22:45:26,824: -SUB [/clock] /rviz_1773239375325005578 http://rera:42759/
[rosmaster.master][INFO] 2026-03-11 22:45:26,825: -SUB [/tf] /rviz_1773239375325005578 http://rera:42759/
[rosmaster.master][INFO] 2026-03-11 22:45:26,827: -SUB [/tf_static] /rviz_1773239375325005578 http://rera:42759/
[rosmaster.master][INFO] 2026-03-11 22:45:26,828: -SUB [/cloud_registered] /rviz_1773239375325005578 http://rera:42759/
[rosmaster.master][INFO] 2026-03-11 22:45:26,829: -SERVICE [/rviz_1773239375325005578/get_loggers] /rviz_1773239375325005578 rosrpc://rera:33267
[rosmaster.master][INFO] 2026-03-11 22:45:26,830: -SERVICE [/rviz_1773239375325005578/set_logger_level] /rviz_1773239375325005578 rosrpc://rera:33267
[rosmaster.master][INFO] 2026-03-11 22:45:26,830: -SERVICE [/rviz_1773239375325005578/reload_shaders] /rviz_1773239375325005578 rosrpc://rera:33267
[rosmaster.master][INFO] 2026-03-11 22:45:26,831: -SERVICE [/rviz_1773239375325005578/load_config] /rviz_1773239375325005578 rosrpc://rera:33267
[rosmaster.master][INFO] 2026-03-11 22:45:26,832: -SERVICE [/rviz_1773239375325005578/load_config_discarding_changes] /rviz_1773239375325005578 rosrpc://rera:33267
[rosmaster.master][INFO] 2026-03-11 22:45:26,833: -SERVICE [/rviz_1773239375325005578/save_config] /rviz_1773239375325005578 rosrpc://rera:33267
[rosmaster.master][INFO] 2026-03-11 22:45:26,834: -CACHEDPARAM [/rosout_disable_topics_generation] by /rviz_1773239375325005578
[rosmaster.master][INFO] 2026-03-11 22:45:27,747: -PUB [/path] /laserMapping http://rera:44629/
[rosmaster.master][INFO] 2026-03-11 22:45:27,748: -PUB [/Odometry] /laserMapping http://rera:44629/
[rosmaster.master][INFO] 2026-03-11 22:45:27,750: -PUB [/Laser_map] /laserMapping http://rera:44629/
[rosmaster.master][INFO] 2026-03-11 22:45:27,751: -PUB [/cloud_effected] /laserMapping http://rera:44629/
[rosmaster.master][INFO] 2026-03-11 22:45:27,752: -PUB [/cloud_registered_body] /laserMapping http://rera:44629/
[rosmaster.master][INFO] 2026-03-11 22:45:27,754: -PUB [/cloud_registered] /laserMapping http://rera:44629/
[rosmaster.master][INFO] 2026-03-11 22:45:27,755: -SUB [/camera/imu] /laserMapping http://rera:44629/
[rosmaster.master][INFO] 2026-03-11 22:45:27,755: -SUB [/velodyne_points] /laserMapping http://rera:44629/
[rosmaster.master][INFO] 2026-03-11 22:45:27,757: -PUB [/tf] /laserMapping http://rera:44629/
[rosmaster.master][INFO] 2026-03-11 22:45:27,784: publisherUpdate[/tf] -> http://rera:39197/ ['http://rera:33147/', 'http://rera:34259/', 'http://rera:43175/', 'http://rera:38799/']
[rosmaster.master][INFO] 2026-03-11 22:45:27,785: publisherUpdate[/tf] -> http://rera:38007/ ['http://rera:33147/', 'http://rera:34259/', 'http://rera:43175/', 'http://rera:38799/']
[rosmaster.master][INFO] 2026-03-11 22:45:27,786: publisherUpdate[/tf] -> http://rera:38007/ ['http://rera:33147/', 'http://rera:34259/', 'http://rera:43175/', 'http://rera:38799/']: sec=0.00, exception=[Errno 111] Connection refused
[rosmaster.master][INFO] 2026-03-11 22:45:27,786: publisherUpdate[/tf] -> http://rera:39197/ ['http://rera:33147/', 'http://rera:34259/', 'http://rera:43175/', 'http://rera:38799/']: sec=0.00, exception=[Errno 111] Connection refused
[rosmaster.master][INFO] 2026-03-11 22:45:27,787: publisherUpdate[/tf] -> http://rera:46795/ ['http://rera:33147/', 'http://rera:34259/', 'http://rera:43175/', 'http://rera:38799/']
[rosmaster.threadpool][ERROR] 2026-03-11 22:45:27,795: Traceback (most recent call last):
  File "/opt/ros/noetic/lib/python3/dist-packages/rosmaster/threadpool.py", line 218, in run
    result = cmd(*args)
  File "/opt/ros/noetic/lib/python3/dist-packages/rosmaster/master_api.py", line 210, in publisher_update_task
    ret = xmlrpcapi(api).publisherUpdate('/master', topic, pub_uris)
  File "/usr/lib/python3.8/xmlrpc/client.py", line 1109, in __call__
    return self.__send(self.__name, args)
  File "/usr/lib/python3.8/xmlrpc/client.py", line 1450, in __request
    response = self.__transport.request(
  File "/usr/lib/python3.8/xmlrpc/client.py", line 1153, in request
    return self.single_request(host, handler, request_body, verbose)
  File "/usr/lib/python3.8/xmlrpc/client.py", line 1165, in single_request
    http_conn = self.send_request(host, handler, request_body, verbose)
  File "/usr/lib/python3.8/xmlrpc/client.py", line 1278, in send_request
    self.send_content(connection, request_body)
  File "/usr/lib/python3.8/xmlrpc/client.py", line 1308, in send_content
    connection.endheaders(request_body)
  File "/usr/lib/python3.8/http/client.py", line 1251, in endheaders
    self._send_output(message_body, encode_chunked=encode_chunked)
  File "/usr/lib/python3.8/http/client.py", line 1011, in _send_output
    self.send(msg)
  File "/usr/lib/python3.8/http/client.py", line 951, in send
    self.connect()
  File "/usr/lib/python3.8/http/client.py", line 922, in connect
    self.sock = self._create_connection(
  File "/usr/lib/python3.8/socket.py", line 808, in create_connection
    raise err
  File "/usr/lib/python3.8/socket.py", line 796, in create_connection
    sock.connect(sa)
ConnectionRefusedError: [Errno 111] Connection refused

[rosmaster.master][INFO] 2026-03-11 22:45:27,801: publisherUpdate[/tf] -> http://rera:46795/ ['http://rera:33147/', 'http://rera:34259/', 'http://rera:43175/', 'http://rera:38799/']: sec=0.00, exception=[Errno 111] Connection refused
[rosmaster.threadpool][ERROR] 2026-03-11 22:45:27,801: Traceback (most recent call last):
  File "/opt/ros/noetic/lib/python3/dist-packages/rosmaster/threadpool.py", line 218, in run
    result = cmd(*args)
  File "/opt/ros/noetic/lib/python3/dist-packages/rosmaster/master_api.py", line 210, in publisher_update_task
    ret = xmlrpcapi(api).publisherUpdate('/master', topic, pub_uris)
  File "/usr/lib/python3.8/xmlrpc/client.py", line 1109, in __call__
    return self.__send(self.__name, args)
  File "/usr/lib/python3.8/xmlrpc/client.py", line 1450, in __request
    response = self.__transport.request(
  File "/usr/lib/python3.8/xmlrpc/client.py", line 1153, in request
    return self.single_request(host, handler, request_body, verbose)
  File "/usr/lib/python3.8/xmlrpc/client.py", line 1165, in single_request
    http_conn = self.send_request(host, handler, request_body, verbose)
  File "/usr/lib/python3.8/xmlrpc/client.py", line 1278, in send_request
    self.send_content(connection, request_body)
  File "/usr/lib/python3.8/xmlrpc/client.py", line 1308, in send_content
    connection.endheaders(request_body)
  File "/usr/lib/python3.8/http/client.py", line 1251, in endheaders
    self._send_output(message_body, encode_chunked=encode_chunked)
  File "/usr/lib/python3.8/http/client.py", line 1011, in _send_output
    self.send(msg)
  File "/usr/lib/python3.8/http/client.py", line 951, in send
    self.connect()
  File "/usr/lib/python3.8/http/client.py", line 922, in connect
    self.sock = self._create_connection(
  File "/usr/lib/python3.8/socket.py", line 808, in create_connection
    raise err
  File "/usr/lib/python3.8/socket.py", line 796, in create_connection
    sock.connect(sa)
ConnectionRefusedError: [Errno 111] Connection refused

[rosmaster.threadpool][ERROR] 2026-03-11 22:45:27,803: Traceback (most recent call last):
  File "/opt/ros/noetic/lib/python3/dist-packages/rosmaster/threadpool.py", line 218, in run
    result = cmd(*args)
  File "/opt/ros/noetic/lib/python3/dist-packages/rosmaster/master_api.py", line 210, in publisher_update_task
    ret = xmlrpcapi(api).publisherUpdate('/master', topic, pub_uris)
  File "/usr/lib/python3.8/xmlrpc/client.py", line 1109, in __call__
    return self.__send(self.__name, args)
  File "/usr/lib/python3.8/xmlrpc/client.py", line 1450, in __request
    response = self.__transport.request(
  File "/usr/lib/python3.8/xmlrpc/client.py", line 1153, in request
    return self.single_request(host, handler, request_body, verbose)
  File "/usr/lib/python3.8/xmlrpc/client.py", line 1165, in single_request
    http_conn = self.send_request(host, handler, request_body, verbose)
  File "/usr/lib/python3.8/xmlrpc/client.py", line 1278, in send_request
    self.send_content(connection, request_body)
  File "/usr/lib/python3.8/xmlrpc/client.py", line 1308, in send_content
    connection.endheaders(request_body)
  File "/usr/lib/python3.8/http/client.py", line 1251, in endheaders
    self._send_output(message_body, encode_chunked=encode_chunked)
  File "/usr/lib/python3.8/http/client.py", line 1011, in _send_output
    self.send(msg)
  File "/usr/lib/python3.8/http/client.py", line 951, in send
    self.connect()
  File "/usr/lib/python3.8/http/client.py", line 922, in connect
    self.sock = self._create_connection(
  File "/usr/lib/python3.8/socket.py", line 808, in create_connection
    raise err
  File "/usr/lib/python3.8/socket.py", line 796, in create_connection
    sock.connect(sa)
ConnectionRefusedError: [Errno 111] Connection refused

[rosmaster.master][INFO] 2026-03-11 22:45:27,831: -PUB [/rosout] /laserMapping http://rera:44629/
[rosmaster.master][INFO] 2026-03-11 22:45:27,833: -SUB [/clock] /laserMapping http://rera:44629/
[rosmaster.master][INFO] 2026-03-11 22:45:27,834: -SERVICE [/laserMapping/get_loggers] /laserMapping rosrpc://rera:54503
[rosmaster.master][INFO] 2026-03-11 22:45:27,835: -SERVICE [/laserMapping/set_logger_level] /laserMapping rosrpc://rera:54503
[rosmaster.master][INFO] 2026-03-11 22:45:27,836: -CACHEDPARAM [/rosout_disable_topics_generation] by /laserMapping
[rosmaster.master][INFO] 2026-03-11 22:45:31,101: -PUB [/rosout] /robot_state_publisher http://rera:43175/
[rosmaster.master][INFO] 2026-03-11 22:45:31,103: -PUB [/tf] /robot_state_publisher http://rera:43175/
[rosmaster.master][INFO] 2026-03-11 22:45:31,104: -PUB [/tf_static] /robot_state_publisher http://rera:43175/
[rosmaster.master][INFO] 2026-03-11 22:45:31,105: -SUB [/clock] /robot_state_publisher http://rera:43175/
[rosmaster.master][INFO] 2026-03-11 22:45:31,107: -SUB [/joint_states] /robot_state_publisher http://rera:43175/
[rosmaster.master][INFO] 2026-03-11 22:45:31,108: -SERVICE [/robot_state_publisher/get_loggers] /robot_state_publisher rosrpc://rera:44269
[rosmaster.master][INFO] 2026-03-11 22:45:31,109: -SERVICE [/robot_state_publisher/set_logger_level] /robot_state_publisher rosrpc://rera:44269
[rosmaster.master][INFO] 2026-03-11 22:45:31,110: -CACHEDPARAM [/rosout_disable_topics_generation] by /robot_state_publisher
[rosmaster.master][INFO] 2026-03-11 22:45:31,112: publisherUpdate[/tf] -> http://rera:39197/ ['http://rera:33147/', 'http://rera:34259/', 'http://rera:38799/']
[rosmaster.master][INFO] 2026-03-11 22:45:31,112: publisherUpdate[/tf] -> http://rera:39197/ ['http://rera:33147/', 'http://rera:34259/', 'http://rera:38799/']: sec=0.00, exception=[Errno 111] Connection refused
[rosmaster.threadpool][ERROR] 2026-03-11 22:45:31,113: Traceback (most recent call last):
  File "/opt/ros/noetic/lib/python3/dist-packages/rosmaster/threadpool.py", line 218, in run
    result = cmd(*args)
  File "/opt/ros/noetic/lib/python3/dist-packages/rosmaster/master_api.py", line 210, in publisher_update_task
    ret = xmlrpcapi(api).publisherUpdate('/master', topic, pub_uris)
  File "/usr/lib/python3.8/xmlrpc/client.py", line 1109, in __call__
    return self.__send(self.__name, args)
  File "/usr/lib/python3.8/xmlrpc/client.py", line 1450, in __request
    response = self.__transport.request(
  File "/usr/lib/python3.8/xmlrpc/client.py", line 1153, in request
    return self.single_request(host, handler, request_body, verbose)
  File "/usr/lib/python3.8/xmlrpc/client.py", line 1165, in single_request
    http_conn = self.send_request(host, handler, request_body, verbose)
  File "/usr/lib/python3.8/xmlrpc/client.py", line 1278, in send_request
    self.send_content(connection, request_body)
  File "/usr/lib/python3.8/xmlrpc/client.py", line 1308, in send_content
    connection.endheaders(request_body)
  File "/usr/lib/python3.8/http/client.py", line 1251, in endheaders
    self._send_output(message_body, encode_chunked=encode_chunked)
  File "/usr/lib/python3.8/http/client.py", line 1011, in _send_output
    self.send(msg)
  File "/usr/lib/python3.8/http/client.py", line 951, in send
    self.connect()
  File "/usr/lib/python3.8/http/client.py", line 922, in connect
    self.sock = self._create_connection(
  File "/usr/lib/python3.8/socket.py", line 808, in create_connection
    raise err
  File "/usr/lib/python3.8/socket.py", line 796, in create_connection
    sock.connect(sa)
ConnectionRefusedError: [Errno 111] Connection refused

[rosmaster.master][INFO] 2026-03-11 22:45:31,113: publisherUpdate[/tf] -> http://rera:38007/ ['http://rera:33147/', 'http://rera:34259/', 'http://rera:38799/']
[rosmaster.master][INFO] 2026-03-11 22:45:31,113: publisherUpdate[/tf] -> http://rera:46795/ ['http://rera:33147/', 'http://rera:34259/', 'http://rera:38799/']
[rosmaster.master][INFO] 2026-03-11 22:45:31,114: publisherUpdate[/tf] -> http://rera:46795/ ['http://rera:33147/', 'http://rera:34259/', 'http://rera:38799/']: sec=0.00, exception=[Errno 111] Connection refused
[rosmaster.threadpool][ERROR] 2026-03-11 22:45:31,114: Traceback (most recent call last):
  File "/opt/ros/noetic/lib/python3/dist-packages/rosmaster/threadpool.py", line 218, in run
    result = cmd(*args)
  File "/opt/ros/noetic/lib/python3/dist-packages/rosmaster/master_api.py", line 210, in publisher_update_task
    ret = xmlrpcapi(api).publisherUpdate('/master', topic, pub_uris)
  File "/usr/lib/python3.8/xmlrpc/client.py", line 1109, in __call__
    return self.__send(self.__name, args)
  File "/usr/lib/python3.8/xmlrpc/client.py", line 1450, in __request
    response = self.__transport.request(
  File "/usr/lib/python3.8/xmlrpc/client.py", line 1153, in request
    return self.single_request(host, handler, request_body, verbose)
  File "/usr/lib/python3.8/xmlrpc/client.py", line 1165, in single_request
    http_conn = self.send_request(host, handler, request_body, verbose)
  File "/usr/lib/python3.8/xmlrpc/client.py", line 1278, in send_request
    self.send_content(connection, request_body)
  File "/usr/lib/python3.8/xmlrpc/client.py", line 1308, in send_content
    connection.endheaders(request_body)
  File "/usr/lib/python3.8/http/client.py", line 1251, in endheaders
    self._send_output(message_body, encode_chunked=encode_chunked)
  File "/usr/lib/python3.8/http/client.py", line 1011, in _send_output
    self.send(msg)
  File "/usr/lib/python3.8/http/client.py", line 951, in send
    self.connect()
  File "/usr/lib/python3.8/http/client.py", line 922, in connect
    self.sock = self._create_connection(
  File "/usr/lib/python3.8/socket.py", line 808, in create_connection
    raise err
  File "/usr/lib/python3.8/socket.py", line 796, in create_connection
    sock.connect(sa)
ConnectionRefusedError: [Errno 111] Connection refused

[rosmaster.master][INFO] 2026-03-11 22:45:31,114: publisherUpdate[/tf_static] -> http://rera:39197/ []
[rosmaster.master][INFO] 2026-03-11 22:45:31,115: publisherUpdate[/tf_static] -> http://rera:39197/ []: sec=0.00, exception=[Errno 111] Connection refused
[rosmaster.threadpool][ERROR] 2026-03-11 22:45:31,115: Traceback (most recent call last):
  File "/opt/ros/noetic/lib/python3/dist-packages/rosmaster/threadpool.py", line 218, in run
    result = cmd(*args)
  File "/opt/ros/noetic/lib/python3/dist-packages/rosmaster/master_api.py", line 210, in publisher_update_task
    ret = xmlrpcapi(api).publisherUpdate('/master', topic, pub_uris)
  File "/usr/lib/python3.8/xmlrpc/client.py", line 1109, in __call__
    return self.__send(self.__name, args)
  File "/usr/lib/python3.8/xmlrpc/client.py", line 1450, in __request
    response = self.__transport.request(
  File "/usr/lib/python3.8/xmlrpc/client.py", line 1153, in request
    return self.single_request(host, handler, request_body, verbose)
  File "/usr/lib/python3.8/xmlrpc/client.py", line 1165, in single_request
    http_conn = self.send_request(host, handler, request_body, verbose)
  File "/usr/lib/python3.8/xmlrpc/client.py", line 1278, in send_request
    self.send_content(connection, request_body)
  File "/usr/lib/python3.8/xmlrpc/client.py", line 1308, in send_content
    connection.endheaders(request_body)
  File "/usr/lib/python3.8/http/client.py", line 1251, in endheaders
    self._send_output(message_body, encode_chunked=encode_chunked)
  File "/usr/lib/python3.8/http/client.py", line 1011, in _send_output
    self.send(msg)
  File "/usr/lib/python3.8/http/client.py", line 951, in send
    self.connect()
  File "/usr/lib/python3.8/http/client.py", line 922, in connect
    self.sock = self._create_connection(
  File "/usr/lib/python3.8/socket.py", line 808, in create_connection
    raise err
  File "/usr/lib/python3.8/socket.py", line 796, in create_connection
    sock.connect(sa)
ConnectionRefusedError: [Errno 111] Connection refused

[rosmaster.master][INFO] 2026-03-11 22:45:31,115: publisherUpdate[/tf_static] -> http://rera:46795/ []
[rosmaster.master][INFO] 2026-03-11 22:45:31,116: publisherUpdate[/tf_static] -> http://rera:46795/ []: sec=0.00, exception=[Errno 111] Connection refused
[rosmaster.threadpool][ERROR] 2026-03-11 22:45:31,116: Traceback (most recent call last):
  File "/opt/ros/noetic/lib/python3/dist-packages/rosmaster/threadpool.py", line 218, in run
    result = cmd(*args)
  File "/opt/ros/noetic/lib/python3/dist-packages/rosmaster/master_api.py", line 210, in publisher_update_task
    ret = xmlrpcapi(api).publisherUpdate('/master', topic, pub_uris)
  File "/usr/lib/python3.8/xmlrpc/client.py", line 1109, in __call__
    return self.__send(self.__name, args)
  File "/usr/lib/python3.8/xmlrpc/client.py", line 1450, in __request
    response = self.__transport.request(
  File "/usr/lib/python3.8/xmlrpc/client.py", line 1153, in request
    return self.single_request(host, handler, request_body, verbose)
  File "/usr/lib/python3.8/xmlrpc/client.py", line 1165, in single_request
    http_conn = self.send_request(host, handler, request_body, verbose)
  File "/usr/lib/python3.8/xmlrpc/client.py", line 1278, in send_request
    self.send_content(connection, request_body)
  File "/usr/lib/python3.8/xmlrpc/client.py", line 1308, in send_content
    connection.endheaders(request_body)
  File "/usr/lib/python3.8/http/client.py", line 1251, in endheaders
    self._send_output(message_body, encode_chunked=encode_chunked)
  File "/usr/lib/python3.8/http/client.py", line 1011, in _send_output
    self.send(msg)
  File "/usr/lib/python3.8/http/client.py", line 951, in send
    self.connect()
  File "/usr/lib/python3.8/http/client.py", line 922, in connect
    self.sock = self._create_connection(
  File "/usr/lib/python3.8/socket.py", line 808, in create_connection
    raise err
  File "/usr/lib/python3.8/socket.py", line 796, in create_connection
    sock.connect(sa)
ConnectionRefusedError: [Errno 111] Connection refused

[rosmaster.master][INFO] 2026-03-11 22:45:31,116: publisherUpdate[/tf] -> http://rera:38007/ ['http://rera:33147/', 'http://rera:34259/', 'http://rera:38799/']: sec=0.00, exception=[Errno 111] Connection refused
[rosmaster.threadpool][ERROR] 2026-03-11 22:45:31,117: Traceback (most recent call last):
  File "/opt/ros/noetic/lib/python3/dist-packages/rosmaster/threadpool.py", line 218, in run
    result = cmd(*args)
  File "/opt/ros/noetic/lib/python3/dist-packages/rosmaster/master_api.py", line 210, in publisher_update_task
    ret = xmlrpcapi(api).publisherUpdate('/master', topic, pub_uris)
  File "/usr/lib/python3.8/xmlrpc/client.py", line 1109, in __call__
    return self.__send(self.__name, args)
  File "/usr/lib/python3.8/xmlrpc/client.py", line 1450, in __request
    response = self.__transport.request(
  File "/usr/lib/python3.8/xmlrpc/client.py", line 1153, in request
    return self.single_request(host, handler, request_body, verbose)
  File "/usr/lib/python3.8/xmlrpc/client.py", line 1165, in single_request
    http_conn = self.send_request(host, handler, request_body, verbose)
  File "/usr/lib/python3.8/xmlrpc/client.py", line 1278, in send_request
    self.send_content(connection, request_body)
  File "/usr/lib/python3.8/xmlrpc/client.py", line 1308, in send_content
    connection.endheaders(request_body)
  File "/usr/lib/python3.8/http/client.py", line 1251, in endheaders
    self._send_output(message_body, encode_chunked=encode_chunked)
  File "/usr/lib/python3.8/http/client.py", line 1011, in _send_output
    self.send(msg)
  File "/usr/lib/python3.8/http/client.py", line 951, in send
    self.connect()
  File "/usr/lib/python3.8/http/client.py", line 922, in connect
    self.sock = self._create_connection(
  File "/usr/lib/python3.8/socket.py", line 808, in create_connection
    raise err
  File "/usr/lib/python3.8/socket.py", line 796, in create_connection
    sock.connect(sa)
ConnectionRefusedError: [Errno 111] Connection refused

[rosmaster.master][INFO] 2026-03-11 22:45:31,117: publisherUpdate[/tf_static] -> http://rera:38007/ []
[rosmaster.master][INFO] 2026-03-11 22:45:31,117: publisherUpdate[/tf_static] -> http://rera:38007/ []: sec=0.00, exception=[Errno 111] Connection refused
[rosmaster.threadpool][ERROR] 2026-03-11 22:45:31,117: Traceback (most recent call last):
  File "/opt/ros/noetic/lib/python3/dist-packages/rosmaster/threadpool.py", line 218, in run
    result = cmd(*args)
  File "/opt/ros/noetic/lib/python3/dist-packages/rosmaster/master_api.py", line 210, in publisher_update_task
    ret = xmlrpcapi(api).publisherUpdate('/master', topic, pub_uris)
  File "/usr/lib/python3.8/xmlrpc/client.py", line 1109, in __call__
    return self.__send(self.__name, args)
  File "/usr/lib/python3.8/xmlrpc/client.py", line 1450, in __request
    response = self.__transport.request(
  File "/usr/lib/python3.8/xmlrpc/client.py", line 1153, in request
    return self.single_request(host, handler, request_body, verbose)
  File "/usr/lib/python3.8/xmlrpc/client.py", line 1165, in single_request
    http_conn = self.send_request(host, handler, request_body, verbose)
  File "/usr/lib/python3.8/xmlrpc/client.py", line 1278, in send_request
    self.send_content(connection, request_body)
  File "/usr/lib/python3.8/xmlrpc/client.py", line 1308, in send_content
    connection.endheaders(request_body)
  File "/usr/lib/python3.8/http/client.py", line 1251, in endheaders
    self._send_output(message_body, encode_chunked=encode_chunked)
  File "/usr/lib/python3.8/http/client.py", line 1011, in _send_output
    self.send(msg)
  File "/usr/lib/python3.8/http/client.py", line 951, in send
    self.connect()
  File "/usr/lib/python3.8/http/client.py", line 922, in connect
    self.sock = self._create_connection(
  File "/usr/lib/python3.8/socket.py", line 808, in create_connection
    raise err
  File "/usr/lib/python3.8/socket.py", line 796, in create_connection
    sock.connect(sa)
ConnectionRefusedError: [Errno 111] Connection refused

[rosmaster.master][INFO] 2026-03-11 22:45:31,678: -PUB [/calibrated] /fake_joint_calibration http://rera:39627/
[rosmaster.master][INFO] 2026-03-11 22:45:31,679: -SERVICE [/fake_joint_calibration/get_loggers] /fake_joint_calibration rosrpc://rera:45689
[rosmaster.master][INFO] 2026-03-11 22:45:31,679: -SERVICE [/fake_joint_calibration/set_logger_level] /fake_joint_calibration rosrpc://rera:45689
[rosmaster.master][INFO] 2026-03-11 22:45:31,690: -PUB [/rosout] /tf_footprint_base http://rera:33147/
[rosmaster.master][INFO] 2026-03-11 22:45:31,691: -PUB [/tf] /tf_footprint_base http://rera:33147/
[rosmaster.master][INFO] 2026-03-11 22:45:31,692: -SUB [/clock] /tf_footprint_base http://rera:33147/
[rosmaster.master][INFO] 2026-03-11 22:45:31,692: -SERVICE [/tf_footprint_base/get_loggers] /tf_footprint_base rosrpc://rera:57683
[rosmaster.master][INFO] 2026-03-11 22:45:31,693: -SERVICE [/tf_footprint_base/set_logger_level] /tf_footprint_base rosrpc://rera:57683
[rosmaster.master][INFO] 2026-03-11 22:45:31,718: publisherUpdate[/tf] -> http://rera:39197/ ['http://rera:34259/', 'http://rera:38799/']
[rosmaster.master][INFO] 2026-03-11 22:45:31,719: publisherUpdate[/tf] -> http://rera:38007/ ['http://rera:34259/', 'http://rera:38799/']
[rosmaster.master][INFO] 2026-03-11 22:45:31,719: publisherUpdate[/tf] -> http://rera:39197/ ['http://rera:34259/', 'http://rera:38799/']: sec=0.00, exception=[Errno 111] Connection refused
[rosmaster.master][INFO] 2026-03-11 22:45:31,720: publisherUpdate[/tf] -> http://rera:46795/ ['http://rera:34259/', 'http://rera:38799/']
[rosmaster.master][INFO] 2026-03-11 22:45:31,720: publisherUpdate[/tf] -> http://rera:38007/ ['http://rera:34259/', 'http://rera:38799/']: sec=0.00, exception=[Errno 111] Connection refused
[rosmaster.threadpool][ERROR] 2026-03-11 22:45:31,721: Traceback (most recent call last):
  File "/opt/ros/noetic/lib/python3/dist-packages/rosmaster/threadpool.py", line 218, in run
    result = cmd(*args)
  File "/opt/ros/noetic/lib/python3/dist-packages/rosmaster/master_api.py", line 210, in publisher_update_task
    ret = xmlrpcapi(api).publisherUpdate('/master', topic, pub_uris)
  File "/usr/lib/python3.8/xmlrpc/client.py", line 1109, in __call__
    return self.__send(self.__name, args)
  File "/usr/lib/python3.8/xmlrpc/client.py", line 1450, in __request
    response = self.__transport.request(
  File "/usr/lib/python3.8/xmlrpc/client.py", line 1153, in request
    return self.single_request(host, handler, request_body, verbose)
  File "/usr/lib/python3.8/xmlrpc/client.py", line 1165, in single_request
    http_conn = self.send_request(host, handler, request_body, verbose)
  File "/usr/lib/python3.8/xmlrpc/client.py", line 1278, in send_request
    self.send_content(connection, request_body)
  File "/usr/lib/python3.8/xmlrpc/client.py", line 1308, in send_content
    connection.endheaders(request_body)
  File "/usr/lib/python3.8/http/client.py", line 1251, in endheaders
    self._send_output(message_body, encode_chunked=encode_chunked)
  File "/usr/lib/python3.8/http/client.py", line 1011, in _send_output
    self.send(msg)
  File "/usr/lib/python3.8/http/client.py", line 951, in send
    self.connect()
  File "/usr/lib/python3.8/http/client.py", line 922, in connect
    self.sock = self._create_connection(
  File "/usr/lib/python3.8/socket.py", line 808, in create_connection
    raise err
  File "/usr/lib/python3.8/socket.py", line 796, in create_connection
    sock.connect(sa)
ConnectionRefusedError: [Errno 111] Connection refused

[rosmaster.threadpool][ERROR] 2026-03-11 22:45:31,722: Traceback (most recent call last):
  File "/opt/ros/noetic/lib/python3/dist-packages/rosmaster/threadpool.py", line 218, in run
    result = cmd(*args)
  File "/opt/ros/noetic/lib/python3/dist-packages/rosmaster/master_api.py", line 210, in publisher_update_task
    ret = xmlrpcapi(api).publisherUpdate('/master', topic, pub_uris)
  File "/usr/lib/python3.8/xmlrpc/client.py", line 1109, in __call__
    return self.__send(self.__name, args)
  File "/usr/lib/python3.8/xmlrpc/client.py", line 1450, in __request
    response = self.__transport.request(
  File "/usr/lib/python3.8/xmlrpc/client.py", line 1153, in request
    return self.single_request(host, handler, request_body, verbose)
  File "/usr/lib/python3.8/xmlrpc/client.py", line 1165, in single_request
    http_conn = self.send_request(host, handler, request_body, verbose)
  File "/usr/lib/python3.8/xmlrpc/client.py", line 1278, in send_request
    self.send_content(connection, request_body)
  File "/usr/lib/python3.8/xmlrpc/client.py", line 1308, in send_content
    connection.endheaders(request_body)
  File "/usr/lib/python3.8/http/client.py", line 1251, in endheaders
    self._send_output(message_body, encode_chunked=encode_chunked)
  File "/usr/lib/python3.8/http/client.py", line 1011, in _send_output
    self.send(msg)
  File "/usr/lib/python3.8/http/client.py", line 951, in send
    self.connect()
  File "/usr/lib/python3.8/http/client.py", line 922, in connect
    self.sock = self._create_connection(
  File "/usr/lib/python3.8/socket.py", line 808, in create_connection
    raise err
  File "/usr/lib/python3.8/socket.py", line 796, in create_connection
    sock.connect(sa)
ConnectionRefusedError: [Errno 111] Connection refused

[rosmaster.master][INFO] 2026-03-11 22:45:31,723: publisherUpdate[/tf] -> http://rera:46795/ ['http://rera:34259/', 'http://rera:38799/']: sec=0.00, exception=[Errno 111] Connection refused
[rosmaster.threadpool][ERROR] 2026-03-11 22:45:31,723: Traceback (most recent call last):
  File "/opt/ros/noetic/lib/python3/dist-packages/rosmaster/threadpool.py", line 218, in run
    result = cmd(*args)
  File "/opt/ros/noetic/lib/python3/dist-packages/rosmaster/master_api.py", line 210, in publisher_update_task
    ret = xmlrpcapi(api).publisherUpdate('/master', topic, pub_uris)
  File "/usr/lib/python3.8/xmlrpc/client.py", line 1109, in __call__
    return self.__send(self.__name, args)
  File "/usr/lib/python3.8/xmlrpc/client.py", line 1450, in __request
    response = self.__transport.request(
  File "/usr/lib/python3.8/xmlrpc/client.py", line 1153, in request
    return self.single_request(host, handler, request_body, verbose)
  File "/usr/lib/python3.8/xmlrpc/client.py", line 1165, in single_request
    http_conn = self.send_request(host, handler, request_body, verbose)
  File "/usr/lib/python3.8/xmlrpc/client.py", line 1278, in send_request
    self.send_content(connection, request_body)
  File "/usr/lib/python3.8/xmlrpc/client.py", line 1308, in send_content
    connection.endheaders(request_body)
  File "/usr/lib/python3.8/http/client.py", line 1251, in endheaders
    self._send_output(message_body, encode_chunked=encode_chunked)
  File "/usr/lib/python3.8/http/client.py", line 1011, in _send_output
    self.send(msg)
  File "/usr/lib/python3.8/http/client.py", line 951, in send
    self.connect()
  File "/usr/lib/python3.8/http/client.py", line 922, in connect
    self.sock = self._create_connection(
  File "/usr/lib/python3.8/socket.py", line 808, in create_connection
    raise err
  File "/usr/lib/python3.8/socket.py", line 796, in create_connection
    sock.connect(sa)
ConnectionRefusedError: [Errno 111] Connection refused

[rosmaster.master][INFO] 2026-03-11 22:45:31,784: -SUB [/gazebo/set_link_state] /gazebo http://rera:38799/
[rosmaster.master][INFO] 2026-03-11 22:45:31,785: -SUB [/gazebo/set_model_state] /gazebo http://rera:38799/
[rosmaster.master][INFO] 2026-03-11 22:45:31,785: -PUB [/clock] /gazebo http://rera:38799/
[rosmaster.master][INFO] 2026-03-11 22:45:31,787: -PUB [/gazebo/link_states] /gazebo http://rera:38799/
[rosmaster.master][INFO] 2026-03-11 22:45:31,787: -PUB [/gazebo/model_states] /gazebo http://rera:38799/
[rosmaster.master][INFO] 2026-03-11 22:45:31,788: -PUB [/gazebo/performance_metrics] /gazebo http://rera:38799/
[rosmaster.master][INFO] 2026-03-11 22:45:31,789: -SERVICE [/gazebo/spawn_sdf_model] /gazebo rosrpc://rera:58827
[rosmaster.master][INFO] 2026-03-11 22:45:31,789: -SERVICE [/gazebo/spawn_urdf_model] /gazebo rosrpc://rera:58827
[rosmaster.master][INFO] 2026-03-11 22:45:31,790: -SERVICE [/gazebo/delete_model] /gazebo rosrpc://rera:58827
[rosmaster.master][INFO] 2026-03-11 22:45:31,790: -SERVICE [/gazebo/delete_light] /gazebo rosrpc://rera:58827
[rosmaster.master][INFO] 2026-03-11 22:45:31,791: -SERVICE [/gazebo/get_model_properties] /gazebo rosrpc://rera:58827
[rosmaster.master][INFO] 2026-03-11 22:45:31,791: -SERVICE [/gazebo/get_model_state] /gazebo rosrpc://rera:58827
[rosmaster.master][INFO] 2026-03-11 22:45:31,792: -SERVICE [/gazebo/get_world_properties] /gazebo rosrpc://rera:58827
[rosmaster.master][INFO] 2026-03-11 22:45:31,792: -PUB [/rosout] /tf_body_footprint http://rera:34259/
[rosmaster.master][INFO] 2026-03-11 22:45:31,793: -SERVICE [/gazebo/get_joint_properties] /gazebo rosrpc://rera:58827
[rosmaster.master][INFO] 2026-03-11 22:45:31,794: -SERVICE [/gazebo/get_link_properties] /gazebo rosrpc://rera:58827
[rosmaster.master][INFO] 2026-03-11 22:45:31,794: -PUB [/tf] /tf_body_footprint http://rera:34259/
[rosmaster.master][INFO] 2026-03-11 22:45:31,795: -SERVICE [/gazebo/get_link_state] /gazebo rosrpc://rera:58827
[rosmaster.master][INFO] 2026-03-11 22:45:31,795: -SUB [/clock] /tf_body_footprint http://rera:34259/
[rosmaster.master][INFO] 2026-03-11 22:45:31,795: -SERVICE [/gazebo/get_light_properties] /gazebo rosrpc://rera:58827
[rosmaster.master][INFO] 2026-03-11 22:45:31,796: -SERVICE [/tf_body_footprint/get_loggers] /tf_body_footprint rosrpc://rera:44875
[rosmaster.master][INFO] 2026-03-11 22:45:31,797: -SERVICE [/gazebo/set_light_properties] /gazebo rosrpc://rera:58827
[rosmaster.master][INFO] 2026-03-11 22:45:31,797: -SERVICE [/tf_body_footprint/set_logger_level] /tf_body_footprint rosrpc://rera:44875
[rosmaster.master][INFO] 2026-03-11 22:45:31,798: -SERVICE [/gazebo/get_physics_properties] /gazebo rosrpc://rera:58827
[rosmaster.master][INFO] 2026-03-11 22:45:31,798: -SERVICE [/gazebo/set_link_properties] /gazebo rosrpc://rera:58827
[rosmaster.master][INFO] 2026-03-11 22:45:31,799: -SERVICE [/gazebo/set_physics_properties] /gazebo rosrpc://rera:58827
[rosmaster.master][INFO] 2026-03-11 22:45:31,800: -SERVICE [/gazebo/set_model_state] /gazebo rosrpc://rera:58827
[rosmaster.master][INFO] 2026-03-11 22:45:31,800: -SERVICE [/gazebo/set_model_configuration] /gazebo rosrpc://rera:58827
[rosmaster.master][INFO] 2026-03-11 22:45:31,801: -SERVICE [/gazebo/set_joint_properties] /gazebo rosrpc://rera:58827
[rosmaster.master][INFO] 2026-03-11 22:45:31,802: -SERVICE [/gazebo/set_link_state] /gazebo rosrpc://rera:58827
[rosmaster.master][INFO] 2026-03-11 22:45:31,802: -SERVICE [/gazebo/pause_physics] /gazebo rosrpc://rera:58827
[rosmaster.master][INFO] 2026-03-11 22:45:31,803: -SERVICE [/gazebo/unpause_physics] /gazebo rosrpc://rera:58827
[rosmaster.master][INFO] 2026-03-11 22:45:31,804: -SERVICE [/gazebo/apply_body_wrench] /gazebo rosrpc://rera:58827
[rosmaster.master][INFO] 2026-03-11 22:45:31,804: -SERVICE [/gazebo/apply_joint_effort] /gazebo rosrpc://rera:58827
[rosmaster.master][INFO] 2026-03-11 22:45:31,805: -SERVICE [/gazebo/clear_joint_forces] /gazebo rosrpc://rera:58827
[rosmaster.master][INFO] 2026-03-11 22:45:31,805: -SERVICE [/gazebo/clear_body_wrenches] /gazebo rosrpc://rera:58827
[rosmaster.master][INFO] 2026-03-11 22:45:31,806: -SERVICE [/gazebo/reset_simulation] /gazebo rosrpc://rera:58827
[rosmaster.master][INFO] 2026-03-11 22:45:31,807: -SERVICE [/gazebo/reset_world] /gazebo rosrpc://rera:58827
[rosmaster.master][INFO] 2026-03-11 22:45:31,808: -PUB [/gazebo/parameter_descriptions] /gazebo http://rera:38799/
[rosmaster.master][INFO] 2026-03-11 22:45:31,809: -PUB [/gazebo/parameter_updates] /gazebo http://rera:38799/
[rosmaster.master][INFO] 2026-03-11 22:45:31,809: -SERVICE [/gazebo/set_parameters] /gazebo rosrpc://rera:58827
[rosmaster.master][INFO] 2026-03-11 22:45:31,814: -SUB [/cmd_vel] /gazebo http://rera:38799/
[rosmaster.master][INFO] 2026-03-11 22:45:31,815: -PUB [/odom] /gazebo http://rera:38799/
[rosmaster.master][INFO] 2026-03-11 22:45:31,816: -PUB [/tf] /gazebo http://rera:38799/
[rosmaster.master][INFO] 2026-03-11 22:45:31,820: -PUB [/camera/color/camera_info] /gazebo http://rera:38799/
[rosmaster.master][INFO] 2026-03-11 22:45:31,821: -SERVICE [/camera/set_camera_info] /gazebo rosrpc://rera:58827
[rosmaster.master][INFO] 2026-03-11 22:45:31,822: -PUB [/camera/color/image_raw/compressedDepth] /gazebo http://rera:38799/
[rosmaster.master][INFO] 2026-03-11 22:45:31,823: -PUB [/camera/color/image_raw/compressed] /gazebo http://rera:38799/
[rosmaster.master][INFO] 2026-03-11 22:45:31,823: publisherUpdate[/clock] -> http://rera:34259/ []
[rosmaster.master][INFO] 2026-03-11 22:45:31,823: publisherUpdate[/clock] -> http://rera:39123/ []
[rosmaster.master][INFO] 2026-03-11 22:45:31,824: -PUB [/camera/color/image_raw] /gazebo http://rera:38799/
[rosmaster.master][INFO] 2026-03-11 22:45:31,824: publisherUpdate[/clock] -> http://rera:38799/ []
[rosmaster.master][INFO] 2026-03-11 22:45:31,824: publisherUpdate[/clock] -> http://rera:34259/ []: sec=0.00, exception=[Errno 111] Connection refused
[rosmaster.master][INFO] 2026-03-11 22:45:31,825: publisherUpdate[/clock] -> http://rera:39123/ []: sec=0.00, result=[1, '', 0]
[rosmaster.master][INFO] 2026-03-11 22:45:31,827: publisherUpdate[/clock] -> http://rera:36725/ []
[rosmaster.master][INFO] 2026-03-11 22:45:31,826: -PUB [/camera/color/image_raw/theora] /gazebo http://rera:38799/
[rosmaster.master][INFO] 2026-03-11 22:45:31,827: publisherUpdate[/clock] -> http://rera:38799/ []: sec=0.00, result=[1, '', 0]
[rosmaster.threadpool][ERROR] 2026-03-11 22:45:31,826: Traceback (most recent call last):
  File "/opt/ros/noetic/lib/python3/dist-packages/rosmaster/threadpool.py", line 218, in run
    result = cmd(*args)
  File "/opt/ros/noetic/lib/python3/dist-packages/rosmaster/master_api.py", line 210, in publisher_update_task
    ret = xmlrpcapi(api).publisherUpdate('/master', topic, pub_uris)
  File "/usr/lib/python3.8/xmlrpc/client.py", line 1109, in __call__
    return self.__send(self.__name, args)
  File "/usr/lib/python3.8/xmlrpc/client.py", line 1450, in __request
    response = self.__transport.request(
  File "/usr/lib/python3.8/xmlrpc/client.py", line 1153, in request
    return self.single_request(host, handler, request_body, verbose)
  File "/usr/lib/python3.8/xmlrpc/client.py", line 1165, in single_request
    http_conn = self.send_request(host, handler, request_body, verbose)
  File "/usr/lib/python3.8/xmlrpc/client.py", line 1278, in send_request
    self.send_content(connection, request_body)
  File "/usr/lib/python3.8/xmlrpc/client.py", line 1308, in send_content
    connection.endheaders(request_body)
  File "/usr/lib/python3.8/http/client.py", line 1251, in endheaders
    self._send_output(message_body, encode_chunked=encode_chunked)
  File "/usr/lib/python3.8/http/client.py", line 1011, in _send_output
    self.send(msg)
  File "/usr/lib/python3.8/http/client.py", line 951, in send
    self.connect()
  File "/usr/lib/python3.8/http/client.py", line 922, in connect
    self.sock = self._create_connection(
  File "/usr/lib/python3.8/socket.py", line 808, in create_connection
    raise err
  File "/usr/lib/python3.8/socket.py", line 796, in create_connection
    sock.connect(sa)
ConnectionRefusedError: [Errno 111] Connection refused

[rosmaster.master][INFO] 2026-03-11 22:45:31,828: publisherUpdate[/clock] -> http://rera:38007/ []
[rosmaster.master][INFO] 2026-03-11 22:45:31,828: -PUB [/camera/color/image_raw/compressedDepth/parameter_descriptions] /gazebo http://rera:38799/
[rosmaster.master][INFO] 2026-03-11 22:45:31,828: publisherUpdate[/clock] -> http://rera:39197/ []
[rosmaster.master][INFO] 2026-03-11 22:45:31,828: publisherUpdate[/clock] -> http://rera:36725/ []: sec=0.00, exception=[Errno 111] Connection refused
[rosmaster.master][INFO] 2026-03-11 22:45:31,829: publisherUpdate[/clock] -> http://rera:38007/ []: sec=0.00, exception=[Errno 111] Connection refused
[rosmaster.master][INFO] 2026-03-11 22:45:31,829: -PUB [/camera/color/image_raw/compressedDepth/parameter_updates] /gazebo http://rera:38799/
[rosmaster.master][INFO] 2026-03-11 22:45:31,831: publisherUpdate[/clock] -> http://rera:39197/ []: sec=0.00, exception=[Errno 111] Connection refused
[rosmaster.threadpool][ERROR] 2026-03-11 22:45:31,831: Traceback (most recent call last):
  File "/opt/ros/noetic/lib/python3/dist-packages/rosmaster/threadpool.py", line 218, in run
    result = cmd(*args)
  File "/opt/ros/noetic/lib/python3/dist-packages/rosmaster/master_api.py", line 210, in publisher_update_task
    ret = xmlrpcapi(api).publisherUpdate('/master', topic, pub_uris)
  File "/usr/lib/python3.8/xmlrpc/client.py", line 1109, in __call__
    return self.__send(self.__name, args)
  File "/usr/lib/python3.8/xmlrpc/client.py", line 1450, in __request
    response = self.__transport.request(
  File "/usr/lib/python3.8/xmlrpc/client.py", line 1153, in request
    return self.single_request(host, handler, request_body, verbose)
  File "/usr/lib/python3.8/xmlrpc/client.py", line 1165, in single_request
    http_conn = self.send_request(host, handler, request_body, verbose)
  File "/usr/lib/python3.8/xmlrpc/client.py", line 1278, in send_request
    self.send_content(connection, request_body)
  File "/usr/lib/python3.8/xmlrpc/client.py", line 1308, in send_content
    connection.endheaders(request_body)
  File "/usr/lib/python3.8/http/client.py", line 1251, in endheaders
    self._send_output(message_body, encode_chunked=encode_chunked)
  File "/usr/lib/python3.8/http/client.py", line 1011, in _send_output
    self.send(msg)
  File "/usr/lib/python3.8/http/client.py", line 951, in send
    self.connect()
  File "/usr/lib/python3.8/http/client.py", line 922, in connect
    self.sock = self._create_connection(
  File "/usr/lib/python3.8/socket.py", line 808, in create_connection
    raise err
  File "/usr/lib/python3.8/socket.py", line 796, in create_connection
    sock.connect(sa)
ConnectionRefusedError: [Errno 111] Connection refused

[rosmaster.master][INFO] 2026-03-11 22:45:31,833: publisherUpdate[/clock] -> http://rera:46795/ []
[rosmaster.threadpool][ERROR] 2026-03-11 22:45:31,832: Traceback (most recent call last):
  File "/opt/ros/noetic/lib/python3/dist-packages/rosmaster/threadpool.py", line 218, in run
    result = cmd(*args)
  File "/opt/ros/noetic/lib/python3/dist-packages/rosmaster/master_api.py", line 210, in publisher_update_task
    ret = xmlrpcapi(api).publisherUpdate('/master', topic, pub_uris)
  File "/usr/lib/python3.8/xmlrpc/client.py", line 1109, in __call__
    return self.__send(self.__name, args)
  File "/usr/lib/python3.8/xmlrpc/client.py", line 1450, in __request
    response = self.__transport.request(
  File "/usr/lib/python3.8/xmlrpc/client.py", line 1153, in request
    return self.single_request(host, handler, request_body, verbose)
  File "/usr/lib/python3.8/xmlrpc/client.py", line 1165, in single_request
    http_conn = self.send_request(host, handler, request_body, verbose)
  File "/usr/lib/python3.8/xmlrpc/client.py", line 1278, in send_request
    self.send_content(connection, request_body)
  File "/usr/lib/python3.8/xmlrpc/client.py", line 1308, in send_content
    connection.endheaders(request_body)
  File "/usr/lib/python3.8/http/client.py", line 1251, in endheaders
    self._send_output(message_body, encode_chunked=encode_chunked)
  File "/usr/lib/python3.8/http/client.py", line 1011, in _send_output
    self.send(msg)
  File "/usr/lib/python3.8/http/client.py", line 951, in send
    self.connect()
  File "/usr/lib/python3.8/http/client.py", line 922, in connect
    self.sock = self._create_connection(
  File "/usr/lib/python3.8/socket.py", line 808, in create_connection
    raise err
  File "/usr/lib/python3.8/socket.py", line 796, in create_connection
    sock.connect(sa)
ConnectionRefusedError: [Errno 111] Connection refused

[rosmaster.master][INFO] 2026-03-11 22:45:31,832: -SERVICE [/camera/color/image_raw/compressedDepth/set_parameters] /gazebo rosrpc://rera:58827
[rosmaster.threadpool][ERROR] 2026-03-11 22:45:31,831: Traceback (most recent call last):
  File "/opt/ros/noetic/lib/python3/dist-packages/rosmaster/threadpool.py", line 218, in run
    result = cmd(*args)
  File "/opt/ros/noetic/lib/python3/dist-packages/rosmaster/master_api.py", line 210, in publisher_update_task
    ret = xmlrpcapi(api).publisherUpdate('/master', topic, pub_uris)
  File "/usr/lib/python3.8/xmlrpc/client.py", line 1109, in __call__
    return self.__send(self.__name, args)
  File "/usr/lib/python3.8/xmlrpc/client.py", line 1450, in __request
    response = self.__transport.request(
  File "/usr/lib/python3.8/xmlrpc/client.py", line 1153, in request
    return self.single_request(host, handler, request_body, verbose)
  File "/usr/lib/python3.8/xmlrpc/client.py", line 1165, in single_request
    http_conn = self.send_request(host, handler, request_body, verbose)
  File "/usr/lib/python3.8/xmlrpc/client.py", line 1278, in send_request
    self.send_content(connection, request_body)
  File "/usr/lib/python3.8/xmlrpc/client.py", line 1308, in send_content
    connection.endheaders(request_body)
  File "/usr/lib/python3.8/http/client.py", line 1251, in endheaders
    self._send_output(message_body, encode_chunked=encode_chunked)
  File "/usr/lib/python3.8/http/client.py", line 1011, in _send_output
    self.send(msg)
  File "/usr/lib/python3.8/http/client.py", line 951, in send
    self.connect()
  File "/usr/lib/python3.8/http/client.py", line 922, in connect
    self.sock = self._create_connection(
  File "/usr/lib/python3.8/socket.py", line 808, in create_connection
    raise err
  File "/usr/lib/python3.8/socket.py", line 796, in create_connection
    sock.connect(sa)
ConnectionRefusedError: [Errno 111] Connection refused

[rosmaster.master][INFO] 2026-03-11 22:45:31,833: publisherUpdate[/clock] -> http://rera:46795/ []: sec=0.00, exception=[Errno 111] Connection refused
[rosmaster.master][INFO] 2026-03-11 22:45:31,833: publisherUpdate[/tf] -> http://rera:39197/ ['http://rera:38799/']
[rosmaster.master][INFO] 2026-03-11 22:45:31,834: -PUB [/camera/color/image_raw/compressed/parameter_descriptions] /gazebo http://rera:38799/
[rosmaster.master][INFO] 2026-03-11 22:45:31,834: publisherUpdate[/tf] -> http://rera:38007/ ['http://rera:38799/']
[rosmaster.threadpool][ERROR] 2026-03-11 22:45:31,835: Traceback (most recent call last):
  File "/opt/ros/noetic/lib/python3/dist-packages/rosmaster/threadpool.py", line 218, in run
    result = cmd(*args)
  File "/opt/ros/noetic/lib/python3/dist-packages/rosmaster/master_api.py", line 210, in publisher_update_task
    ret = xmlrpcapi(api).publisherUpdate('/master', topic, pub_uris)
  File "/usr/lib/python3.8/xmlrpc/client.py", line 1109, in __call__
    return self.__send(self.__name, args)
  File "/usr/lib/python3.8/xmlrpc/client.py", line 1450, in __request
    response = self.__transport.request(
  File "/usr/lib/python3.8/xmlrpc/client.py", line 1153, in request
    return self.single_request(host, handler, request_body, verbose)
  File "/usr/lib/python3.8/xmlrpc/client.py", line 1165, in single_request
    http_conn = self.send_request(host, handler, request_body, verbose)
  File "/usr/lib/python3.8/xmlrpc/client.py", line 1278, in send_request
    self.send_content(connection, request_body)
  File "/usr/lib/python3.8/xmlrpc/client.py", line 1308, in send_content
    connection.endheaders(request_body)
  File "/usr/lib/python3.8/http/client.py", line 1251, in endheaders
    self._send_output(message_body, encode_chunked=encode_chunked)
  File "/usr/lib/python3.8/http/client.py", line 1011, in _send_output
    self.send(msg)
  File "/usr/lib/python3.8/http/client.py", line 951, in send
    self.connect()
  File "/usr/lib/python3.8/http/client.py", line 922, in connect
    self.sock = self._create_connection(
  File "/usr/lib/python3.8/socket.py", line 808, in create_connection
    raise err
  File "/usr/lib/python3.8/socket.py", line 796, in create_connection
    sock.connect(sa)
ConnectionRefusedError: [Errno 111] Connection refused

[rosmaster.master][INFO] 2026-03-11 22:45:31,836: publisherUpdate[/tf] -> http://rera:46795/ ['http://rera:38799/']
[rosmaster.master][INFO] 2026-03-11 22:45:31,836: publisherUpdate[/tf] -> http://rera:39197/ ['http://rera:38799/']: sec=0.00, exception=[Errno 111] Connection refused
[rosmaster.master][INFO] 2026-03-11 22:45:31,835: -PUB [/camera/color/image_raw/compressed/parameter_updates] /gazebo http://rera:38799/
[rosmaster.master][INFO] 2026-03-11 22:45:31,836: publisherUpdate[/tf] -> http://rera:38007/ ['http://rera:38799/']: sec=0.00, exception=[Errno 111] Connection refused
[rosmaster.threadpool][ERROR] 2026-03-11 22:45:31,837: Traceback (most recent call last):
  File "/opt/ros/noetic/lib/python3/dist-packages/rosmaster/threadpool.py", line 218, in run
    result = cmd(*args)
  File "/opt/ros/noetic/lib/python3/dist-packages/rosmaster/master_api.py", line 210, in publisher_update_task
    ret = xmlrpcapi(api).publisherUpdate('/master', topic, pub_uris)
  File "/usr/lib/python3.8/xmlrpc/client.py", line 1109, in __call__
    return self.__send(self.__name, args)
  File "/usr/lib/python3.8/xmlrpc/client.py", line 1450, in __request
    response = self.__transport.request(
  File "/usr/lib/python3.8/xmlrpc/client.py", line 1153, in request
    return self.single_request(host, handler, request_body, verbose)
  File "/usr/lib/python3.8/xmlrpc/client.py", line 1165, in single_request
    http_conn = self.send_request(host, handler, request_body, verbose)
  File "/usr/lib/python3.8/xmlrpc/client.py", line 1278, in send_request
    self.send_content(connection, request_body)
  File "/usr/lib/python3.8/xmlrpc/client.py", line 1308, in send_content
    connection.endheaders(request_body)
  File "/usr/lib/python3.8/http/client.py", line 1251, in endheaders
    self._send_output(message_body, encode_chunked=encode_chunked)
  File "/usr/lib/python3.8/http/client.py", line 1011, in _send_output
    self.send(msg)
  File "/usr/lib/python3.8/http/client.py", line 951, in send
    self.connect()
  File "/usr/lib/python3.8/http/client.py", line 922, in connect
    self.sock = self._create_connection(
  File "/usr/lib/python3.8/socket.py", line 808, in create_connection
    raise err
  File "/usr/lib/python3.8/socket.py", line 796, in create_connection
    sock.connect(sa)
ConnectionRefusedError: [Errno 111] Connection refused

[rosmaster.master][INFO] 2026-03-11 22:45:31,838: publisherUpdate[/tf] -> http://rera:39197/ []
[rosmaster.master][INFO] 2026-03-11 22:45:31,837: publisherUpdate[/tf] -> http://rera:46795/ ['http://rera:38799/']: sec=0.00, exception=[Errno 111] Connection refused
[rosmaster.threadpool][ERROR] 2026-03-11 22:45:31,838: Traceback (most recent call last):
  File "/opt/ros/noetic/lib/python3/dist-packages/rosmaster/threadpool.py", line 218, in run
    result = cmd(*args)
  File "/opt/ros/noetic/lib/python3/dist-packages/rosmaster/master_api.py", line 210, in publisher_update_task
    ret = xmlrpcapi(api).publisherUpdate('/master', topic, pub_uris)
  File "/usr/lib/python3.8/xmlrpc/client.py", line 1109, in __call__
    return self.__send(self.__name, args)
  File "/usr/lib/python3.8/xmlrpc/client.py", line 1450, in __request
    response = self.__transport.request(
  File "/usr/lib/python3.8/xmlrpc/client.py", line 1153, in request
    return self.single_request(host, handler, request_body, verbose)
  File "/usr/lib/python3.8/xmlrpc/client.py", line 1165, in single_request
    http_conn = self.send_request(host, handler, request_body, verbose)
  File "/usr/lib/python3.8/xmlrpc/client.py", line 1278, in send_request
    self.send_content(connection, request_body)
  File "/usr/lib/python3.8/xmlrpc/client.py", line 1308, in send_content
    connection.endheaders(request_body)
  File "/usr/lib/python3.8/http/client.py", line 1251, in endheaders
    self._send_output(message_body, encode_chunked=encode_chunked)
  File "/usr/lib/python3.8/http/client.py", line 1011, in _send_output
    self.send(msg)
  File "/usr/lib/python3.8/http/client.py", line 951, in send
    self.connect()
  File "/usr/lib/python3.8/http/client.py", line 922, in connect
    self.sock = self._create_connection(
  File "/usr/lib/python3.8/socket.py", line 808, in create_connection
    raise err
  File "/usr/lib/python3.8/socket.py", line 796, in create_connection
    sock.connect(sa)
ConnectionRefusedError: [Errno 111] Connection refused

[rosmaster.master][INFO] 2026-03-11 22:45:31,840: publisherUpdate[/tf] -> http://rera:38007/ []
[rosmaster.threadpool][ERROR] 2026-03-11 22:45:31,840: Traceback (most recent call last):
  File "/opt/ros/noetic/lib/python3/dist-packages/rosmaster/threadpool.py", line 218, in run
    result = cmd(*args)
  File "/opt/ros/noetic/lib/python3/dist-packages/rosmaster/master_api.py", line 210, in publisher_update_task
    ret = xmlrpcapi(api).publisherUpdate('/master', topic, pub_uris)
  File "/usr/lib/python3.8/xmlrpc/client.py", line 1109, in __call__
    return self.__send(self.__name, args)
  File "/usr/lib/python3.8/xmlrpc/client.py", line 1450, in __request
    response = self.__transport.request(
  File "/usr/lib/python3.8/xmlrpc/client.py", line 1153, in request
    return self.single_request(host, handler, request_body, verbose)
  File "/usr/lib/python3.8/xmlrpc/client.py", line 1165, in single_request
    http_conn = self.send_request(host, handler, request_body, verbose)
  File "/usr/lib/python3.8/xmlrpc/client.py", line 1278, in send_request
    self.send_content(connection, request_body)
  File "/usr/lib/python3.8/xmlrpc/client.py", line 1308, in send_content
    connection.endheaders(request_body)
  File "/usr/lib/python3.8/http/client.py", line 1251, in endheaders
    self._send_output(message_body, encode_chunked=encode_chunked)
  File "/usr/lib/python3.8/http/client.py", line 1011, in _send_output
    self.send(msg)
  File "/usr/lib/python3.8/http/client.py", line 951, in send
    self.connect()
  File "/usr/lib/python3.8/http/client.py", line 922, in connect
    self.sock = self._create_connection(
  File "/usr/lib/python3.8/socket.py", line 808, in create_connection
    raise err
  File "/usr/lib/python3.8/socket.py", line 796, in create_connection
    sock.connect(sa)
ConnectionRefusedError: [Errno 111] Connection refused

[rosmaster.master][INFO] 2026-03-11 22:45:31,840: publisherUpdate[/tf] -> http://rera:39197/ []: sec=0.00, exception=[Errno 111] Connection refused
[rosmaster.master][INFO] 2026-03-11 22:45:31,839: -SERVICE [/camera/color/image_raw/compressed/set_parameters] /gazebo rosrpc://rera:58827
[rosmaster.master][INFO] 2026-03-11 22:45:31,841: publisherUpdate[/tf] -> http://rera:46795/ []
[rosmaster.master][INFO] 2026-03-11 22:45:31,841: publisherUpdate[/tf] -> http://rera:38007/ []: sec=0.00, exception=[Errno 111] Connection refused
[rosmaster.threadpool][ERROR] 2026-03-11 22:45:31,842: Traceback (most recent call last):
  File "/opt/ros/noetic/lib/python3/dist-packages/rosmaster/threadpool.py", line 218, in run
    result = cmd(*args)
  File "/opt/ros/noetic/lib/python3/dist-packages/rosmaster/master_api.py", line 210, in publisher_update_task
    ret = xmlrpcapi(api).publisherUpdate('/master', topic, pub_uris)
  File "/usr/lib/python3.8/xmlrpc/client.py", line 1109, in __call__
    return self.__send(self.__name, args)
  File "/usr/lib/python3.8/xmlrpc/client.py", line 1450, in __request
    response = self.__transport.request(
  File "/usr/lib/python3.8/xmlrpc/client.py", line 1153, in request
    return self.single_request(host, handler, request_body, verbose)
  File "/usr/lib/python3.8/xmlrpc/client.py", line 1165, in single_request
    http_conn = self.send_request(host, handler, request_body, verbose)
  File "/usr/lib/python3.8/xmlrpc/client.py", line 1278, in send_request
    self.send_content(connection, request_body)
  File "/usr/lib/python3.8/xmlrpc/client.py", line 1308, in send_content
    connection.endheaders(request_body)
  File "/usr/lib/python3.8/http/client.py", line 1251, in endheaders
    self._send_output(message_body, encode_chunked=encode_chunked)
  File "/usr/lib/python3.8/http/client.py", line 1011, in _send_output
    self.send(msg)
  File "/usr/lib/python3.8/http/client.py", line 951, in send
    self.connect()
  File "/usr/lib/python3.8/http/client.py", line 922, in connect
    self.sock = self._create_connection(
  File "/usr/lib/python3.8/socket.py", line 808, in create_connection
    raise err
  File "/usr/lib/python3.8/socket.py", line 796, in create_connection
    sock.connect(sa)
ConnectionRefusedError: [Errno 111] Connection refused

[rosmaster.master][INFO] 2026-03-11 22:45:31,843: -PUB [/camera/color/image_raw/theora/parameter_descriptions] /gazebo http://rera:38799/
[rosmaster.master][INFO] 2026-03-11 22:45:31,843: publisherUpdate[/tf] -> http://rera:46795/ []: sec=0.00, exception=[Errno 111] Connection refused
[rosmaster.threadpool][ERROR] 2026-03-11 22:45:31,843: Traceback (most recent call last):
  File "/opt/ros/noetic/lib/python3/dist-packages/rosmaster/threadpool.py", line 218, in run
    result = cmd(*args)
  File "/opt/ros/noetic/lib/python3/dist-packages/rosmaster/master_api.py", line 210, in publisher_update_task
    ret = xmlrpcapi(api).publisherUpdate('/master', topic, pub_uris)
  File "/usr/lib/python3.8/xmlrpc/client.py", line 1109, in __call__
    return self.__send(self.__name, args)
  File "/usr/lib/python3.8/xmlrpc/client.py", line 1450, in __request
    response = self.__transport.request(
  File "/usr/lib/python3.8/xmlrpc/client.py", line 1153, in request
    return self.single_request(host, handler, request_body, verbose)
  File "/usr/lib/python3.8/xmlrpc/client.py", line 1165, in single_request
    http_conn = self.send_request(host, handler, request_body, verbose)
  File "/usr/lib/python3.8/xmlrpc/client.py", line 1278, in send_request
    self.send_content(connection, request_body)
  File "/usr/lib/python3.8/xmlrpc/client.py", line 1308, in send_content
    connection.endheaders(request_body)
  File "/usr/lib/python3.8/http/client.py", line 1251, in endheaders
    self._send_output(message_body, encode_chunked=encode_chunked)
  File "/usr/lib/python3.8/http/client.py", line 1011, in _send_output
    self.send(msg)
  File "/usr/lib/python3.8/http/client.py", line 951, in send
    self.connect()
  File "/usr/lib/python3.8/http/client.py", line 922, in connect
    self.sock = self._create_connection(
  File "/usr/lib/python3.8/socket.py", line 808, in create_connection
    raise err
  File "/usr/lib/python3.8/socket.py", line 796, in create_connection
    sock.connect(sa)
ConnectionRefusedError: [Errno 111] Connection refused

[rosmaster.master][INFO] 2026-03-11 22:45:31,844: -PUB [/camera/color/image_raw/theora/parameter_updates] /gazebo http://rera:38799/
[rosmaster.threadpool][ERROR] 2026-03-11 22:45:31,845: Traceback (most recent call last):
  File "/opt/ros/noetic/lib/python3/dist-packages/rosmaster/threadpool.py", line 218, in run
    result = cmd(*args)
  File "/opt/ros/noetic/lib/python3/dist-packages/rosmaster/master_api.py", line 210, in publisher_update_task
    ret = xmlrpcapi(api).publisherUpdate('/master', topic, pub_uris)
  File "/usr/lib/python3.8/xmlrpc/client.py", line 1109, in __call__
    return self.__send(self.__name, args)
  File "/usr/lib/python3.8/xmlrpc/client.py", line 1450, in __request
    response = self.__transport.request(
  File "/usr/lib/python3.8/xmlrpc/client.py", line 1153, in request
    return self.single_request(host, handler, request_body, verbose)
  File "/usr/lib/python3.8/xmlrpc/client.py", line 1165, in single_request
    http_conn = self.send_request(host, handler, request_body, verbose)
  File "/usr/lib/python3.8/xmlrpc/client.py", line 1278, in send_request
    self.send_content(connection, request_body)
  File "/usr/lib/python3.8/xmlrpc/client.py", line 1308, in send_content
    connection.endheaders(request_body)
  File "/usr/lib/python3.8/http/client.py", line 1251, in endheaders
    self._send_output(message_body, encode_chunked=encode_chunked)
  File "/usr/lib/python3.8/http/client.py", line 1011, in _send_output
    self.send(msg)
  File "/usr/lib/python3.8/http/client.py", line 951, in send
    self.connect()
  File "/usr/lib/python3.8/http/client.py", line 922, in connect
    self.sock = self._create_connection(
  File "/usr/lib/python3.8/socket.py", line 808, in create_connection
    raise err
  File "/usr/lib/python3.8/socket.py", line 796, in create_connection
    sock.connect(sa)
ConnectionRefusedError: [Errno 111] Connection refused

[rosmaster.master][INFO] 2026-03-11 22:45:31,845: -SERVICE [/camera/color/image_raw/theora/set_parameters] /gazebo rosrpc://rera:58827
[rosmaster.master][INFO] 2026-03-11 22:45:31,846: -PUB [/camera/depth/points] /gazebo http://rera:38799/
[rosmaster.master][INFO] 2026-03-11 22:45:31,847: -PUB [/camera/depth/camera_info] /gazebo http://rera:38799/
[rosmaster.master][INFO] 2026-03-11 22:45:31,848: -PUB [/camera/depth/image_raw/compressedDepth] /gazebo http://rera:38799/
[rosmaster.master][INFO] 2026-03-11 22:45:31,848: -PUB [/camera/depth/image_raw/compressed] /gazebo http://rera:38799/
[rosmaster.master][INFO] 2026-03-11 22:45:31,849: -PUB [/camera/depth/image_raw] /gazebo http://rera:38799/
[rosmaster.master][INFO] 2026-03-11 22:45:31,849: -PUB [/camera/depth/image_raw/theora] /gazebo http://rera:38799/
[rosmaster.master][INFO] 2026-03-11 22:45:31,850: -PUB [/camera/depth/image_raw/compressedDepth/parameter_descriptions] /gazebo http://rera:38799/
[rosmaster.master][INFO] 2026-03-11 22:45:31,851: -PUB [/camera/depth/image_raw/compressedDepth/parameter_updates] /gazebo http://rera:38799/
[rosmaster.master][INFO] 2026-03-11 22:45:31,851: -SERVICE [/camera/depth/image_raw/compressedDepth/set_parameters] /gazebo rosrpc://rera:58827
[rosmaster.master][INFO] 2026-03-11 22:45:31,852: -PUB [/camera/depth/image_raw/compressed/parameter_descriptions] /gazebo http://rera:38799/
[rosmaster.master][INFO] 2026-03-11 22:45:31,852: -PUB [/camera/depth/image_raw/compressed/parameter_updates] /gazebo http://rera:38799/
[rosmaster.master][INFO] 2026-03-11 22:45:31,853: -SERVICE [/camera/depth/image_raw/compressed/set_parameters] /gazebo rosrpc://rera:58827
[rosmaster.master][INFO] 2026-03-11 22:45:31,853: -PUB [/camera/depth/image_raw/theora/parameter_descriptions] /gazebo http://rera:38799/
[rosmaster.master][INFO] 2026-03-11 22:45:31,854: -PUB [/camera/depth/image_raw/theora/parameter_updates] /gazebo http://rera:38799/
[rosmaster.master][INFO] 2026-03-11 22:45:31,854: -SERVICE [/camera/depth/image_raw/theora/set_parameters] /gazebo rosrpc://rera:58827
[rosmaster.master][INFO] 2026-03-11 22:45:31,856: -PUB [/velodyne_points] /gazebo http://rera:38799/
[rosmaster.master][INFO] 2026-03-11 22:45:31,864: -PUB [/camera/imu] /gazebo http://rera:38799/
[rosmaster.master][INFO] 2026-03-11 22:45:32,128: -PUB [/rosout] /gazebo http://rera:38799/
[rosmaster.master][INFO] 2026-03-11 22:45:32,129: -PUB [/camera/parameter_descriptions] /gazebo http://rera:38799/
[rosmaster.master][INFO] 2026-03-11 22:45:32,129: -PUB [/camera/parameter_updates] /gazebo http://rera:38799/
[rosmaster.master][INFO] 2026-03-11 22:45:32,130: -SUB [/clock] /gazebo http://rera:38799/
[rosmaster.master][INFO] 2026-03-11 22:45:32,131: -SERVICE [/gazebo/get_loggers] /gazebo rosrpc://rera:58827
[rosmaster.master][INFO] 2026-03-11 22:45:32,131: -SERVICE [/gazebo/set_logger_level] /gazebo rosrpc://rera:58827
[rosmaster.master][INFO] 2026-03-11 22:45:32,132: -SERVICE [/camera/set_parameters] /gazebo rosrpc://rera:58827
[rosmaster.master][INFO] 2026-03-11 22:45:32,133: -CACHEDPARAM [/rosout_disable_topics_generation] by /gazebo
[rosmaster.master][INFO] 2026-03-11 22:51:52,088: +PARAM [/roslaunch/uris/host_rera__44853] by /roslaunch
[rosmaster.master][INFO] 2026-03-11 22:51:52,090: +PARAM [/rosversion] by /roslaunch
[rosmaster.master][INFO] 2026-03-11 22:51:52,091: +PARAM [/rosdistro] by /roslaunch
[rosmaster.master][INFO] 2026-03-11 22:51:52,091: +PARAM [/use_sim_time] by /roslaunch
[rosmaster.master][INFO] 2026-03-11 22:51:52,091: +PARAM [/gazebo/enable_ros_network] by /roslaunch
[rosmaster.master][INFO] 2026-03-11 22:51:52,208: +PUB [/rosout] /tf_footprint_base http://rera:35591/
[rosmaster.master][INFO] 2026-03-11 22:51:52,209: +SERVICE [/tf_footprint_base/get_loggers] /tf_footprint_base http://rera:35591/
[rosmaster.master][INFO] 2026-03-11 22:51:52,210: +SERVICE [/tf_footprint_base/set_logger_level] /tf_footprint_base http://rera:35591/
[rosmaster.master][INFO] 2026-03-11 22:51:52,215: +SUB [/clock] /tf_footprint_base http://rera:35591/
[rosmaster.master][INFO] 2026-03-11 22:51:52,217: +PUB [/tf] /tf_footprint_base http://rera:35591/
[rosmaster.master][INFO] 2026-03-11 22:51:52,218: +PUB [/rosout] /tf_body_footprint http://rera:45787/
[rosmaster.master][INFO] 2026-03-11 22:51:52,219: +SERVICE [/tf_body_footprint/get_loggers] /tf_body_footprint http://rera:45787/
[rosmaster.master][INFO] 2026-03-11 22:51:52,220: +SERVICE [/tf_body_footprint/set_logger_level] /tf_body_footprint http://rera:45787/
[rosmaster.master][INFO] 2026-03-11 22:51:52,225: +SUB [/clock] /tf_body_footprint http://rera:45787/
[rosmaster.master][INFO] 2026-03-11 22:51:52,226: +PUB [/tf] /tf_body_footprint http://rera:45787/
[rosmaster.master][INFO] 2026-03-11 22:51:52,286: publisherUpdate[/tf] -> http://rera:39197/ ['http://rera:35591/']
[rosmaster.master][INFO] 2026-03-11 22:51:52,286: publisherUpdate[/tf] -> http://rera:38007/ ['http://rera:35591/']
[rosmaster.master][INFO] 2026-03-11 22:51:52,288: publisherUpdate[/tf] -> http://rera:38007/ ['http://rera:35591/']: sec=0.00, exception=[Errno 111] Connection refused
[rosmaster.threadpool][ERROR] 2026-03-11 22:51:52,288: Traceback (most recent call last):
  File "/opt/ros/noetic/lib/python3/dist-packages/rosmaster/threadpool.py", line 218, in run
    result = cmd(*args)
  File "/opt/ros/noetic/lib/python3/dist-packages/rosmaster/master_api.py", line 210, in publisher_update_task
    ret = xmlrpcapi(api).publisherUpdate('/master', topic, pub_uris)
  File "/usr/lib/python3.8/xmlrpc/client.py", line 1109, in __call__
    return self.__send(self.__name, args)
  File "/usr/lib/python3.8/xmlrpc/client.py", line 1450, in __request
    response = self.__transport.request(
  File "/usr/lib/python3.8/xmlrpc/client.py", line 1153, in request
    return self.single_request(host, handler, request_body, verbose)
  File "/usr/lib/python3.8/xmlrpc/client.py", line 1165, in single_request
    http_conn = self.send_request(host, handler, request_body, verbose)
  File "/usr/lib/python3.8/xmlrpc/client.py", line 1278, in send_request
    self.send_content(connection, request_body)
  File "/usr/lib/python3.8/xmlrpc/client.py", line 1308, in send_content
    connection.endheaders(request_body)
  File "/usr/lib/python3.8/http/client.py", line 1251, in endheaders
    self._send_output(message_body, encode_chunked=encode_chunked)
  File "/usr/lib/python3.8/http/client.py", line 1011, in _send_output
    self.send(msg)
  File "/usr/lib/python3.8/http/client.py", line 951, in send
    self.connect()
  File "/usr/lib/python3.8/http/client.py", line 922, in connect
    self.sock = self._create_connection(
  File "/usr/lib/python3.8/socket.py", line 808, in create_connection
    raise err
  File "/usr/lib/python3.8/socket.py", line 796, in create_connection
    sock.connect(sa)
ConnectionRefusedError: [Errno 111] Connection refused

[rosmaster.master][INFO] 2026-03-11 22:51:52,289: publisherUpdate[/tf] -> http://rera:46795/ ['http://rera:35591/']
[rosmaster.master][INFO] 2026-03-11 22:51:52,289: publisherUpdate[/tf] -> http://rera:46795/ ['http://rera:35591/']: sec=0.00, exception=[Errno 111] Connection refused
[rosmaster.threadpool][ERROR] 2026-03-11 22:51:52,290: Traceback (most recent call last):
  File "/opt/ros/noetic/lib/python3/dist-packages/rosmaster/threadpool.py", line 218, in run
    result = cmd(*args)
  File "/opt/ros/noetic/lib/python3/dist-packages/rosmaster/master_api.py", line 210, in publisher_update_task
    ret = xmlrpcapi(api).publisherUpdate('/master', topic, pub_uris)
  File "/usr/lib/python3.8/xmlrpc/client.py", line 1109, in __call__
    return self.__send(self.__name, args)
  File "/usr/lib/python3.8/xmlrpc/client.py", line 1450, in __request
    response = self.__transport.request(
  File "/usr/lib/python3.8/xmlrpc/client.py", line 1153, in request
    return self.single_request(host, handler, request_body, verbose)
  File "/usr/lib/python3.8/xmlrpc/client.py", line 1165, in single_request
    http_conn = self.send_request(host, handler, request_body, verbose)
  File "/usr/lib/python3.8/xmlrpc/client.py", line 1278, in send_request
    self.send_content(connection, request_body)
  File "/usr/lib/python3.8/xmlrpc/client.py", line 1308, in send_content
    connection.endheaders(request_body)
  File "/usr/lib/python3.8/http/client.py", line 1251, in endheaders
    self._send_output(message_body, encode_chunked=encode_chunked)
  File "/usr/lib/python3.8/http/client.py", line 1011, in _send_output
    self.send(msg)
  File "/usr/lib/python3.8/http/client.py", line 951, in send
    self.connect()
  File "/usr/lib/python3.8/http/client.py", line 922, in connect
    self.sock = self._create_connection(
  File "/usr/lib/python3.8/socket.py", line 808, in create_connection
    raise err
  File "/usr/lib/python3.8/socket.py", line 796, in create_connection
    sock.connect(sa)
ConnectionRefusedError: [Errno 111] Connection refused

[rosmaster.master][INFO] 2026-03-11 22:51:52,290: publisherUpdate[/tf] -> http://rera:38007/ ['http://rera:35591/', 'http://rera:45787/']
[rosmaster.master][INFO] 2026-03-11 22:51:52,290: publisherUpdate[/tf] -> http://rera:38007/ ['http://rera:35591/', 'http://rera:45787/']: sec=0.00, exception=[Errno 111] Connection refused
[rosmaster.threadpool][ERROR] 2026-03-11 22:51:52,291: Traceback (most recent call last):
  File "/opt/ros/noetic/lib/python3/dist-packages/rosmaster/threadpool.py", line 218, in run
    result = cmd(*args)
  File "/opt/ros/noetic/lib/python3/dist-packages/rosmaster/master_api.py", line 210, in publisher_update_task
    ret = xmlrpcapi(api).publisherUpdate('/master', topic, pub_uris)
  File "/usr/lib/python3.8/xmlrpc/client.py", line 1109, in __call__
    return self.__send(self.__name, args)
  File "/usr/lib/python3.8/xmlrpc/client.py", line 1450, in __request
    response = self.__transport.request(
  File "/usr/lib/python3.8/xmlrpc/client.py", line 1153, in request
    return self.single_request(host, handler, request_body, verbose)
  File "/usr/lib/python3.8/xmlrpc/client.py", line 1165, in single_request
    http_conn = self.send_request(host, handler, request_body, verbose)
  File "/usr/lib/python3.8/xmlrpc/client.py", line 1278, in send_request
    self.send_content(connection, request_body)
  File "/usr/lib/python3.8/xmlrpc/client.py", line 1308, in send_content
    connection.endheaders(request_body)
  File "/usr/lib/python3.8/http/client.py", line 1251, in endheaders
    self._send_output(message_body, encode_chunked=encode_chunked)
  File "/usr/lib/python3.8/http/client.py", line 1011, in _send_output
    self.send(msg)
  File "/usr/lib/python3.8/http/client.py", line 951, in send
    self.connect()
  File "/usr/lib/python3.8/http/client.py", line 922, in connect
    self.sock = self._create_connection(
  File "/usr/lib/python3.8/socket.py", line 808, in create_connection
    raise err
  File "/usr/lib/python3.8/socket.py", line 796, in create_connection
    sock.connect(sa)
ConnectionRefusedError: [Errno 111] Connection refused

[rosmaster.master][INFO] 2026-03-11 22:51:52,291: publisherUpdate[/tf] -> http://rera:46795/ ['http://rera:35591/', 'http://rera:45787/']
[rosmaster.master][INFO] 2026-03-11 22:51:52,292: publisherUpdate[/tf] -> http://rera:46795/ ['http://rera:35591/', 'http://rera:45787/']: sec=0.00, exception=[Errno 111] Connection refused
[rosmaster.threadpool][ERROR] 2026-03-11 22:51:52,292: Traceback (most recent call last):
  File "/opt/ros/noetic/lib/python3/dist-packages/rosmaster/threadpool.py", line 218, in run
    result = cmd(*args)
  File "/opt/ros/noetic/lib/python3/dist-packages/rosmaster/master_api.py", line 210, in publisher_update_task
    ret = xmlrpcapi(api).publisherUpdate('/master', topic, pub_uris)
  File "/usr/lib/python3.8/xmlrpc/client.py", line 1109, in __call__
    return self.__send(self.__name, args)
  File "/usr/lib/python3.8/xmlrpc/client.py", line 1450, in __request
    response = self.__transport.request(
  File "/usr/lib/python3.8/xmlrpc/client.py", line 1153, in request
    return self.single_request(host, handler, request_body, verbose)
  File "/usr/lib/python3.8/xmlrpc/client.py", line 1165, in single_request
    http_conn = self.send_request(host, handler, request_body, verbose)
  File "/usr/lib/python3.8/xmlrpc/client.py", line 1278, in send_request
    self.send_content(connection, request_body)
  File "/usr/lib/python3.8/xmlrpc/client.py", line 1308, in send_content
    connection.endheaders(request_body)
  File "/usr/lib/python3.8/http/client.py", line 1251, in endheaders
    self._send_output(message_body, encode_chunked=encode_chunked)
  File "/usr/lib/python3.8/http/client.py", line 1011, in _send_output
    self.send(msg)
  File "/usr/lib/python3.8/http/client.py", line 951, in send
    self.connect()
  File "/usr/lib/python3.8/http/client.py", line 922, in connect
    self.sock = self._create_connection(
  File "/usr/lib/python3.8/socket.py", line 808, in create_connection
    raise err
  File "/usr/lib/python3.8/socket.py", line 796, in create_connection
    sock.connect(sa)
ConnectionRefusedError: [Errno 111] Connection refused

[rosmaster.master][INFO] 2026-03-11 22:51:52,293: publisherUpdate[/tf] -> http://rera:39197/ ['http://rera:35591/']: sec=0.01, exception=[Errno 111] Connection refused
[rosmaster.threadpool][ERROR] 2026-03-11 22:51:52,294: Traceback (most recent call last):
  File "/opt/ros/noetic/lib/python3/dist-packages/rosmaster/threadpool.py", line 218, in run
    result = cmd(*args)
  File "/opt/ros/noetic/lib/python3/dist-packages/rosmaster/master_api.py", line 210, in publisher_update_task
    ret = xmlrpcapi(api).publisherUpdate('/master', topic, pub_uris)
  File "/usr/lib/python3.8/xmlrpc/client.py", line 1109, in __call__
    return self.__send(self.__name, args)
  File "/usr/lib/python3.8/xmlrpc/client.py", line 1450, in __request
    response = self.__transport.request(
  File "/usr/lib/python3.8/xmlrpc/client.py", line 1153, in request
    return self.single_request(host, handler, request_body, verbose)
  File "/usr/lib/python3.8/xmlrpc/client.py", line 1165, in single_request
    http_conn = self.send_request(host, handler, request_body, verbose)
  File "/usr/lib/python3.8/xmlrpc/client.py", line 1278, in send_request
    self.send_content(connection, request_body)
  File "/usr/lib/python3.8/xmlrpc/client.py", line 1308, in send_content
    connection.endheaders(request_body)
  File "/usr/lib/python3.8/http/client.py", line 1251, in endheaders
    self._send_output(message_body, encode_chunked=encode_chunked)
  File "/usr/lib/python3.8/http/client.py", line 1011, in _send_output
    self.send(msg)
  File "/usr/lib/python3.8/http/client.py", line 951, in send
    self.connect()
  File "/usr/lib/python3.8/http/client.py", line 922, in connect
    self.sock = self._create_connection(
  File "/usr/lib/python3.8/socket.py", line 808, in create_connection
    raise err
  File "/usr/lib/python3.8/socket.py", line 796, in create_connection
    sock.connect(sa)
ConnectionRefusedError: [Errno 111] Connection refused

[rosmaster.master][INFO] 2026-03-11 22:51:52,295: publisherUpdate[/tf] -> http://rera:39197/ ['http://rera:35591/', 'http://rera:45787/']
[rosmaster.master][INFO] 2026-03-11 22:51:52,296: publisherUpdate[/tf] -> http://rera:39197/ ['http://rera:35591/', 'http://rera:45787/']: sec=0.00, exception=[Errno 111] Connection refused
[rosmaster.threadpool][ERROR] 2026-03-11 22:51:52,297: Traceback (most recent call last):
  File "/opt/ros/noetic/lib/python3/dist-packages/rosmaster/threadpool.py", line 218, in run
    result = cmd(*args)
  File "/opt/ros/noetic/lib/python3/dist-packages/rosmaster/master_api.py", line 210, in publisher_update_task
    ret = xmlrpcapi(api).publisherUpdate('/master', topic, pub_uris)
  File "/usr/lib/python3.8/xmlrpc/client.py", line 1109, in __call__
    return self.__send(self.__name, args)
  File "/usr/lib/python3.8/xmlrpc/client.py", line 1450, in __request
    response = self.__transport.request(
  File "/usr/lib/python3.8/xmlrpc/client.py", line 1153, in request
    return self.single_request(host, handler, request_body, verbose)
  File "/usr/lib/python3.8/xmlrpc/client.py", line 1165, in single_request
    http_conn = self.send_request(host, handler, request_body, verbose)
  File "/usr/lib/python3.8/xmlrpc/client.py", line 1278, in send_request
    self.send_content(connection, request_body)
  File "/usr/lib/python3.8/xmlrpc/client.py", line 1308, in send_content
    connection.endheaders(request_body)
  File "/usr/lib/python3.8/http/client.py", line 1251, in endheaders
    self._send_output(message_body, encode_chunked=encode_chunked)
  File "/usr/lib/python3.8/http/client.py", line 1011, in _send_output
    self.send(msg)
  File "/usr/lib/python3.8/http/client.py", line 951, in send
    self.connect()
  File "/usr/lib/python3.8/http/client.py", line 922, in connect
    self.sock = self._create_connection(
  File "/usr/lib/python3.8/socket.py", line 808, in create_connection
    raise err
  File "/usr/lib/python3.8/socket.py", line 796, in create_connection
    sock.connect(sa)
ConnectionRefusedError: [Errno 111] Connection refused

[rosmaster.master][INFO] 2026-03-11 22:51:52,766: +PUB [/rosout] /spawn_model http://rera:41049/
[rosmaster.master][INFO] 2026-03-11 22:51:52,769: +SUB [/clock] /spawn_model http://rera:41049/
[rosmaster.master][INFO] 2026-03-11 22:51:52,771: +SERVICE [/spawn_model/get_loggers] /spawn_model http://rera:41049/
[rosmaster.master][INFO] 2026-03-11 22:51:52,772: +SERVICE [/spawn_model/set_logger_level] /spawn_model http://rera:41049/
[rosmaster.master][INFO] 2026-03-11 22:51:52,774: +CACHEDPARAM [/rosout_disable_topics_generation] by /spawn_model
[rosmaster.master][INFO] 2026-03-11 22:51:52,778: +CACHEDPARAM [/rosout_disable_topics_generation] by /spawn_model
[rosmaster.master][INFO] 2026-03-11 22:51:52,887: +PUB [/rosout] /gazebo http://rera:44231/
[rosmaster.master][INFO] 2026-03-11 22:51:52,887: +SERVICE [/gazebo/get_loggers] /gazebo http://rera:44231/
[rosmaster.master][INFO] 2026-03-11 22:51:52,888: +SERVICE [/gazebo/set_logger_level] /gazebo http://rera:44231/
[rosmaster.master][INFO] 2026-03-11 22:51:52,892: +SUB [/clock] /gazebo http://rera:44231/
[rosmaster.master][INFO] 2026-03-11 22:51:52,896: +CACHEDPARAM [/rosout_disable_topics_generation] by /gazebo
[rosmaster.master][INFO] 2026-03-11 22:51:52,934: +SERVICE [/fake_joint_calibration/get_loggers] /fake_joint_calibration http://rera:43261/
[rosmaster.master][INFO] 2026-03-11 22:51:52,935: +SERVICE [/fake_joint_calibration/set_logger_level] /fake_joint_calibration http://rera:43261/
[rosmaster.master][INFO] 2026-03-11 22:51:52,936: +PUB [/calibrated] /fake_joint_calibration http://rera:43261/
[rosmaster.master][INFO] 2026-03-11 22:51:52,966: +PUB [/rosout] /gazebo_gui http://rera:41819/
[rosmaster.master][INFO] 2026-03-11 22:51:52,967: +SERVICE [/gazebo_gui/get_loggers] /gazebo_gui http://rera:41819/
[rosmaster.master][INFO] 2026-03-11 22:51:52,967: +SERVICE [/gazebo_gui/set_logger_level] /gazebo_gui http://rera:41819/
[rosmaster.master][INFO] 2026-03-11 22:51:52,970: +SUB [/clock] /gazebo_gui http://rera:41819/
[rosmaster.master][INFO] 2026-03-11 22:51:52,974: +CACHEDPARAM [/rosout_disable_topics_generation] by /gazebo_gui
[rosmaster.master][INFO] 2026-03-11 22:51:53,565: +PUB [/clock] /gazebo http://rera:44231/
[rosmaster.master][INFO] 2026-03-11 22:51:53,567: +SERVICE [/gazebo/spawn_sdf_model] /gazebo http://rera:44231/
[rosmaster.master][INFO] 2026-03-11 22:51:53,568: +SERVICE [/gazebo/spawn_urdf_model] /gazebo http://rera:44231/
[rosmaster.master][INFO] 2026-03-11 22:51:53,569: +SERVICE [/gazebo/delete_model] /gazebo http://rera:44231/
[rosmaster.master][INFO] 2026-03-11 22:51:53,570: +SERVICE [/gazebo/delete_light] /gazebo http://rera:44231/
[rosmaster.master][INFO] 2026-03-11 22:51:53,570: +SERVICE [/gazebo/get_model_properties] /gazebo http://rera:44231/
[rosmaster.master][INFO] 2026-03-11 22:51:53,571: +SERVICE [/gazebo/get_model_state] /gazebo http://rera:44231/
[rosmaster.master][INFO] 2026-03-11 22:51:53,572: +SERVICE [/gazebo/get_world_properties] /gazebo http://rera:44231/
[rosmaster.master][INFO] 2026-03-11 22:51:53,573: +SERVICE [/gazebo/get_joint_properties] /gazebo http://rera:44231/
[rosmaster.master][INFO] 2026-03-11 22:51:53,573: +SERVICE [/gazebo/get_link_properties] /gazebo http://rera:44231/
[rosmaster.master][INFO] 2026-03-11 22:51:53,574: +SERVICE [/gazebo/get_link_state] /gazebo http://rera:44231/
[rosmaster.master][INFO] 2026-03-11 22:51:53,575: +SERVICE [/gazebo/get_light_properties] /gazebo http://rera:44231/
[rosmaster.master][INFO] 2026-03-11 22:51:53,576: +SERVICE [/gazebo/set_light_properties] /gazebo http://rera:44231/
[rosmaster.master][INFO] 2026-03-11 22:51:53,577: +SERVICE [/gazebo/get_physics_properties] /gazebo http://rera:44231/
[rosmaster.master][INFO] 2026-03-11 22:51:53,577: +PUB [/gazebo/link_states] /gazebo http://rera:44231/
[rosmaster.master][INFO] 2026-03-11 22:51:53,579: +PUB [/gazebo/model_states] /gazebo http://rera:44231/
[rosmaster.master][INFO] 2026-03-11 22:51:53,580: +PUB [/gazebo/performance_metrics] /gazebo http://rera:44231/
[rosmaster.master][INFO] 2026-03-11 22:51:53,581: +SERVICE [/gazebo/set_link_properties] /gazebo http://rera:44231/
[rosmaster.master][INFO] 2026-03-11 22:51:53,582: +SERVICE [/gazebo/set_physics_properties] /gazebo http://rera:44231/
[rosmaster.master][INFO] 2026-03-11 22:51:53,583: +SERVICE [/gazebo/set_model_state] /gazebo http://rera:44231/
[rosmaster.master][INFO] 2026-03-11 22:51:53,583: +SERVICE [/gazebo/set_model_configuration] /gazebo http://rera:44231/
[rosmaster.master][INFO] 2026-03-11 22:51:53,584: +SERVICE [/gazebo/set_joint_properties] /gazebo http://rera:44231/
[rosmaster.master][INFO] 2026-03-11 22:51:53,585: +SERVICE [/gazebo/set_link_state] /gazebo http://rera:44231/
[rosmaster.master][INFO] 2026-03-11 22:51:53,588: +SUB [/gazebo/set_link_state] /gazebo http://rera:44231/
[rosmaster.master][INFO] 2026-03-11 22:51:53,591: +SUB [/gazebo/set_model_state] /gazebo http://rera:44231/
[rosmaster.master][INFO] 2026-03-11 22:51:53,591: +SERVICE [/gazebo/pause_physics] /gazebo http://rera:44231/
[rosmaster.master][INFO] 2026-03-11 22:51:53,592: +SERVICE [/gazebo/unpause_physics] /gazebo http://rera:44231/
[rosmaster.master][INFO] 2026-03-11 22:51:53,592: +SERVICE [/gazebo/apply_body_wrench] /gazebo http://rera:44231/
[rosmaster.master][INFO] 2026-03-11 22:51:53,593: +SERVICE [/gazebo/apply_joint_effort] /gazebo http://rera:44231/
[rosmaster.master][INFO] 2026-03-11 22:51:53,593: +SERVICE [/gazebo/clear_joint_forces] /gazebo http://rera:44231/
[rosmaster.master][INFO] 2026-03-11 22:51:53,594: +SERVICE [/gazebo/clear_body_wrenches] /gazebo http://rera:44231/
[rosmaster.master][INFO] 2026-03-11 22:51:53,594: +SERVICE [/gazebo/reset_simulation] /gazebo http://rera:44231/
[rosmaster.master][INFO] 2026-03-11 22:51:53,595: +SERVICE [/gazebo/reset_world] /gazebo http://rera:44231/
[rosmaster.master][INFO] 2026-03-11 22:51:53,596: publisherUpdate[/clock] -> http://rera:36725/ ['http://rera:44231/']
[rosmaster.master][INFO] 2026-03-11 22:51:53,596: publisherUpdate[/clock] -> http://rera:39197/ ['http://rera:44231/']
[rosmaster.master][INFO] 2026-03-11 22:51:53,597: publisherUpdate[/clock] -> http://rera:39197/ ['http://rera:44231/']: sec=0.00, exception=[Errno 111] Connection refused
[rosmaster.master][INFO] 2026-03-11 22:51:53,597: publisherUpdate[/clock] -> http://rera:36725/ ['http://rera:44231/']: sec=0.00, exception=[Errno 111] Connection refused
[rosmaster.threadpool][ERROR] 2026-03-11 22:51:53,598: Traceback (most recent call last):
  File "/opt/ros/noetic/lib/python3/dist-packages/rosmaster/threadpool.py", line 218, in run
    result = cmd(*args)
  File "/opt/ros/noetic/lib/python3/dist-packages/rosmaster/master_api.py", line 210, in publisher_update_task
    ret = xmlrpcapi(api).publisherUpdate('/master', topic, pub_uris)
  File "/usr/lib/python3.8/xmlrpc/client.py", line 1109, in __call__
    return self.__send(self.__name, args)
  File "/usr/lib/python3.8/xmlrpc/client.py", line 1450, in __request
    response = self.__transport.request(
  File "/usr/lib/python3.8/xmlrpc/client.py", line 1153, in request
    return self.single_request(host, handler, request_body, verbose)
  File "/usr/lib/python3.8/xmlrpc/client.py", line 1165, in single_request
    http_conn = self.send_request(host, handler, request_body, verbose)
  File "/usr/lib/python3.8/xmlrpc/client.py", line 1278, in send_request
    self.send_content(connection, request_body)
  File "/usr/lib/python3.8/xmlrpc/client.py", line 1308, in send_content
    connection.endheaders(request_body)
  File "/usr/lib/python3.8/http/client.py", line 1251, in endheaders
    self._send_output(message_body, encode_chunked=encode_chunked)
  File "/usr/lib/python3.8/http/client.py", line 1011, in _send_output
    self.send(msg)
  File "/usr/lib/python3.8/http/client.py", line 951, in send
    self.connect()
  File "/usr/lib/python3.8/http/client.py", line 922, in connect
    self.sock = self._create_connection(
  File "/usr/lib/python3.8/socket.py", line 808, in create_connection
    raise err
  File "/usr/lib/python3.8/socket.py", line 796, in create_connection
    sock.connect(sa)
ConnectionRefusedError: [Errno 111] Connection refused

[rosmaster.master][INFO] 2026-03-11 22:51:53,598: publisherUpdate[/clock] -> http://rera:38007/ ['http://rera:44231/']
[rosmaster.threadpool][ERROR] 2026-03-11 22:51:53,599: Traceback (most recent call last):
  File "/opt/ros/noetic/lib/python3/dist-packages/rosmaster/threadpool.py", line 218, in run
    result = cmd(*args)
  File "/opt/ros/noetic/lib/python3/dist-packages/rosmaster/master_api.py", line 210, in publisher_update_task
    ret = xmlrpcapi(api).publisherUpdate('/master', topic, pub_uris)
  File "/usr/lib/python3.8/xmlrpc/client.py", line 1109, in __call__
    return self.__send(self.__name, args)
  File "/usr/lib/python3.8/xmlrpc/client.py", line 1450, in __request
    response = self.__transport.request(
  File "/usr/lib/python3.8/xmlrpc/client.py", line 1153, in request
    return self.single_request(host, handler, request_body, verbose)
  File "/usr/lib/python3.8/xmlrpc/client.py", line 1165, in single_request
    http_conn = self.send_request(host, handler, request_body, verbose)
  File "/usr/lib/python3.8/xmlrpc/client.py", line 1278, in send_request
    self.send_content(connection, request_body)
  File "/usr/lib/python3.8/xmlrpc/client.py", line 1308, in send_content
    connection.endheaders(request_body)
  File "/usr/lib/python3.8/http/client.py", line 1251, in endheaders
    self._send_output(message_body, encode_chunked=encode_chunked)
  File "/usr/lib/python3.8/http/client.py", line 1011, in _send_output
    self.send(msg)
  File "/usr/lib/python3.8/http/client.py", line 951, in send
    self.connect()
  File "/usr/lib/python3.8/http/client.py", line 922, in connect
    self.sock = self._create_connection(
  File "/usr/lib/python3.8/socket.py", line 808, in create_connection
    raise err
  File "/usr/lib/python3.8/socket.py", line 796, in create_connection
    sock.connect(sa)
ConnectionRefusedError: [Errno 111] Connection refused

[rosmaster.master][INFO] 2026-03-11 22:51:53,599: publisherUpdate[/clock] -> http://rera:46795/ ['http://rera:44231/']
[rosmaster.master][INFO] 2026-03-11 22:51:53,599: publisherUpdate[/clock] -> http://rera:38007/ ['http://rera:44231/']: sec=0.00, exception=[Errno 111] Connection refused
[rosmaster.master][INFO] 2026-03-11 22:51:53,599: publisherUpdate[/clock] -> http://rera:46795/ ['http://rera:44231/']: sec=0.00, exception=[Errno 111] Connection refused
[rosmaster.threadpool][ERROR] 2026-03-11 22:51:53,600: Traceback (most recent call last):
  File "/opt/ros/noetic/lib/python3/dist-packages/rosmaster/threadpool.py", line 218, in run
    result = cmd(*args)
  File "/opt/ros/noetic/lib/python3/dist-packages/rosmaster/master_api.py", line 210, in publisher_update_task
    ret = xmlrpcapi(api).publisherUpdate('/master', topic, pub_uris)
  File "/usr/lib/python3.8/xmlrpc/client.py", line 1109, in __call__
    return self.__send(self.__name, args)
  File "/usr/lib/python3.8/xmlrpc/client.py", line 1450, in __request
    response = self.__transport.request(
  File "/usr/lib/python3.8/xmlrpc/client.py", line 1153, in request
    return self.single_request(host, handler, request_body, verbose)
  File "/usr/lib/python3.8/xmlrpc/client.py", line 1165, in single_request
    http_conn = self.send_request(host, handler, request_body, verbose)
  File "/usr/lib/python3.8/xmlrpc/client.py", line 1278, in send_request
    self.send_content(connection, request_body)
  File "/usr/lib/python3.8/xmlrpc/client.py", line 1308, in send_content
    connection.endheaders(request_body)
  File "/usr/lib/python3.8/http/client.py", line 1251, in endheaders
    self._send_output(message_body, encode_chunked=encode_chunked)
  File "/usr/lib/python3.8/http/client.py", line 1011, in _send_output
    self.send(msg)
  File "/usr/lib/python3.8/http/client.py", line 951, in send
    self.connect()
  File "/usr/lib/python3.8/http/client.py", line 922, in connect
    self.sock = self._create_connection(
  File "/usr/lib/python3.8/socket.py", line 808, in create_connection
    raise err
  File "/usr/lib/python3.8/socket.py", line 796, in create_connection
    sock.connect(sa)
ConnectionRefusedError: [Errno 111] Connection refused

[rosmaster.master][INFO] 2026-03-11 22:51:53,601: publisherUpdate[/clock] -> http://rera:35591/ ['http://rera:44231/']
[rosmaster.threadpool][ERROR] 2026-03-11 22:51:53,600: Traceback (most recent call last):
  File "/opt/ros/noetic/lib/python3/dist-packages/rosmaster/threadpool.py", line 218, in run
    result = cmd(*args)
  File "/opt/ros/noetic/lib/python3/dist-packages/rosmaster/master_api.py", line 210, in publisher_update_task
    ret = xmlrpcapi(api).publisherUpdate('/master', topic, pub_uris)
  File "/usr/lib/python3.8/xmlrpc/client.py", line 1109, in __call__
    return self.__send(self.__name, args)
  File "/usr/lib/python3.8/xmlrpc/client.py", line 1450, in __request
    response = self.__transport.request(
  File "/usr/lib/python3.8/xmlrpc/client.py", line 1153, in request
    return self.single_request(host, handler, request_body, verbose)
  File "/usr/lib/python3.8/xmlrpc/client.py", line 1165, in single_request
    http_conn = self.send_request(host, handler, request_body, verbose)
  File "/usr/lib/python3.8/xmlrpc/client.py", line 1278, in send_request
    self.send_content(connection, request_body)
  File "/usr/lib/python3.8/xmlrpc/client.py", line 1308, in send_content
    connection.endheaders(request_body)
  File "/usr/lib/python3.8/http/client.py", line 1251, in endheaders
    self._send_output(message_body, encode_chunked=encode_chunked)
  File "/usr/lib/python3.8/http/client.py", line 1011, in _send_output
    self.send(msg)
  File "/usr/lib/python3.8/http/client.py", line 951, in send
    self.connect()
  File "/usr/lib/python3.8/http/client.py", line 922, in connect
    self.sock = self._create_connection(
  File "/usr/lib/python3.8/socket.py", line 808, in create_connection
    raise err
  File "/usr/lib/python3.8/socket.py", line 796, in create_connection
    sock.connect(sa)
ConnectionRefusedError: [Errno 111] Connection refused

[rosmaster.master][INFO] 2026-03-11 22:51:53,601: publisherUpdate[/clock] -> http://rera:45787/ ['http://rera:44231/']
[rosmaster.master][INFO] 2026-03-11 22:51:53,602: publisherUpdate[/clock] -> http://rera:35591/ ['http://rera:44231/']: sec=0.00, result=[1, '', 0]
[rosmaster.master][INFO] 2026-03-11 22:51:53,603: publisherUpdate[/clock] -> http://rera:44231/ ['http://rera:44231/']
[rosmaster.master][INFO] 2026-03-11 22:51:53,603: +SERVICE [/gazebo/set_parameters] /gazebo http://rera:44231/
[rosmaster.master][INFO] 2026-03-11 22:51:53,603: publisherUpdate[/clock] -> http://rera:41049/ ['http://rera:44231/']
[rosmaster.master][INFO] 2026-03-11 22:51:53,604: publisherUpdate[/clock] -> http://rera:45787/ ['http://rera:44231/']: sec=0.00, result=[1, '', 0]
[rosmaster.master][INFO] 2026-03-11 22:51:53,605: +PUB [/gazebo/parameter_descriptions] /gazebo http://rera:44231/
[rosmaster.master][INFO] 2026-03-11 22:51:53,606: publisherUpdate[/clock] -> http://rera:44231/ ['http://rera:44231/']: sec=0.00, result=[1, '', 0]
[rosmaster.master][INFO] 2026-03-11 22:51:53,606: publisherUpdate[/clock] -> http://rera:41819/ ['http://rera:44231/']
[rosmaster.master][INFO] 2026-03-11 22:51:53,607: publisherUpdate[/clock] -> http://rera:41049/ ['http://rera:44231/']: sec=0.00, result=[1, '', 0]
[rosmaster.master][INFO] 2026-03-11 22:51:53,609: +PUB [/gazebo/parameter_updates] /gazebo http://rera:44231/
[rosmaster.master][INFO] 2026-03-11 22:51:53,613: publisherUpdate[/clock] -> http://rera:41819/ ['http://rera:44231/']: sec=0.01, result=[1, '', 0]
[rosmaster.master][INFO] 2026-03-11 22:51:53,618: +PARAM [/gazebo/time_step] by /gazebo
[rosmaster.master][INFO] 2026-03-11 22:51:53,619: +PARAM [/gazebo/max_update_rate] by /gazebo
[rosmaster.master][INFO] 2026-03-11 22:51:53,620: +PARAM [/gazebo/gravity_x] by /gazebo
[rosmaster.master][INFO] 2026-03-11 22:51:53,621: +PARAM [/gazebo/gravity_y] by /gazebo
[rosmaster.master][INFO] 2026-03-11 22:51:53,623: +PARAM [/gazebo/gravity_z] by /gazebo
[rosmaster.master][INFO] 2026-03-11 22:51:53,624: +PARAM [/gazebo/auto_disable_bodies] by /gazebo
[rosmaster.master][INFO] 2026-03-11 22:51:53,624: +PARAM [/gazebo/sor_pgs_precon_iters] by /gazebo
[rosmaster.master][INFO] 2026-03-11 22:51:53,625: +PARAM [/gazebo/sor_pgs_iters] by /gazebo
[rosmaster.master][INFO] 2026-03-11 22:51:53,626: +PARAM [/gazebo/sor_pgs_w] by /gazebo
[rosmaster.master][INFO] 2026-03-11 22:51:53,627: +PARAM [/gazebo/sor_pgs_rms_error_tol] by /gazebo
[rosmaster.master][INFO] 2026-03-11 22:51:53,627: +PARAM [/gazebo/cfm] by /gazebo
[rosmaster.master][INFO] 2026-03-11 22:51:53,628: +PARAM [/gazebo/erp] by /gazebo
[rosmaster.master][INFO] 2026-03-11 22:51:53,629: +PARAM [/gazebo/contact_surface_layer] by /gazebo
[rosmaster.master][INFO] 2026-03-11 22:51:53,629: +PARAM [/gazebo/contact_max_correcting_vel] by /gazebo
[rosmaster.master][INFO] 2026-03-11 22:51:53,630: +PARAM [/gazebo/max_contacts] by /gazebo
[rosmaster.master][INFO] 2026-03-11 22:51:53,633: +PARAM [/gazebo/time_step] by /gazebo
[rosmaster.master][INFO] 2026-03-11 22:51:53,634: +PARAM [/gazebo/max_update_rate] by /gazebo
[rosmaster.master][INFO] 2026-03-11 22:51:53,635: +PARAM [/gazebo/gravity_x] by /gazebo
[rosmaster.master][INFO] 2026-03-11 22:51:53,635: +PARAM [/gazebo/gravity_y] by /gazebo
[rosmaster.master][INFO] 2026-03-11 22:51:53,636: +PARAM [/gazebo/gravity_z] by /gazebo
[rosmaster.master][INFO] 2026-03-11 22:51:53,636: +PARAM [/gazebo/auto_disable_bodies] by /gazebo
[rosmaster.master][INFO] 2026-03-11 22:51:53,637: +PARAM [/gazebo/sor_pgs_precon_iters] by /gazebo
[rosmaster.master][INFO] 2026-03-11 22:51:53,637: +PARAM [/gazebo/sor_pgs_iters] by /gazebo
[rosmaster.master][INFO] 2026-03-11 22:51:53,638: +PARAM [/gazebo/sor_pgs_w] by /gazebo
[rosmaster.master][INFO] 2026-03-11 22:51:53,638: +PARAM [/gazebo/sor_pgs_rms_error_tol] by /gazebo
[rosmaster.master][INFO] 2026-03-11 22:51:53,639: +PARAM [/gazebo/cfm] by /gazebo
[rosmaster.master][INFO] 2026-03-11 22:51:53,639: +PARAM [/gazebo/erp] by /gazebo
[rosmaster.master][INFO] 2026-03-11 22:51:53,640: +PARAM [/gazebo/contact_surface_layer] by /gazebo
[rosmaster.master][INFO] 2026-03-11 22:51:53,640: +PARAM [/gazebo/contact_max_correcting_vel] by /gazebo
[rosmaster.master][INFO] 2026-03-11 22:51:53,641: +PARAM [/gazebo/max_contacts] by /gazebo
[rosmaster.master][INFO] 2026-03-11 22:51:53,684: +CACHEDPARAM [/rosout_disable_topics_generation] by /spawn_model
[rosmaster.master][INFO] 2026-03-11 22:51:55,534: +SERVICE [/camera/set_camera_info] /gazebo http://rera:44231/
[rosmaster.master][INFO] 2026-03-11 22:51:55,542: +SERVICE [/camera/set_parameters] /gazebo http://rera:44231/
[rosmaster.master][INFO] 2026-03-11 22:51:55,543: +PUB [/camera/parameter_descriptions] /gazebo http://rera:44231/
[rosmaster.master][INFO] 2026-03-11 22:51:55,544: +PUB [/camera/parameter_updates] /gazebo http://rera:44231/
[rosmaster.master][INFO] 2026-03-11 22:51:55,546: +PARAM [/camera/imager_rate] by /gazebo
[rosmaster.master][INFO] 2026-03-11 22:51:55,547: +PARAM [/camera/imager_rate] by /gazebo
[rosmaster.master][INFO] 2026-03-11 22:51:55,552: +PARAM [/camera/imager_rate] by /gazebo
[rosmaster.master][INFO] 2026-03-11 22:51:55,553: +PARAM [/camera/imager_rate] by /gazebo
[rosmaster.master][INFO] 2026-03-11 22:51:55,609: +PUB [/camera/color/image_raw/compressedDepth] /gazebo http://rera:44231/
[rosmaster.master][INFO] 2026-03-11 22:51:55,609: +PUB [/camera/depth/image_raw/compressedDepth] /gazebo http://rera:44231/
[rosmaster.master][INFO] 2026-03-11 22:51:55,610: +SERVICE [/camera/color/image_raw/compressedDepth/set_parameters] /gazebo http://rera:44231/
[rosmaster.master][INFO] 2026-03-11 22:51:55,611: +SERVICE [/camera/depth/image_raw/compressedDepth/set_parameters] /gazebo http://rera:44231/
[rosmaster.master][INFO] 2026-03-11 22:51:55,612: +PUB [/camera/color/image_raw/compressedDepth/parameter_descriptions] /gazebo http://rera:44231/
[rosmaster.master][INFO] 2026-03-11 22:51:55,613: +PUB [/camera/depth/image_raw/compressedDepth/parameter_descriptions] /gazebo http://rera:44231/
[rosmaster.master][INFO] 2026-03-11 22:51:55,614: +PUB [/camera/color/image_raw/compressedDepth/parameter_updates] /gazebo http://rera:44231/
[rosmaster.master][INFO] 2026-03-11 22:51:55,615: +PUB [/camera/depth/image_raw/compressedDepth/parameter_updates] /gazebo http://rera:44231/
[rosmaster.master][INFO] 2026-03-11 22:51:55,617: +PUB [/camera/imu] /gazebo http://rera:44231/
[rosmaster.master][INFO] 2026-03-11 22:51:55,619: +PARAM [/camera/color/image_raw/compressedDepth/format] by /gazebo
[rosmaster.master][INFO] 2026-03-11 22:51:55,624: +PARAM [/camera/color/image_raw/compressedDepth/depth_max] by /gazebo
[rosmaster.master][INFO] 2026-03-11 22:51:55,626: +PARAM [/camera/color/image_raw/compressedDepth/depth_quantization] by /gazebo
[rosmaster.master][INFO] 2026-03-11 22:51:55,627: +PARAM [/camera/color/image_raw/compressedDepth/png_level] by /gazebo
[rosmaster.master][INFO] 2026-03-11 22:51:55,628: +PARAM [/camera/depth/image_raw/compressedDepth/format] by /gazebo
[rosmaster.master][INFO] 2026-03-11 22:51:55,630: +PARAM [/camera/depth/image_raw/compressedDepth/depth_max] by /gazebo
[rosmaster.master][INFO] 2026-03-11 22:51:55,631: +PARAM [/camera/depth/image_raw/compressedDepth/depth_quantization] by /gazebo
[rosmaster.master][INFO] 2026-03-11 22:51:55,632: +PARAM [/camera/depth/image_raw/compressedDepth/png_level] by /gazebo
[rosmaster.master][INFO] 2026-03-11 22:51:55,632: +PARAM [/camera/color/image_raw/compressedDepth/format] by /gazebo
[rosmaster.master][INFO] 2026-03-11 22:51:55,633: +PARAM [/camera/color/image_raw/compressedDepth/depth_max] by /gazebo
[rosmaster.master][INFO] 2026-03-11 22:51:55,634: +PARAM [/camera/color/image_raw/compressedDepth/depth_quantization] by /gazebo
[rosmaster.master][INFO] 2026-03-11 22:51:55,635: +PARAM [/camera/color/image_raw/compressedDepth/png_level] by /gazebo
[rosmaster.master][INFO] 2026-03-11 22:51:55,636: +PARAM [/camera/depth/image_raw/compressedDepth/format] by /gazebo
[rosmaster.master][INFO] 2026-03-11 22:51:55,637: +PARAM [/camera/depth/image_raw/compressedDepth/depth_max] by /gazebo
[rosmaster.master][INFO] 2026-03-11 22:51:55,638: +PARAM [/camera/depth/image_raw/compressedDepth/depth_quantization] by /gazebo
[rosmaster.master][INFO] 2026-03-11 22:51:55,639: +PARAM [/camera/depth/image_raw/compressedDepth/png_level] by /gazebo
[rosmaster.master][INFO] 2026-03-11 22:51:55,640: +PUB [/camera/depth/image_raw/compressed] /gazebo http://rera:44231/
[rosmaster.master][INFO] 2026-03-11 22:51:55,641: +PUB [/camera/color/image_raw/compressed] /gazebo http://rera:44231/
[rosmaster.master][INFO] 2026-03-11 22:51:55,641: +SERVICE [/camera/depth/image_raw/compressed/set_parameters] /gazebo http://rera:44231/
[rosmaster.master][INFO] 2026-03-11 22:51:55,642: +PUB [/camera/depth/image_raw/compressed/parameter_descriptions] /gazebo http://rera:44231/
[rosmaster.master][INFO] 2026-03-11 22:51:55,643: +SERVICE [/camera/color/image_raw/compressed/set_parameters] /gazebo http://rera:44231/
[rosmaster.master][INFO] 2026-03-11 22:51:55,643: +PUB [/camera/depth/image_raw/compressed/parameter_updates] /gazebo http://rera:44231/
[rosmaster.master][INFO] 2026-03-11 22:51:55,644: +PUB [/camera/color/image_raw/compressed/parameter_descriptions] /gazebo http://rera:44231/
[rosmaster.master][INFO] 2026-03-11 22:51:55,645: +PUB [/camera/color/image_raw/compressed/parameter_updates] /gazebo http://rera:44231/
[rosmaster.master][INFO] 2026-03-11 22:51:55,648: +PARAM [/camera/depth/image_raw/compressed/format] by /gazebo
[rosmaster.master][INFO] 2026-03-11 22:51:55,649: +PARAM [/camera/depth/image_raw/compressed/jpeg_quality] by /gazebo
[rosmaster.master][INFO] 2026-03-11 22:51:55,651: +PARAM [/camera/color/image_raw/compressed/format] by /gazebo
[rosmaster.master][INFO] 2026-03-11 22:51:55,652: +PARAM [/camera/color/image_raw/compressed/jpeg_quality] by /gazebo
[rosmaster.master][INFO] 2026-03-11 22:51:55,653: +PARAM [/camera/color/image_raw/compressed/jpeg_progressive] by /gazebo
[rosmaster.master][INFO] 2026-03-11 22:51:55,654: +PARAM [/camera/color/image_raw/compressed/jpeg_optimize] by /gazebo
[rosmaster.master][INFO] 2026-03-11 22:51:55,655: +PARAM [/camera/color/image_raw/compressed/jpeg_restart_interval] by /gazebo
[rosmaster.master][INFO] 2026-03-11 22:51:55,655: +PARAM [/camera/color/image_raw/compressed/png_level] by /gazebo
[rosmaster.master][INFO] 2026-03-11 22:51:55,657: +PARAM [/camera/depth/image_raw/compressed/jpeg_progressive] by /gazebo
[rosmaster.master][INFO] 2026-03-11 22:51:55,657: +PARAM [/camera/depth/image_raw/compressed/jpeg_optimize] by /gazebo
[rosmaster.master][INFO] 2026-03-11 22:51:55,658: +PARAM [/camera/depth/image_raw/compressed/jpeg_restart_interval] by /gazebo
[rosmaster.master][INFO] 2026-03-11 22:51:55,659: +PARAM [/camera/depth/image_raw/compressed/png_level] by /gazebo
[rosmaster.master][INFO] 2026-03-11 22:51:55,660: +PARAM [/camera/color/image_raw/compressed/format] by /gazebo
[rosmaster.master][INFO] 2026-03-11 22:51:55,661: +PARAM [/camera/color/image_raw/compressed/jpeg_quality] by /gazebo
[rosmaster.master][INFO] 2026-03-11 22:51:55,661: +PARAM [/camera/color/image_raw/compressed/jpeg_progressive] by /gazebo
[rosmaster.master][INFO] 2026-03-11 22:51:55,662: +PARAM [/camera/color/image_raw/compressed/jpeg_optimize] by /gazebo
[rosmaster.master][INFO] 2026-03-11 22:51:55,663: +PARAM [/camera/color/image_raw/compressed/jpeg_restart_interval] by /gazebo
[rosmaster.master][INFO] 2026-03-11 22:51:55,663: +PARAM [/camera/color/image_raw/compressed/png_level] by /gazebo
[rosmaster.master][INFO] 2026-03-11 22:51:55,664: +PARAM [/camera/depth/image_raw/compressed/format] by /gazebo
[rosmaster.master][INFO] 2026-03-11 22:51:55,665: +PARAM [/camera/depth/image_raw/compressed/jpeg_quality] by /gazebo
[rosmaster.master][INFO] 2026-03-11 22:51:55,666: +PARAM [/camera/depth/image_raw/compressed/jpeg_progressive] by /gazebo
[rosmaster.master][INFO] 2026-03-11 22:51:55,666: +PUB [/camera/color/image_raw] /gazebo http://rera:44231/
[rosmaster.master][INFO] 2026-03-11 22:51:55,668: +PARAM [/camera/depth/image_raw/compressed/jpeg_optimize] by /gazebo
[rosmaster.master][INFO] 2026-03-11 22:51:55,669: +PARAM [/camera/depth/image_raw/compressed/jpeg_restart_interval] by /gazebo
[rosmaster.master][INFO] 2026-03-11 22:51:55,670: +PARAM [/camera/depth/image_raw/compressed/png_level] by /gazebo
[rosmaster.master][INFO] 2026-03-11 22:51:55,671: +PUB [/camera/color/image_raw/theora] /gazebo http://rera:44231/
[rosmaster.master][INFO] 2026-03-11 22:51:55,671: +PUB [/camera/depth/image_raw] /gazebo http://rera:44231/
[rosmaster.master][INFO] 2026-03-11 22:51:55,672: +SERVICE [/camera/color/image_raw/theora/set_parameters] /gazebo http://rera:44231/
[rosmaster.master][INFO] 2026-03-11 22:51:55,673: +PUB [/camera/depth/image_raw/theora] /gazebo http://rera:44231/
[rosmaster.master][INFO] 2026-03-11 22:51:55,674: +PUB [/camera/color/image_raw/theora/parameter_descriptions] /gazebo http://rera:44231/
[rosmaster.master][INFO] 2026-03-11 22:51:55,674: +SERVICE [/camera/depth/image_raw/theora/set_parameters] /gazebo http://rera:44231/
[rosmaster.master][INFO] 2026-03-11 22:51:55,675: +PUB [/camera/color/image_raw/theora/parameter_updates] /gazebo http://rera:44231/
[rosmaster.master][INFO] 2026-03-11 22:51:55,676: +PUB [/camera/depth/image_raw/theora/parameter_descriptions] /gazebo http://rera:44231/
[rosmaster.master][INFO] 2026-03-11 22:51:55,677: +PUB [/camera/depth/image_raw/theora/parameter_updates] /gazebo http://rera:44231/
[rosmaster.master][INFO] 2026-03-11 22:51:55,681: +PARAM [/camera/color/image_raw/theora/optimize_for] by /gazebo
[rosmaster.master][INFO] 2026-03-11 22:51:55,682: +PARAM [/camera/color/image_raw/theora/target_bitrate] by /gazebo
[rosmaster.master][INFO] 2026-03-11 22:51:55,683: +PARAM [/camera/color/image_raw/theora/quality] by /gazebo
[rosmaster.master][INFO] 2026-03-11 22:51:55,683: +PARAM [/camera/color/image_raw/theora/keyframe_frequency] by /gazebo
[rosmaster.master][INFO] 2026-03-11 22:51:55,685: +PARAM [/camera/color/image_raw/theora/optimize_for] by /gazebo
[rosmaster.master][INFO] 2026-03-11 22:51:55,685: +PARAM [/camera/color/image_raw/theora/target_bitrate] by /gazebo
[rosmaster.master][INFO] 2026-03-11 22:51:55,686: +PARAM [/camera/color/image_raw/theora/quality] by /gazebo
[rosmaster.master][INFO] 2026-03-11 22:51:55,687: +PARAM [/camera/color/image_raw/theora/keyframe_frequency] by /gazebo
[rosmaster.master][INFO] 2026-03-11 22:51:55,687: +PARAM [/camera/depth/image_raw/theora/optimize_for] by /gazebo
[rosmaster.master][INFO] 2026-03-11 22:51:55,688: +PUB [/camera/color/camera_info] /gazebo http://rera:44231/
[rosmaster.master][INFO] 2026-03-11 22:51:55,689: +PARAM [/camera/depth/image_raw/theora/target_bitrate] by /gazebo
[rosmaster.master][INFO] 2026-03-11 22:51:55,689: +PARAM [/camera/depth/image_raw/theora/quality] by /gazebo
[rosmaster.master][INFO] 2026-03-11 22:51:55,690: +PARAM [/camera/depth/image_raw/theora/keyframe_frequency] by /gazebo
[rosmaster.master][INFO] 2026-03-11 22:51:55,691: +PARAM [/camera/depth/image_raw/theora/optimize_for] by /gazebo
[rosmaster.master][INFO] 2026-03-11 22:51:55,692: +PARAM [/camera/depth/image_raw/theora/target_bitrate] by /gazebo
[rosmaster.master][INFO] 2026-03-11 22:51:55,692: +PARAM [/camera/depth/image_raw/theora/quality] by /gazebo
[rosmaster.master][INFO] 2026-03-11 22:51:55,693: +PARAM [/camera/depth/image_raw/theora/keyframe_frequency] by /gazebo
[rosmaster.master][INFO] 2026-03-11 22:51:55,693: +PUB [/camera/depth/camera_info] /gazebo http://rera:44231/
[rosmaster.master][INFO] 2026-03-11 22:51:55,694: +PUB [/camera/depth/points] /gazebo http://rera:44231/
[rosmaster.master][INFO] 2026-03-11 22:51:56,304: +PARAM [/roslaunch/uris/host_rera__43671] by /roslaunch
[rosmaster.master][INFO] 2026-03-11 22:51:56,307: +PARAM [/rosversion] by /roslaunch
[rosmaster.master][INFO] 2026-03-11 22:51:56,307: +PARAM [/rosdistro] by /roslaunch
[rosmaster.master][INFO] 2026-03-11 22:51:56,307: +PARAM [/robot_description] by /roslaunch
[rosmaster.master][INFO] 2026-03-11 22:51:56,436: +PUB [/rosout] /robot_state_publisher http://rera:33943/
[rosmaster.master][INFO] 2026-03-11 22:51:56,437: +SERVICE [/robot_state_publisher/get_loggers] /robot_state_publisher http://rera:33943/
[rosmaster.master][INFO] 2026-03-11 22:51:56,437: +SERVICE [/robot_state_publisher/set_logger_level] /robot_state_publisher http://rera:33943/
[rosmaster.master][INFO] 2026-03-11 22:51:56,441: +SUB [/clock] /robot_state_publisher http://rera:33943/
[rosmaster.master][INFO] 2026-03-11 22:51:56,444: +CACHEDPARAM [/rosout_disable_topics_generation] by /robot_state_publisher
[rosmaster.master][INFO] 2026-03-11 22:51:56,445: +PUB [/tf] /robot_state_publisher http://rera:33943/
[rosmaster.master][INFO] 2026-03-11 22:51:56,446: +PUB [/tf_static] /robot_state_publisher http://rera:33943/
[rosmaster.master][INFO] 2026-03-11 22:51:56,451: +SUB [/joint_states] /robot_state_publisher http://rera:33943/
[rosmaster.master][INFO] 2026-03-11 22:51:56,515: publisherUpdate[/tf] -> http://rera:39197/ ['http://rera:35591/', 'http://rera:45787/', 'http://rera:33943/']
[rosmaster.master][INFO] 2026-03-11 22:51:56,516: publisherUpdate[/tf] -> http://rera:38007/ ['http://rera:35591/', 'http://rera:45787/', 'http://rera:33943/']
[rosmaster.master][INFO] 2026-03-11 22:51:56,517: publisherUpdate[/tf] -> http://rera:38007/ ['http://rera:35591/', 'http://rera:45787/', 'http://rera:33943/']: sec=0.00, exception=[Errno 111] Connection refused
[rosmaster.threadpool][ERROR] 2026-03-11 22:51:56,517: Traceback (most recent call last):
  File "/opt/ros/noetic/lib/python3/dist-packages/rosmaster/threadpool.py", line 218, in run
    result = cmd(*args)
  File "/opt/ros/noetic/lib/python3/dist-packages/rosmaster/master_api.py", line 210, in publisher_update_task
    ret = xmlrpcapi(api).publisherUpdate('/master', topic, pub_uris)
  File "/usr/lib/python3.8/xmlrpc/client.py", line 1109, in __call__
    return self.__send(self.__name, args)
  File "/usr/lib/python3.8/xmlrpc/client.py", line 1450, in __request
    response = self.__transport.request(
  File "/usr/lib/python3.8/xmlrpc/client.py", line 1153, in request
    return self.single_request(host, handler, request_body, verbose)
  File "/usr/lib/python3.8/xmlrpc/client.py", line 1165, in single_request
    http_conn = self.send_request(host, handler, request_body, verbose)
  File "/usr/lib/python3.8/xmlrpc/client.py", line 1278, in send_request
    self.send_content(connection, request_body)
  File "/usr/lib/python3.8/xmlrpc/client.py", line 1308, in send_content
    connection.endheaders(request_body)
  File "/usr/lib/python3.8/http/client.py", line 1251, in endheaders
    self._send_output(message_body, encode_chunked=encode_chunked)
  File "/usr/lib/python3.8/http/client.py", line 1011, in _send_output
    self.send(msg)
  File "/usr/lib/python3.8/http/client.py", line 951, in send
    self.connect()
  File "/usr/lib/python3.8/http/client.py", line 922, in connect
    self.sock = self._create_connection(
  File "/usr/lib/python3.8/socket.py", line 808, in create_connection
    raise err
  File "/usr/lib/python3.8/socket.py", line 796, in create_connection
    sock.connect(sa)
ConnectionRefusedError: [Errno 111] Connection refused

[rosmaster.master][INFO] 2026-03-11 22:51:56,517: publisherUpdate[/tf] -> http://rera:46795/ ['http://rera:35591/', 'http://rera:45787/', 'http://rera:33943/']
[rosmaster.master][INFO] 2026-03-11 22:51:56,518: publisherUpdate[/tf] -> http://rera:46795/ ['http://rera:35591/', 'http://rera:45787/', 'http://rera:33943/']: sec=0.00, exception=[Errno 111] Connection refused
[rosmaster.threadpool][ERROR] 2026-03-11 22:51:56,518: Traceback (most recent call last):
  File "/opt/ros/noetic/lib/python3/dist-packages/rosmaster/threadpool.py", line 218, in run
    result = cmd(*args)
  File "/opt/ros/noetic/lib/python3/dist-packages/rosmaster/master_api.py", line 210, in publisher_update_task
    ret = xmlrpcapi(api).publisherUpdate('/master', topic, pub_uris)
  File "/usr/lib/python3.8/xmlrpc/client.py", line 1109, in __call__
    return self.__send(self.__name, args)
  File "/usr/lib/python3.8/xmlrpc/client.py", line 1450, in __request
    response = self.__transport.request(
  File "/usr/lib/python3.8/xmlrpc/client.py", line 1153, in request
    return self.single_request(host, handler, request_body, verbose)
  File "/usr/lib/python3.8/xmlrpc/client.py", line 1165, in single_request
    http_conn = self.send_request(host, handler, request_body, verbose)
  File "/usr/lib/python3.8/xmlrpc/client.py", line 1278, in send_request
    self.send_content(connection, request_body)
  File "/usr/lib/python3.8/xmlrpc/client.py", line 1308, in send_content
    connection.endheaders(request_body)
  File "/usr/lib/python3.8/http/client.py", line 1251, in endheaders
    self._send_output(message_body, encode_chunked=encode_chunked)
  File "/usr/lib/python3.8/http/client.py", line 1011, in _send_output
    self.send(msg)
  File "/usr/lib/python3.8/http/client.py", line 951, in send
    self.connect()
  File "/usr/lib/python3.8/http/client.py", line 922, in connect
    self.sock = self._create_connection(
  File "/usr/lib/python3.8/socket.py", line 808, in create_connection
    raise err
  File "/usr/lib/python3.8/socket.py", line 796, in create_connection
    sock.connect(sa)
ConnectionRefusedError: [Errno 111] Connection refused

[rosmaster.master][INFO] 2026-03-11 22:51:56,518: publisherUpdate[/tf_static] -> http://rera:38007/ ['http://rera:33943/']
[rosmaster.master][INFO] 2026-03-11 22:51:56,518: publisherUpdate[/tf_static] -> http://rera:38007/ ['http://rera:33943/']: sec=0.00, exception=[Errno 111] Connection refused
[rosmaster.threadpool][ERROR] 2026-03-11 22:51:56,519: Traceback (most recent call last):
  File "/opt/ros/noetic/lib/python3/dist-packages/rosmaster/threadpool.py", line 218, in run
    result = cmd(*args)
  File "/opt/ros/noetic/lib/python3/dist-packages/rosmaster/master_api.py", line 210, in publisher_update_task
    ret = xmlrpcapi(api).publisherUpdate('/master', topic, pub_uris)
  File "/usr/lib/python3.8/xmlrpc/client.py", line 1109, in __call__
    return self.__send(self.__name, args)
  File "/usr/lib/python3.8/xmlrpc/client.py", line 1450, in __request
    response = self.__transport.request(
  File "/usr/lib/python3.8/xmlrpc/client.py", line 1153, in request
    return self.single_request(host, handler, request_body, verbose)
  File "/usr/lib/python3.8/xmlrpc/client.py", line 1165, in single_request
    http_conn = self.send_request(host, handler, request_body, verbose)
  File "/usr/lib/python3.8/xmlrpc/client.py", line 1278, in send_request
    self.send_content(connection, request_body)
  File "/usr/lib/python3.8/xmlrpc/client.py", line 1308, in send_content
    connection.endheaders(request_body)
  File "/usr/lib/python3.8/http/client.py", line 1251, in endheaders
    self._send_output(message_body, encode_chunked=encode_chunked)
  File "/usr/lib/python3.8/http/client.py", line 1011, in _send_output
    self.send(msg)
  File "/usr/lib/python3.8/http/client.py", line 951, in send
    self.connect()
  File "/usr/lib/python3.8/http/client.py", line 922, in connect
    self.sock = self._create_connection(
  File "/usr/lib/python3.8/socket.py", line 808, in create_connection
    raise err
  File "/usr/lib/python3.8/socket.py", line 796, in create_connection
    sock.connect(sa)
ConnectionRefusedError: [Errno 111] Connection refused

[rosmaster.master][INFO] 2026-03-11 22:51:56,519: publisherUpdate[/tf_static] -> http://rera:46795/ ['http://rera:33943/']
[rosmaster.master][INFO] 2026-03-11 22:51:56,519: publisherUpdate[/tf_static] -> http://rera:46795/ ['http://rera:33943/']: sec=0.00, exception=[Errno 111] Connection refused
[rosmaster.threadpool][ERROR] 2026-03-11 22:51:56,519: Traceback (most recent call last):
  File "/opt/ros/noetic/lib/python3/dist-packages/rosmaster/threadpool.py", line 218, in run
    result = cmd(*args)
  File "/opt/ros/noetic/lib/python3/dist-packages/rosmaster/master_api.py", line 210, in publisher_update_task
    ret = xmlrpcapi(api).publisherUpdate('/master', topic, pub_uris)
  File "/usr/lib/python3.8/xmlrpc/client.py", line 1109, in __call__
    return self.__send(self.__name, args)
  File "/usr/lib/python3.8/xmlrpc/client.py", line 1450, in __request
    response = self.__transport.request(
  File "/usr/lib/python3.8/xmlrpc/client.py", line 1153, in request
    return self.single_request(host, handler, request_body, verbose)
  File "/usr/lib/python3.8/xmlrpc/client.py", line 1165, in single_request
    http_conn = self.send_request(host, handler, request_body, verbose)
  File "/usr/lib/python3.8/xmlrpc/client.py", line 1278, in send_request
    self.send_content(connection, request_body)
  File "/usr/lib/python3.8/xmlrpc/client.py", line 1308, in send_content
    connection.endheaders(request_body)
  File "/usr/lib/python3.8/http/client.py", line 1251, in endheaders
    self._send_output(message_body, encode_chunked=encode_chunked)
  File "/usr/lib/python3.8/http/client.py", line 1011, in _send_output
    self.send(msg)
  File "/usr/lib/python3.8/http/client.py", line 951, in send
    self.connect()
  File "/usr/lib/python3.8/http/client.py", line 922, in connect
    self.sock = self._create_connection(
  File "/usr/lib/python3.8/socket.py", line 808, in create_connection
    raise err
  File "/usr/lib/python3.8/socket.py", line 796, in create_connection
    sock.connect(sa)
ConnectionRefusedError: [Errno 111] Connection refused

[rosmaster.master][INFO] 2026-03-11 22:51:56,520: publisherUpdate[/tf] -> http://rera:39197/ ['http://rera:35591/', 'http://rera:45787/', 'http://rera:33943/']: sec=0.00, exception=[Errno 111] Connection refused
[rosmaster.threadpool][ERROR] 2026-03-11 22:51:56,520: Traceback (most recent call last):
  File "/opt/ros/noetic/lib/python3/dist-packages/rosmaster/threadpool.py", line 218, in run
    result = cmd(*args)
  File "/opt/ros/noetic/lib/python3/dist-packages/rosmaster/master_api.py", line 210, in publisher_update_task
    ret = xmlrpcapi(api).publisherUpdate('/master', topic, pub_uris)
  File "/usr/lib/python3.8/xmlrpc/client.py", line 1109, in __call__
    return self.__send(self.__name, args)
  File "/usr/lib/python3.8/xmlrpc/client.py", line 1450, in __request
    response = self.__transport.request(
  File "/usr/lib/python3.8/xmlrpc/client.py", line 1153, in request
    return self.single_request(host, handler, request_body, verbose)
  File "/usr/lib/python3.8/xmlrpc/client.py", line 1165, in single_request
    http_conn = self.send_request(host, handler, request_body, verbose)
  File "/usr/lib/python3.8/xmlrpc/client.py", line 1278, in send_request
    self.send_content(connection, request_body)
  File "/usr/lib/python3.8/xmlrpc/client.py", line 1308, in send_content
    connection.endheaders(request_body)
  File "/usr/lib/python3.8/http/client.py", line 1251, in endheaders
    self._send_output(message_body, encode_chunked=encode_chunked)
  File "/usr/lib/python3.8/http/client.py", line 1011, in _send_output
    self.send(msg)
  File "/usr/lib/python3.8/http/client.py", line 951, in send
    self.connect()
  File "/usr/lib/python3.8/http/client.py", line 922, in connect
    self.sock = self._create_connection(
  File "/usr/lib/python3.8/socket.py", line 808, in create_connection
    raise err
  File "/usr/lib/python3.8/socket.py", line 796, in create_connection
    sock.connect(sa)
ConnectionRefusedError: [Errno 111] Connection refused

[rosmaster.master][INFO] 2026-03-11 22:51:56,520: publisherUpdate[/tf_static] -> http://rera:39197/ ['http://rera:33943/']
[rosmaster.master][INFO] 2026-03-11 22:51:56,520: publisherUpdate[/tf_static] -> http://rera:39197/ ['http://rera:33943/']: sec=0.00, exception=[Errno 111] Connection refused
[rosmaster.threadpool][ERROR] 2026-03-11 22:51:56,521: Traceback (most recent call last):
  File "/opt/ros/noetic/lib/python3/dist-packages/rosmaster/threadpool.py", line 218, in run
    result = cmd(*args)
  File "/opt/ros/noetic/lib/python3/dist-packages/rosmaster/master_api.py", line 210, in publisher_update_task
    ret = xmlrpcapi(api).publisherUpdate('/master', topic, pub_uris)
  File "/usr/lib/python3.8/xmlrpc/client.py", line 1109, in __call__
    return self.__send(self.__name, args)
  File "/usr/lib/python3.8/xmlrpc/client.py", line 1450, in __request
    response = self.__transport.request(
  File "/usr/lib/python3.8/xmlrpc/client.py", line 1153, in request
    return self.single_request(host, handler, request_body, verbose)
  File "/usr/lib/python3.8/xmlrpc/client.py", line 1165, in single_request
    http_conn = self.send_request(host, handler, request_body, verbose)
  File "/usr/lib/python3.8/xmlrpc/client.py", line 1278, in send_request
    self.send_content(connection, request_body)
  File "/usr/lib/python3.8/xmlrpc/client.py", line 1308, in send_content
    connection.endheaders(request_body)
  File "/usr/lib/python3.8/http/client.py", line 1251, in endheaders
    self._send_output(message_body, encode_chunked=encode_chunked)
  File "/usr/lib/python3.8/http/client.py", line 1011, in _send_output
    self.send(msg)
  File "/usr/lib/python3.8/http/client.py", line 951, in send
    self.connect()
  File "/usr/lib/python3.8/http/client.py", line 922, in connect
    self.sock = self._create_connection(
  File "/usr/lib/python3.8/socket.py", line 808, in create_connection
    raise err
  File "/usr/lib/python3.8/socket.py", line 796, in create_connection
    sock.connect(sa)
ConnectionRefusedError: [Errno 111] Connection refused

[rosmaster.master][INFO] 2026-03-11 22:51:56,919: +PUB [/rosout] /joint_state_publisher_gui http://rera:37135/
[rosmaster.master][INFO] 2026-03-11 22:51:56,921: +SUB [/clock] /joint_state_publisher_gui http://rera:37135/
[rosmaster.master][INFO] 2026-03-11 22:51:56,923: +SERVICE [/joint_state_publisher_gui/get_loggers] /joint_state_publisher_gui http://rera:37135/
[rosmaster.master][INFO] 2026-03-11 22:51:56,924: +SERVICE [/joint_state_publisher_gui/set_logger_level] /joint_state_publisher_gui http://rera:37135/
[rosmaster.master][INFO] 2026-03-11 22:51:57,100: +PUB [/joint_states] /joint_state_publisher_gui http://rera:37135/
[rosmaster.master][INFO] 2026-03-11 22:51:57,121: publisherUpdate[/joint_states] -> http://rera:33943/ ['http://rera:37135/']
[rosmaster.master][INFO] 2026-03-11 22:51:57,122: publisherUpdate[/joint_states] -> http://rera:33943/ ['http://rera:37135/']: sec=0.00, result=[1, '', 0]
[rosmaster.master][INFO] 2026-03-11 22:51:57,144: +CACHEDPARAM [/rosout_disable_topics_generation] by /joint_state_publisher_gui
[rosmaster.master][INFO] 2026-03-11 22:52:01,031: +PARAM [/roslaunch/uris/host_rera__36837] by /roslaunch
[rosmaster.master][INFO] 2026-03-11 22:52:01,034: +PARAM [/rosversion] by /roslaunch
[rosmaster.master][INFO] 2026-03-11 22:52:01,034: +PARAM [/rosdistro] by /roslaunch
[rosmaster.master][INFO] 2026-03-11 22:52:01,034: +PARAM [/common/lid_topic] by /roslaunch
[rosmaster.master][INFO] 2026-03-11 22:52:01,034: +PARAM [/common/imu_topic] by /roslaunch
[rosmaster.master][INFO] 2026-03-11 22:52:01,034: +PARAM [/common/time_sync_en] by /roslaunch
[rosmaster.master][INFO] 2026-03-11 22:52:01,034: +PARAM [/common/time_offset_lidar_to_imu] by /roslaunch
[rosmaster.master][INFO] 2026-03-11 22:52:01,034: +PARAM [/preprocess/lidar_type] by /roslaunch
[rosmaster.master][INFO] 2026-03-11 22:52:01,034: +PARAM [/preprocess/scan_line] by /roslaunch
[rosmaster.master][INFO] 2026-03-11 22:52:01,035: +PARAM [/preprocess/scan_rate] by /roslaunch
[rosmaster.master][INFO] 2026-03-11 22:52:01,035: +PARAM [/preprocess/timestamp_unit] by /roslaunch
[rosmaster.master][INFO] 2026-03-11 22:52:01,035: +PARAM [/preprocess/blind] by /roslaunch
[rosmaster.master][INFO] 2026-03-11 22:52:01,035: +PARAM [/mapping/acc_cov] by /roslaunch
[rosmaster.master][INFO] 2026-03-11 22:52:01,035: +PARAM [/mapping/gyr_cov] by /roslaunch
[rosmaster.master][INFO] 2026-03-11 22:52:01,035: +PARAM [/mapping/b_acc_cov] by /roslaunch
[rosmaster.master][INFO] 2026-03-11 22:52:01,035: +PARAM [/mapping/b_gyr_cov] by /roslaunch
[rosmaster.master][INFO] 2026-03-11 22:52:01,035: +PARAM [/mapping/fov_degree] by /roslaunch
[rosmaster.master][INFO] 2026-03-11 22:52:01,035: +PARAM [/mapping/det_range] by /roslaunch
[rosmaster.master][INFO] 2026-03-11 22:52:01,035: +PARAM [/mapping/extrinsic_est_en] by /roslaunch
[rosmaster.master][INFO] 2026-03-11 22:52:01,035: +PARAM [/mapping/extrinsic_T] by /roslaunch
[rosmaster.master][INFO] 2026-03-11 22:52:01,035: +PARAM [/mapping/extrinsic_R] by /roslaunch
[rosmaster.master][INFO] 2026-03-11 22:52:01,035: +PARAM [/publish/path_en] by /roslaunch
[rosmaster.master][INFO] 2026-03-11 22:52:01,035: +PARAM [/publish/scan_publish_en] by /roslaunch
[rosmaster.master][INFO] 2026-03-11 22:52:01,036: +PARAM [/publish/dense_publish_en] by /roslaunch
[rosmaster.master][INFO] 2026-03-11 22:52:01,036: +PARAM [/publish/scan_bodyframe_pub_en] by /roslaunch
[rosmaster.master][INFO] 2026-03-11 22:52:01,036: +PARAM [/pcd_save/pcd_save_en] by /roslaunch
[rosmaster.master][INFO] 2026-03-11 22:52:01,036: +PARAM [/pcd_save/interval] by /roslaunch
[rosmaster.master][INFO] 2026-03-11 22:52:01,036: +PARAM [/feature_extract_enable] by /roslaunch
[rosmaster.master][INFO] 2026-03-11 22:52:01,036: +PARAM [/point_filter_num] by /roslaunch
[rosmaster.master][INFO] 2026-03-11 22:52:01,036: +PARAM [/max_iteration] by /roslaunch
[rosmaster.master][INFO] 2026-03-11 22:52:01,036: +PARAM [/filter_size_surf] by /roslaunch
[rosmaster.master][INFO] 2026-03-11 22:52:01,036: +PARAM [/filter_size_map] by /roslaunch
[rosmaster.master][INFO] 2026-03-11 22:52:01,036: +PARAM [/cube_side_length] by /roslaunch
[rosmaster.master][INFO] 2026-03-11 22:52:01,036: +PARAM [/runtime_pos_log_enable] by /roslaunch
[rosmaster.master][INFO] 2026-03-11 22:52:01,403: +PUB [/rosout] /laserMapping http://rera:35413/
[rosmaster.master][INFO] 2026-03-11 22:52:01,404: +SERVICE [/laserMapping/get_loggers] /laserMapping http://rera:35413/
[rosmaster.master][INFO] 2026-03-11 22:52:01,405: +SERVICE [/laserMapping/set_logger_level] /laserMapping http://rera:35413/
[rosmaster.master][INFO] 2026-03-11 22:52:01,408: +SUB [/clock] /laserMapping http://rera:35413/
[rosmaster.master][INFO] 2026-03-11 22:52:01,434: +SUB [/velodyne_points] /laserMapping http://rera:35413/
[rosmaster.master][INFO] 2026-03-11 22:52:01,436: +SUB [/camera/imu] /laserMapping http://rera:35413/
[rosmaster.master][INFO] 2026-03-11 22:52:01,437: +PUB [/cloud_registered] /laserMapping http://rera:35413/
[rosmaster.master][INFO] 2026-03-11 22:52:01,438: +PUB [/cloud_registered_body] /laserMapping http://rera:35413/
[rosmaster.master][INFO] 2026-03-11 22:52:01,439: +PUB [/cloud_effected] /laserMapping http://rera:35413/
[rosmaster.master][INFO] 2026-03-11 22:52:01,440: +PUB [/Laser_map] /laserMapping http://rera:35413/
[rosmaster.master][INFO] 2026-03-11 22:52:01,440: +PUB [/Odometry] /laserMapping http://rera:35413/
[rosmaster.master][INFO] 2026-03-11 22:52:01,441: +PUB [/path] /laserMapping http://rera:35413/
[rosmaster.master][INFO] 2026-03-11 22:52:07,325: +PUB [/rosout] /rviz_1773240727321591885 http://rera:34745/
[rosmaster.master][INFO] 2026-03-11 22:52:07,325: +SERVICE [/rviz_1773240727321591885/get_loggers] /rviz_1773240727321591885 http://rera:34745/
[rosmaster.master][INFO] 2026-03-11 22:52:07,326: +SERVICE [/rviz_1773240727321591885/set_logger_level] /rviz_1773240727321591885 http://rera:34745/
[rosmaster.master][INFO] 2026-03-11 22:52:07,329: +SUB [/clock] /rviz_1773240727321591885 http://rera:34745/
[rosmaster.master][INFO] 2026-03-11 22:52:07,330: +CACHEDPARAM [/rosout_disable_topics_generation] by /rviz_1773240727321591885
[rosmaster.master][INFO] 2026-03-11 22:52:08,011: +SUB [/tf] /rviz_1773240727321591885 http://rera:34745/
[rosmaster.master][INFO] 2026-03-11 22:52:08,014: +SUB [/tf_static] /rviz_1773240727321591885 http://rera:34745/
[rosmaster.master][INFO] 2026-03-11 22:52:08,042: +PUB [/initialpose] /rviz_1773240727321591885 http://rera:34745/
[rosmaster.master][INFO] 2026-03-11 22:52:08,044: +PUB [/goal] /rviz_1773240727321591885 http://rera:34745/
[rosmaster.master][INFO] 2026-03-11 22:52:08,046: -PUB [/goal] /rviz_1773240727321591885 http://rera:34745/
[rosmaster.master][INFO] 2026-03-11 22:52:08,047: -PUB [/initialpose] /rviz_1773240727321591885 http://rera:34745/
[rosmaster.master][INFO] 2026-03-11 22:52:08,050: +PUB [/initialpose] /rviz_1773240727321591885 http://rera:34745/
[rosmaster.master][INFO] 2026-03-11 22:52:08,050: +PUB [/goal] /rviz_1773240727321591885 http://rera:34745/
[rosmaster.master][INFO] 2026-03-11 22:52:08,051: +PUB [/move_base_simple/goal] /rviz_1773240727321591885 http://rera:34745/
[rosmaster.master][INFO] 2026-03-11 22:52:08,051: -PUB [/goal] /rviz_1773240727321591885 http://rera:34745/
[rosmaster.master][INFO] 2026-03-11 22:52:08,052: +PUB [/clicked_point] /rviz_1773240727321591885 http://rera:34745/
[rosmaster.master][INFO] 2026-03-11 22:52:08,106: +SERVICE [/rviz_1773240727321591885/reload_shaders] /rviz_1773240727321591885 http://rera:34745/
[rosmaster.master][INFO] 2026-03-11 22:52:08,106: +SERVICE [/rviz_1773240727321591885/load_config] /rviz_1773240727321591885 http://rera:34745/
[rosmaster.master][INFO] 2026-03-11 22:52:08,107: +SERVICE [/rviz_1773240727321591885/load_config_discarding_changes] /rviz_1773240727321591885 http://rera:34745/
[rosmaster.master][INFO] 2026-03-11 22:52:08,107: +SERVICE [/rviz_1773240727321591885/save_config] /rviz_1773240727321591885 http://rera:34745/
[rosmaster.master][INFO] 2026-03-11 22:52:14,054: +CACHEDPARAM [/rosout_disable_topics_generation] by /laserMapping
[rosmaster.master][INFO] 2026-03-11 22:52:20,575: +PUB [/velodyne_points] /gazebo http://rera:44231/
[rosmaster.master][INFO] 2026-03-11 22:52:20,576: publisherUpdate[/velodyne_points] -> http://rera:35413/ ['http://rera:44231/']
[rosmaster.master][INFO] 2026-03-11 22:52:20,578: publisherUpdate[/velodyne_points] -> http://rera:35413/ ['http://rera:44231/']: sec=0.00, result=[1, '', 0]
[rosmaster.master][INFO] 2026-03-11 22:52:20,581: +CACHEDPARAM [/rosout_disable_topics_generation] by /spawn_model
[rosmaster.master][INFO] 2026-03-11 22:52:20,585: -SUB [/clock] /spawn_model http://rera:41049/
[rosmaster.master][INFO] 2026-03-11 22:52:20,585: -PUB [/rosout] /spawn_model http://rera:41049/
[rosmaster.master][INFO] 2026-03-11 22:52:20,585: -SERVICE [/spawn_model/get_loggers] /spawn_model rosrpc://rera:33993
[rosmaster.master][INFO] 2026-03-11 22:52:20,585: -SERVICE [/spawn_model/set_logger_level] /spawn_model rosrpc://rera:33993
[rosmaster.master][ERROR] 2026-03-11 22:52:22,591: Traceback (most recent call last):
  File "/opt/ros/noetic/lib/python3/dist-packages/rosmaster/master_api.py", line 177, in validated_f
    code, msg, val = f(*newArgs, **kwds)
  File "/opt/ros/noetic/lib/python3/dist-packages/rosmaster/master_api.py", line 435, in searchParam
    search_key = self.param_server.search_param(caller_id, key)
  File "/opt/ros/noetic/lib/python3/dist-packages/rosmaster/paramserver.py", line 116, in search_param
    raise ValueError("namespace must be global")
ValueError: namespace must be global

[rosmaster.master][INFO] 2026-03-11 22:52:22,592: +PUB [/tf] /gazebo http://rera:44231/
[rosmaster.master][INFO] 2026-03-11 22:52:22,595: +SUB [/cmd_vel] /gazebo http://rera:44231/
[rosmaster.master][INFO] 2026-03-11 22:52:22,596: +PUB [/odom] /gazebo http://rera:44231/
[rosmaster.master][INFO] 2026-03-11 22:52:22,602: -PUB [/path] /laserMapping http://rera:35413/
[rosmaster.master][INFO] 2026-03-11 22:52:22,603: -PUB [/Odometry] /laserMapping http://rera:35413/
[rosmaster.master][INFO] 2026-03-11 22:52:22,604: -PUB [/Laser_map] /laserMapping http://rera:35413/
[rosmaster.master][INFO] 2026-03-11 22:52:22,605: -PUB [/cloud_effected] /laserMapping http://rera:35413/
[rosmaster.master][INFO] 2026-03-11 22:52:22,606: -PUB [/cloud_registered_body] /laserMapping http://rera:35413/
[rosmaster.master][INFO] 2026-03-11 22:52:22,607: -PUB [/cloud_registered] /laserMapping http://rera:35413/
[rosmaster.master][INFO] 2026-03-11 22:52:22,608: -SUB [/camera/imu] /laserMapping http://rera:35413/
[rosmaster.master][INFO] 2026-03-11 22:52:22,609: -SUB [/velodyne_points] /laserMapping http://rera:35413/
[rosmaster.master][INFO] 2026-03-11 22:52:22,681: publisherUpdate[/tf] -> http://rera:39197/ ['http://rera:35591/', 'http://rera:45787/', 'http://rera:33943/', 'http://rera:44231/']
[rosmaster.master][INFO] 2026-03-11 22:52:22,682: publisherUpdate[/tf] -> http://rera:39197/ ['http://rera:35591/', 'http://rera:45787/', 'http://rera:33943/', 'http://rera:44231/']: sec=0.00, exception=[Errno 111] Connection refused
[rosmaster.threadpool][ERROR] 2026-03-11 22:52:22,682: Traceback (most recent call last):
  File "/opt/ros/noetic/lib/python3/dist-packages/rosmaster/threadpool.py", line 218, in run
    result = cmd(*args)
  File "/opt/ros/noetic/lib/python3/dist-packages/rosmaster/master_api.py", line 210, in publisher_update_task
    ret = xmlrpcapi(api).publisherUpdate('/master', topic, pub_uris)
  File "/usr/lib/python3.8/xmlrpc/client.py", line 1109, in __call__
    return self.__send(self.__name, args)
  File "/usr/lib/python3.8/xmlrpc/client.py", line 1450, in __request
    response = self.__transport.request(
  File "/usr/lib/python3.8/xmlrpc/client.py", line 1153, in request
    return self.single_request(host, handler, request_body, verbose)
  File "/usr/lib/python3.8/xmlrpc/client.py", line 1165, in single_request
    http_conn = self.send_request(host, handler, request_body, verbose)
  File "/usr/lib/python3.8/xmlrpc/client.py", line 1278, in send_request
    self.send_content(connection, request_body)
  File "/usr/lib/python3.8/xmlrpc/client.py", line 1308, in send_content
    connection.endheaders(request_body)
  File "/usr/lib/python3.8/http/client.py", line 1251, in endheaders
    self._send_output(message_body, encode_chunked=encode_chunked)
  File "/usr/lib/python3.8/http/client.py", line 1011, in _send_output
    self.send(msg)
  File "/usr/lib/python3.8/http/client.py", line 951, in send
    self.connect()
  File "/usr/lib/python3.8/http/client.py", line 922, in connect
    self.sock = self._create_connection(
  File "/usr/lib/python3.8/socket.py", line 808, in create_connection
    raise err
  File "/usr/lib/python3.8/socket.py", line 796, in create_connection
    sock.connect(sa)
ConnectionRefusedError: [Errno 111] Connection refused

[rosmaster.master][INFO] 2026-03-11 22:52:22,682: publisherUpdate[/tf] -> http://rera:38007/ ['http://rera:35591/', 'http://rera:45787/', 'http://rera:33943/', 'http://rera:44231/']
[rosmaster.master][INFO] 2026-03-11 22:52:22,682: publisherUpdate[/tf] -> http://rera:38007/ ['http://rera:35591/', 'http://rera:45787/', 'http://rera:33943/', 'http://rera:44231/']: sec=0.00, exception=[Errno 111] Connection refused
[rosmaster.threadpool][ERROR] 2026-03-11 22:52:22,683: Traceback (most recent call last):
  File "/opt/ros/noetic/lib/python3/dist-packages/rosmaster/threadpool.py", line 218, in run
    result = cmd(*args)
  File "/opt/ros/noetic/lib/python3/dist-packages/rosmaster/master_api.py", line 210, in publisher_update_task
    ret = xmlrpcapi(api).publisherUpdate('/master', topic, pub_uris)
  File "/usr/lib/python3.8/xmlrpc/client.py", line 1109, in __call__
    return self.__send(self.__name, args)
  File "/usr/lib/python3.8/xmlrpc/client.py", line 1450, in __request
    response = self.__transport.request(
  File "/usr/lib/python3.8/xmlrpc/client.py", line 1153, in request
    return self.single_request(host, handler, request_body, verbose)
  File "/usr/lib/python3.8/xmlrpc/client.py", line 1165, in single_request
    http_conn = self.send_request(host, handler, request_body, verbose)
  File "/usr/lib/python3.8/xmlrpc/client.py", line 1278, in send_request
    self.send_content(connection, request_body)
  File "/usr/lib/python3.8/xmlrpc/client.py", line 1308, in send_content
    connection.endheaders(request_body)
  File "/usr/lib/python3.8/http/client.py", line 1251, in endheaders
    self._send_output(message_body, encode_chunked=encode_chunked)
  File "/usr/lib/python3.8/http/client.py", line 1011, in _send_output
    self.send(msg)
  File "/usr/lib/python3.8/http/client.py", line 951, in send
    self.connect()
  File "/usr/lib/python3.8/http/client.py", line 922, in connect
    self.sock = self._create_connection(
  File "/usr/lib/python3.8/socket.py", line 808, in create_connection
    raise err
  File "/usr/lib/python3.8/socket.py", line 796, in create_connection
    sock.connect(sa)
ConnectionRefusedError: [Errno 111] Connection refused

[rosmaster.master][INFO] 2026-03-11 22:52:22,683: publisherUpdate[/tf] -> http://rera:46795/ ['http://rera:35591/', 'http://rera:45787/', 'http://rera:33943/', 'http://rera:44231/']
[rosmaster.master][INFO] 2026-03-11 22:52:22,683: publisherUpdate[/tf] -> http://rera:46795/ ['http://rera:35591/', 'http://rera:45787/', 'http://rera:33943/', 'http://rera:44231/']: sec=0.00, exception=[Errno 111] Connection refused
[rosmaster.threadpool][ERROR] 2026-03-11 22:52:22,683: Traceback (most recent call last):
  File "/opt/ros/noetic/lib/python3/dist-packages/rosmaster/threadpool.py", line 218, in run
    result = cmd(*args)
  File "/opt/ros/noetic/lib/python3/dist-packages/rosmaster/master_api.py", line 210, in publisher_update_task
    ret = xmlrpcapi(api).publisherUpdate('/master', topic, pub_uris)
  File "/usr/lib/python3.8/xmlrpc/client.py", line 1109, in __call__
    return self.__send(self.__name, args)
  File "/usr/lib/python3.8/xmlrpc/client.py", line 1450, in __request
    response = self.__transport.request(
  File "/usr/lib/python3.8/xmlrpc/client.py", line 1153, in request
    return self.single_request(host, handler, request_body, verbose)
  File "/usr/lib/python3.8/xmlrpc/client.py", line 1165, in single_request
    http_conn = self.send_request(host, handler, request_body, verbose)
  File "/usr/lib/python3.8/xmlrpc/client.py", line 1278, in send_request
    self.send_content(connection, request_body)
  File "/usr/lib/python3.8/xmlrpc/client.py", line 1308, in send_content
    connection.endheaders(request_body)
  File "/usr/lib/python3.8/http/client.py", line 1251, in endheaders
    self._send_output(message_body, encode_chunked=encode_chunked)
  File "/usr/lib/python3.8/http/client.py", line 1011, in _send_output
    self.send(msg)
  File "/usr/lib/python3.8/http/client.py", line 951, in send
    self.connect()
  File "/usr/lib/python3.8/http/client.py", line 922, in connect
    self.sock = self._create_connection(
  File "/usr/lib/python3.8/socket.py", line 808, in create_connection
    raise err
  File "/usr/lib/python3.8/socket.py", line 796, in create_connection
    sock.connect(sa)
ConnectionRefusedError: [Errno 111] Connection refused

[rosmaster.master][INFO] 2026-03-11 22:52:22,683: publisherUpdate[/tf] -> http://rera:34745/ ['http://rera:35591/', 'http://rera:45787/', 'http://rera:33943/', 'http://rera:44231/']
[rosmaster.master][INFO] 2026-03-11 22:52:22,685: publisherUpdate[/tf] -> http://rera:34745/ ['http://rera:35591/', 'http://rera:45787/', 'http://rera:33943/', 'http://rera:44231/']: sec=0.00, result=[1, '', 0]
[rosmaster.master][INFO] 2026-03-11 22:52:22,685: -PUB [/rosout] /laserMapping http://rera:35413/
[rosmaster.master][INFO] 2026-03-11 22:52:22,687: -SUB [/clock] /laserMapping http://rera:35413/
[rosmaster.master][INFO] 2026-03-11 22:52:22,688: -SERVICE [/laserMapping/get_loggers] /laserMapping rosrpc://rera:50437
[rosmaster.master][INFO] 2026-03-11 22:52:22,689: -SERVICE [/laserMapping/set_logger_level] /laserMapping rosrpc://rera:50437
[rosmaster.master][INFO] 2026-03-11 22:52:22,690: -CACHEDPARAM [/rosout_disable_topics_generation] by /laserMapping
[rosmaster.master][INFO] 2026-03-11 22:52:37,344: +PARAM [/roslaunch/uris/host_rera__41083] by /roslaunch
[rosmaster.master][INFO] 2026-03-11 22:52:37,348: +PARAM [/rosversion] by /roslaunch
[rosmaster.master][INFO] 2026-03-11 22:52:37,348: +PARAM [/rosdistro] by /roslaunch
[rosmaster.master][INFO] 2026-03-11 22:52:37,348: +PARAM [/common/lid_topic] by /roslaunch
[rosmaster.master][INFO] 2026-03-11 22:52:37,348: +PARAM [/common/imu_topic] by /roslaunch
[rosmaster.master][INFO] 2026-03-11 22:52:37,348: +PARAM [/common/time_sync_en] by /roslaunch
[rosmaster.master][INFO] 2026-03-11 22:52:37,348: +PARAM [/common/time_offset_lidar_to_imu] by /roslaunch
[rosmaster.master][INFO] 2026-03-11 22:52:37,348: +PARAM [/preprocess/lidar_type] by /roslaunch
[rosmaster.master][INFO] 2026-03-11 22:52:37,349: +PARAM [/preprocess/scan_line] by /roslaunch
[rosmaster.master][INFO] 2026-03-11 22:52:37,349: +PARAM [/preprocess/scan_rate] by /roslaunch
[rosmaster.master][INFO] 2026-03-11 22:52:37,349: +PARAM [/preprocess/timestamp_unit] by /roslaunch
[rosmaster.master][INFO] 2026-03-11 22:52:37,349: +PARAM [/preprocess/blind] by /roslaunch
[rosmaster.master][INFO] 2026-03-11 22:52:37,349: +PARAM [/mapping/acc_cov] by /roslaunch
[rosmaster.master][INFO] 2026-03-11 22:52:37,349: +PARAM [/mapping/gyr_cov] by /roslaunch
[rosmaster.master][INFO] 2026-03-11 22:52:37,349: +PARAM [/mapping/b_acc_cov] by /roslaunch
[rosmaster.master][INFO] 2026-03-11 22:52:37,349: +PARAM [/mapping/b_gyr_cov] by /roslaunch
[rosmaster.master][INFO] 2026-03-11 22:52:37,349: +PARAM [/mapping/fov_degree] by /roslaunch
[rosmaster.master][INFO] 2026-03-11 22:52:37,349: +PARAM [/mapping/det_range] by /roslaunch
[rosmaster.master][INFO] 2026-03-11 22:52:37,349: +PARAM [/mapping/extrinsic_est_en] by /roslaunch
[rosmaster.master][INFO] 2026-03-11 22:52:37,350: +PARAM [/mapping/extrinsic_T] by /roslaunch
[rosmaster.master][INFO] 2026-03-11 22:52:37,350: +PARAM [/mapping/extrinsic_R] by /roslaunch
[rosmaster.master][INFO] 2026-03-11 22:52:37,350: +PARAM [/publish/path_en] by /roslaunch
[rosmaster.master][INFO] 2026-03-11 22:52:37,350: +PARAM [/publish/scan_publish_en] by /roslaunch
[rosmaster.master][INFO] 2026-03-11 22:52:37,350: +PARAM [/publish/dense_publish_en] by /roslaunch
[rosmaster.master][INFO] 2026-03-11 22:52:37,350: +PARAM [/publish/scan_bodyframe_pub_en] by /roslaunch
[rosmaster.master][INFO] 2026-03-11 22:52:37,350: +PARAM [/pcd_save/pcd_save_en] by /roslaunch
[rosmaster.master][INFO] 2026-03-11 22:52:37,350: +PARAM [/pcd_save/interval] by /roslaunch
[rosmaster.master][INFO] 2026-03-11 22:52:37,350: +PARAM [/feature_extract_enable] by /roslaunch
[rosmaster.master][INFO] 2026-03-11 22:52:37,350: +PARAM [/point_filter_num] by /roslaunch
[rosmaster.master][INFO] 2026-03-11 22:52:37,351: +PARAM [/max_iteration] by /roslaunch
[rosmaster.master][INFO] 2026-03-11 22:52:37,351: +PARAM [/filter_size_surf] by /roslaunch
[rosmaster.master][INFO] 2026-03-11 22:52:37,351: +PARAM [/filter_size_map] by /roslaunch
[rosmaster.master][INFO] 2026-03-11 22:52:37,351: +PARAM [/cube_side_length] by /roslaunch
[rosmaster.master][INFO] 2026-03-11 22:52:37,351: +PARAM [/runtime_pos_log_enable] by /roslaunch
[rosmaster.master][INFO] 2026-03-11 22:52:37,773: +PUB [/rosout] /laserMapping http://rera:35017/
[rosmaster.master][INFO] 2026-03-11 22:52:37,774: +SERVICE [/laserMapping/get_loggers] /laserMapping http://rera:35017/
[rosmaster.master][INFO] 2026-03-11 22:52:37,775: +SERVICE [/laserMapping/set_logger_level] /laserMapping http://rera:35017/
[rosmaster.master][INFO] 2026-03-11 22:52:37,779: +SUB [/clock] /laserMapping http://rera:35017/
[rosmaster.master][INFO] 2026-03-11 22:52:37,815: +SUB [/velodyne_points] /laserMapping http://rera:35017/
[rosmaster.master][INFO] 2026-03-11 22:52:37,819: +SUB [/camera/imu] /laserMapping http://rera:35017/
[rosmaster.master][INFO] 2026-03-11 22:52:37,820: +PUB [/cloud_registered] /laserMapping http://rera:35017/
[rosmaster.master][INFO] 2026-03-11 22:52:37,820: +PUB [/cloud_registered_body] /laserMapping http://rera:35017/
[rosmaster.master][INFO] 2026-03-11 22:52:37,821: +PUB [/cloud_effected] /laserMapping http://rera:35017/
[rosmaster.master][INFO] 2026-03-11 22:52:37,821: +PUB [/Laser_map] /laserMapping http://rera:35017/
[rosmaster.master][INFO] 2026-03-11 22:52:37,822: +PUB [/Odometry] /laserMapping http://rera:35017/
[rosmaster.master][INFO] 2026-03-11 22:52:37,822: +PUB [/path] /laserMapping http://rera:35017/
[rosmaster.master][INFO] 2026-03-11 22:52:39,080: +CACHEDPARAM [/rosout_disable_topics_generation] by /laserMapping
[rosmaster.master][INFO] 2026-03-11 22:52:39,883: +PUB [/tf] /laserMapping http://rera:35017/
[rosmaster.master][INFO] 2026-03-11 22:52:39,931: publisherUpdate[/tf] -> http://rera:39197/ ['http://rera:35591/', 'http://rera:45787/', 'http://rera:33943/', 'http://rera:44231/', 'http://rera:35017/']
[rosmaster.master][INFO] 2026-03-11 22:52:39,932: publisherUpdate[/tf] -> http://rera:39197/ ['http://rera:35591/', 'http://rera:45787/', 'http://rera:33943/', 'http://rera:44231/', 'http://rera:35017/']: sec=0.00, exception=[Errno 111] Connection refused
[rosmaster.threadpool][ERROR] 2026-03-11 22:52:39,932: Traceback (most recent call last):
  File "/opt/ros/noetic/lib/python3/dist-packages/rosmaster/threadpool.py", line 218, in run
    result = cmd(*args)
  File "/opt/ros/noetic/lib/python3/dist-packages/rosmaster/master_api.py", line 210, in publisher_update_task
    ret = xmlrpcapi(api).publisherUpdate('/master', topic, pub_uris)
  File "/usr/lib/python3.8/xmlrpc/client.py", line 1109, in __call__
    return self.__send(self.__name, args)
  File "/usr/lib/python3.8/xmlrpc/client.py", line 1450, in __request
    response = self.__transport.request(
  File "/usr/lib/python3.8/xmlrpc/client.py", line 1153, in request
    return self.single_request(host, handler, request_body, verbose)
  File "/usr/lib/python3.8/xmlrpc/client.py", line 1165, in single_request
    http_conn = self.send_request(host, handler, request_body, verbose)
  File "/usr/lib/python3.8/xmlrpc/client.py", line 1278, in send_request
    self.send_content(connection, request_body)
  File "/usr/lib/python3.8/xmlrpc/client.py", line 1308, in send_content
    connection.endheaders(request_body)
  File "/usr/lib/python3.8/http/client.py", line 1251, in endheaders
    self._send_output(message_body, encode_chunked=encode_chunked)
  File "/usr/lib/python3.8/http/client.py", line 1011, in _send_output
    self.send(msg)
  File "/usr/lib/python3.8/http/client.py", line 951, in send
    self.connect()
  File "/usr/lib/python3.8/http/client.py", line 922, in connect
    self.sock = self._create_connection(
  File "/usr/lib/python3.8/socket.py", line 808, in create_connection
    raise err
  File "/usr/lib/python3.8/socket.py", line 796, in create_connection
    sock.connect(sa)
ConnectionRefusedError: [Errno 111] Connection refused

[rosmaster.master][INFO] 2026-03-11 22:52:39,932: publisherUpdate[/tf] -> http://rera:38007/ ['http://rera:35591/', 'http://rera:45787/', 'http://rera:33943/', 'http://rera:44231/', 'http://rera:35017/']
[rosmaster.master][INFO] 2026-03-11 22:52:39,932: publisherUpdate[/tf] -> http://rera:38007/ ['http://rera:35591/', 'http://rera:45787/', 'http://rera:33943/', 'http://rera:44231/', 'http://rera:35017/']: sec=0.00, exception=[Errno 111] Connection refused
[rosmaster.threadpool][ERROR] 2026-03-11 22:52:39,933: Traceback (most recent call last):
  File "/opt/ros/noetic/lib/python3/dist-packages/rosmaster/threadpool.py", line 218, in run
    result = cmd(*args)
  File "/opt/ros/noetic/lib/python3/dist-packages/rosmaster/master_api.py", line 210, in publisher_update_task
    ret = xmlrpcapi(api).publisherUpdate('/master', topic, pub_uris)
  File "/usr/lib/python3.8/xmlrpc/client.py", line 1109, in __call__
    return self.__send(self.__name, args)
  File "/usr/lib/python3.8/xmlrpc/client.py", line 1450, in __request
    response = self.__transport.request(
  File "/usr/lib/python3.8/xmlrpc/client.py", line 1153, in request
    return self.single_request(host, handler, request_body, verbose)
  File "/usr/lib/python3.8/xmlrpc/client.py", line 1165, in single_request
    http_conn = self.send_request(host, handler, request_body, verbose)
  File "/usr/lib/python3.8/xmlrpc/client.py", line 1278, in send_request
    self.send_content(connection, request_body)
  File "/usr/lib/python3.8/xmlrpc/client.py", line 1308, in send_content
    connection.endheaders(request_body)
  File "/usr/lib/python3.8/http/client.py", line 1251, in endheaders
    self._send_output(message_body, encode_chunked=encode_chunked)
  File "/usr/lib/python3.8/http/client.py", line 1011, in _send_output
    self.send(msg)
  File "/usr/lib/python3.8/http/client.py", line 951, in send
    self.connect()
  File "/usr/lib/python3.8/http/client.py", line 922, in connect
    self.sock = self._create_connection(
  File "/usr/lib/python3.8/socket.py", line 808, in create_connection
    raise err
  File "/usr/lib/python3.8/socket.py", line 796, in create_connection
    sock.connect(sa)
ConnectionRefusedError: [Errno 111] Connection refused

[rosmaster.master][INFO] 2026-03-11 22:52:39,933: publisherUpdate[/tf] -> http://rera:46795/ ['http://rera:35591/', 'http://rera:45787/', 'http://rera:33943/', 'http://rera:44231/', 'http://rera:35017/']
[rosmaster.master][INFO] 2026-03-11 22:52:39,933: publisherUpdate[/tf] -> http://rera:34745/ ['http://rera:35591/', 'http://rera:45787/', 'http://rera:33943/', 'http://rera:44231/', 'http://rera:35017/']
[rosmaster.master][INFO] 2026-03-11 22:52:39,935: publisherUpdate[/tf] -> http://rera:34745/ ['http://rera:35591/', 'http://rera:45787/', 'http://rera:33943/', 'http://rera:44231/', 'http://rera:35017/']: sec=0.00, result=[1, '', 0]
[rosmaster.master][INFO] 2026-03-11 22:52:39,936: publisherUpdate[/tf] -> http://rera:46795/ ['http://rera:35591/', 'http://rera:45787/', 'http://rera:33943/', 'http://rera:44231/', 'http://rera:35017/']: sec=0.00, exception=[Errno 111] Connection refused
[rosmaster.threadpool][ERROR] 2026-03-11 22:52:39,936: Traceback (most recent call last):
  File "/opt/ros/noetic/lib/python3/dist-packages/rosmaster/threadpool.py", line 218, in run
    result = cmd(*args)
  File "/opt/ros/noetic/lib/python3/dist-packages/rosmaster/master_api.py", line 210, in publisher_update_task
    ret = xmlrpcapi(api).publisherUpdate('/master', topic, pub_uris)
  File "/usr/lib/python3.8/xmlrpc/client.py", line 1109, in __call__
    return self.__send(self.__name, args)
  File "/usr/lib/python3.8/xmlrpc/client.py", line 1450, in __request
    response = self.__transport.request(
  File "/usr/lib/python3.8/xmlrpc/client.py", line 1153, in request
    return self.single_request(host, handler, request_body, verbose)
  File "/usr/lib/python3.8/xmlrpc/client.py", line 1165, in single_request
    http_conn = self.send_request(host, handler, request_body, verbose)
  File "/usr/lib/python3.8/xmlrpc/client.py", line 1278, in send_request
    self.send_content(connection, request_body)
  File "/usr/lib/python3.8/xmlrpc/client.py", line 1308, in send_content
    connection.endheaders(request_body)
  File "/usr/lib/python3.8/http/client.py", line 1251, in endheaders
    self._send_output(message_body, encode_chunked=encode_chunked)
  File "/usr/lib/python3.8/http/client.py", line 1011, in _send_output
    self.send(msg)
  File "/usr/lib/python3.8/http/client.py", line 951, in send
    self.connect()
  File "/usr/lib/python3.8/http/client.py", line 922, in connect
    self.sock = self._create_connection(
  File "/usr/lib/python3.8/socket.py", line 808, in create_connection
    raise err
  File "/usr/lib/python3.8/socket.py", line 796, in create_connection
    sock.connect(sa)
ConnectionRefusedError: [Errno 111] Connection refused

[rosmaster.master][INFO] 2026-03-11 22:52:42,341: -PUB [/rosout] /rviz_1773240727321591885 http://rera:34745/
[rosmaster.master][INFO] 2026-03-11 22:52:42,342: -PUB [/initialpose] /rviz_1773240727321591885 http://rera:34745/
[rosmaster.master][INFO] 2026-03-11 22:52:42,343: -PUB [/move_base_simple/goal] /rviz_1773240727321591885 http://rera:34745/
[rosmaster.master][INFO] 2026-03-11 22:52:42,343: -PUB [/clicked_point] /rviz_1773240727321591885 http://rera:34745/
[rosmaster.master][INFO] 2026-03-11 22:52:42,344: -SUB [/clock] /rviz_1773240727321591885 http://rera:34745/
[rosmaster.master][INFO] 2026-03-11 22:52:42,345: -SUB [/tf] /rviz_1773240727321591885 http://rera:34745/
[rosmaster.master][INFO] 2026-03-11 22:52:42,346: -SUB [/tf_static] /rviz_1773240727321591885 http://rera:34745/
[rosmaster.master][INFO] 2026-03-11 22:52:42,347: -SERVICE [/rviz_1773240727321591885/get_loggers] /rviz_1773240727321591885 rosrpc://rera:44517
[rosmaster.master][INFO] 2026-03-11 22:52:42,347: -SERVICE [/rviz_1773240727321591885/set_logger_level] /rviz_1773240727321591885 rosrpc://rera:44517
[rosmaster.master][INFO] 2026-03-11 22:52:42,348: -SERVICE [/rviz_1773240727321591885/reload_shaders] /rviz_1773240727321591885 rosrpc://rera:44517
[rosmaster.master][INFO] 2026-03-11 22:52:42,349: -SERVICE [/rviz_1773240727321591885/load_config] /rviz_1773240727321591885 rosrpc://rera:44517
[rosmaster.master][INFO] 2026-03-11 22:52:42,349: -SERVICE [/rviz_1773240727321591885/load_config_discarding_changes] /rviz_1773240727321591885 rosrpc://rera:44517
[rosmaster.master][INFO] 2026-03-11 22:52:42,349: -SERVICE [/rviz_1773240727321591885/save_config] /rviz_1773240727321591885 rosrpc://rera:44517
[rosmaster.master][INFO] 2026-03-11 22:52:42,350: -CACHEDPARAM [/rosout_disable_topics_generation] by /rviz_1773240727321591885
[rosmaster.master][INFO] 2026-03-11 22:52:44,071: +PUB [/rosout] /rviz_1773240764067222880 http://rera:43767/
[rosmaster.master][INFO] 2026-03-11 22:52:44,071: +SERVICE [/rviz_1773240764067222880/get_loggers] /rviz_1773240764067222880 http://rera:43767/
[rosmaster.master][INFO] 2026-03-11 22:52:44,072: +SERVICE [/rviz_1773240764067222880/set_logger_level] /rviz_1773240764067222880 http://rera:43767/
[rosmaster.master][INFO] 2026-03-11 22:52:44,075: +SUB [/clock] /rviz_1773240764067222880 http://rera:43767/
[rosmaster.master][INFO] 2026-03-11 22:52:44,076: +CACHEDPARAM [/rosout_disable_topics_generation] by /rviz_1773240764067222880
[rosmaster.master][INFO] 2026-03-11 22:52:44,848: +SUB [/tf] /rviz_1773240764067222880 http://rera:43767/
[rosmaster.master][INFO] 2026-03-11 22:52:44,852: +SUB [/tf_static] /rviz_1773240764067222880 http://rera:43767/
[rosmaster.master][INFO] 2026-03-11 22:52:44,883: +PUB [/initialpose] /rviz_1773240764067222880 http://rera:43767/
[rosmaster.master][INFO] 2026-03-11 22:52:44,884: +PUB [/goal] /rviz_1773240764067222880 http://rera:43767/
[rosmaster.master][INFO] 2026-03-11 22:52:44,887: -PUB [/goal] /rviz_1773240764067222880 http://rera:43767/
[rosmaster.master][INFO] 2026-03-11 22:52:44,888: -PUB [/initialpose] /rviz_1773240764067222880 http://rera:43767/
[rosmaster.master][INFO] 2026-03-11 22:52:44,890: +PUB [/initialpose] /rviz_1773240764067222880 http://rera:43767/
[rosmaster.master][INFO] 2026-03-11 22:52:44,891: +PUB [/goal] /rviz_1773240764067222880 http://rera:43767/
[rosmaster.master][INFO] 2026-03-11 22:52:44,892: +PUB [/move_base_simple/goal] /rviz_1773240764067222880 http://rera:43767/
[rosmaster.master][INFO] 2026-03-11 22:52:44,892: -PUB [/goal] /rviz_1773240764067222880 http://rera:43767/
[rosmaster.master][INFO] 2026-03-11 22:52:44,893: +PUB [/clicked_point] /rviz_1773240764067222880 http://rera:43767/
[rosmaster.master][INFO] 2026-03-11 22:52:44,952: +SERVICE [/rviz_1773240764067222880/reload_shaders] /rviz_1773240764067222880 http://rera:43767/
[rosmaster.master][INFO] 2026-03-11 22:52:44,953: +SERVICE [/rviz_1773240764067222880/load_config] /rviz_1773240764067222880 http://rera:43767/
[rosmaster.master][INFO] 2026-03-11 22:52:44,954: +SERVICE [/rviz_1773240764067222880/load_config_discarding_changes] /rviz_1773240764067222880 http://rera:43767/
[rosmaster.master][INFO] 2026-03-11 22:52:44,955: +SERVICE [/rviz_1773240764067222880/save_config] /rviz_1773240764067222880 http://rera:43767/
[rosmaster.master][INFO] 2026-03-11 22:52:56,227: +PUB [/rosout] /rostopic_46399_1773240776059 http://rera:46547/
[rosmaster.master][INFO] 2026-03-11 22:52:56,230: +SUB [/clock] /rostopic_46399_1773240776059 http://rera:46547/
[rosmaster.master][INFO] 2026-03-11 22:52:56,233: +SERVICE [/rostopic_46399_1773240776059/get_loggers] /rostopic_46399_1773240776059 http://rera:46547/
[rosmaster.master][INFO] 2026-03-11 22:52:56,235: +SERVICE [/rostopic_46399_1773240776059/set_logger_level] /rostopic_46399_1773240776059 http://rera:46547/
[rosmaster.master][INFO] 2026-03-11 22:52:56,257: +SUB [/tf] /rostopic_46399_1773240776059 http://rera:46547/
[rosmaster.master][INFO] 2026-03-11 22:53:01,552: -SUB [/clock] /rostopic_46399_1773240776059 http://rera:46547/
[rosmaster.master][INFO] 2026-03-11 22:53:01,553: -SUB [/tf] /rostopic_46399_1773240776059 http://rera:46547/
[rosmaster.master][INFO] 2026-03-11 22:53:01,553: -PUB [/rosout] /rostopic_46399_1773240776059 http://rera:46547/
[rosmaster.master][INFO] 2026-03-11 22:53:01,553: -SERVICE [/rostopic_46399_1773240776059/get_loggers] /rostopic_46399_1773240776059 rosrpc://rera:42769
[rosmaster.master][INFO] 2026-03-11 22:53:01,553: -SERVICE [/rostopic_46399_1773240776059/set_logger_level] /rostopic_46399_1773240776059 rosrpc://rera:42769
[rosmaster.master][INFO] 2026-03-11 22:53:15,943: +SUB [/cloud_registered] /rviz_1773240764067222880 http://rera:43767/
[rosmaster.master][INFO] 2026-03-11 22:53:44,312: +PUB [/rosout] /rostopic_46647_1773240824141 http://rera:34087/
[rosmaster.master][INFO] 2026-03-11 22:53:44,315: +SUB [/clock] /rostopic_46647_1773240824141 http://rera:34087/
[rosmaster.master][INFO] 2026-03-11 22:53:44,317: +SERVICE [/rostopic_46647_1773240824141/get_loggers] /rostopic_46647_1773240824141 http://rera:34087/
[rosmaster.master][INFO] 2026-03-11 22:53:44,319: +SERVICE [/rostopic_46647_1773240824141/set_logger_level] /rostopic_46647_1773240824141 http://rera:34087/
[rosmaster.master][INFO] 2026-03-11 22:53:44,343: +SUB [/Odometry] /rostopic_46647_1773240824141 http://rera:34087/
[rosmaster.master][INFO] 2026-03-11 22:53:48,558: -SUB [/clock] /rostopic_46647_1773240824141 http://rera:34087/
[rosmaster.master][INFO] 2026-03-11 22:53:48,559: -SUB [/Odometry] /rostopic_46647_1773240824141 http://rera:34087/
[rosmaster.master][INFO] 2026-03-11 22:53:48,559: -PUB [/rosout] /rostopic_46647_1773240824141 http://rera:34087/
[rosmaster.master][INFO] 2026-03-11 22:53:48,559: -SERVICE [/rostopic_46647_1773240824141/get_loggers] /rostopic_46647_1773240824141 rosrpc://rera:38799
[rosmaster.master][INFO] 2026-03-11 22:53:48,559: -SERVICE [/rostopic_46647_1773240824141/set_logger_level] /rostopic_46647_1773240824141 rosrpc://rera:38799
[rosmaster.master][INFO] 2026-03-11 22:54:09,479: +PUB [/rosout] /rostopic_46740_1773240849302 http://rera:40827/
[rosmaster.master][INFO] 2026-03-11 22:54:09,484: +SUB [/clock] /rostopic_46740_1773240849302 http://rera:40827/
[rosmaster.master][INFO] 2026-03-11 22:54:09,490: +SERVICE [/rostopic_46740_1773240849302/get_loggers] /rostopic_46740_1773240849302 http://rera:40827/
[rosmaster.master][INFO] 2026-03-11 22:54:09,492: +SERVICE [/rostopic_46740_1773240849302/set_logger_level] /rostopic_46740_1773240849302 http://rera:40827/
[rosmaster.master][INFO] 2026-03-11 22:54:09,522: +SUB [/odom] /rostopic_46740_1773240849302 http://rera:40827/
[rosmaster.master][INFO] 2026-03-11 22:54:12,677: -SUB [/clock] /rostopic_46740_1773240849302 http://rera:40827/
[rosmaster.master][INFO] 2026-03-11 22:54:12,678: -SUB [/odom] /rostopic_46740_1773240849302 http://rera:40827/
[rosmaster.master][INFO] 2026-03-11 22:54:12,678: -PUB [/rosout] /rostopic_46740_1773240849302 http://rera:40827/
[rosmaster.master][INFO] 2026-03-11 22:54:12,678: -SERVICE [/rostopic_46740_1773240849302/get_loggers] /rostopic_46740_1773240849302 rosrpc://rera:36193
[rosmaster.master][INFO] 2026-03-11 22:54:12,678: -SERVICE [/rostopic_46740_1773240849302/set_logger_level] /rostopic_46740_1773240849302 rosrpc://rera:36193
[rosmaster.master][INFO] 2026-03-11 22:54:26,826: +SUB [/camera/imu] /rviz_1773240764067222880 http://rera:43767/
[rosmaster.master][INFO] 2026-03-11 22:54:57,151: +SUB [/velodyne_points] /rviz_1773240764067222880 http://rera:43767/
[rosmaster.master][INFO] 2026-03-11 22:55:00,184: -SUB [/velodyne_points] /rviz_1773240764067222880 http://rera:43767/
[rosmaster.master][INFO] 2026-03-11 22:55:08,885: +SUB [/clicked_point] /rviz_1773240764067222880 http://rera:43767/
[rosmaster.master][INFO] 2026-03-11 22:55:13,725: -SUB [/clicked_point] /rviz_1773240764067222880 http://rera:43767/
[rosmaster.master][INFO] 2026-03-11 22:55:22,129: +SUB [/cloud_registered_body] /rviz_1773240764067222880 http://rera:43767/
[rosmaster.master][INFO] 2026-03-11 22:55:51,059: -SUB [/cloud_registered_body] /rviz_1773240764067222880 http://rera:43767/
[rosmaster.master][INFO] 2026-03-11 22:55:53,762: -SUB [/camera/imu] /rviz_1773240764067222880 http://rera:43767/
[rosmaster.master][INFO] 2026-03-11 22:55:54,235: -SUB [/cloud_registered] /rviz_1773240764067222880 http://rera:43767/
[rosmaster.master][INFO] 2026-03-11 22:55:59,696: -PUB [/rosout] /rviz_1773240764067222880 http://rera:43767/
[rosmaster.master][INFO] 2026-03-11 22:55:59,698: -PUB [/initialpose] /rviz_1773240764067222880 http://rera:43767/
[rosmaster.master][INFO] 2026-03-11 22:55:59,699: -PUB [/move_base_simple/goal] /rviz_1773240764067222880 http://rera:43767/
[rosmaster.master][INFO] 2026-03-11 22:55:59,700: -PUB [/clicked_point] /rviz_1773240764067222880 http://rera:43767/
[rosmaster.master][INFO] 2026-03-11 22:55:59,701: -SUB [/clock] /rviz_1773240764067222880 http://rera:43767/
[rosmaster.master][INFO] 2026-03-11 22:55:59,702: -SUB [/tf] /rviz_1773240764067222880 http://rera:43767/
[rosmaster.master][INFO] 2026-03-11 22:55:59,705: -SUB [/tf_static] /rviz_1773240764067222880 http://rera:43767/
[rosmaster.master][INFO] 2026-03-11 22:55:59,707: -SERVICE [/rviz_1773240764067222880/get_loggers] /rviz_1773240764067222880 rosrpc://rera:58439
[rosmaster.master][INFO] 2026-03-11 22:55:59,708: -SERVICE [/rviz_1773240764067222880/set_logger_level] /rviz_1773240764067222880 rosrpc://rera:58439
[rosmaster.master][INFO] 2026-03-11 22:55:59,709: -SERVICE [/rviz_1773240764067222880/reload_shaders] /rviz_1773240764067222880 rosrpc://rera:58439
[rosmaster.master][INFO] 2026-03-11 22:55:59,710: -SERVICE [/rviz_1773240764067222880/load_config] /rviz_1773240764067222880 rosrpc://rera:58439
[rosmaster.master][INFO] 2026-03-11 22:55:59,711: -SERVICE [/rviz_1773240764067222880/load_config_discarding_changes] /rviz_1773240764067222880 rosrpc://rera:58439
[rosmaster.master][INFO] 2026-03-11 22:55:59,711: -SERVICE [/rviz_1773240764067222880/save_config] /rviz_1773240764067222880 rosrpc://rera:58439
[rosmaster.master][INFO] 2026-03-11 22:55:59,712: -CACHEDPARAM [/rosout_disable_topics_generation] by /rviz_1773240764067222880
[rosmaster.master][INFO] 2026-03-11 22:57:08,166: -PUB [/path] /laserMapping http://rera:35017/
[rosmaster.master][INFO] 2026-03-11 22:57:08,168: -PUB [/Odometry] /laserMapping http://rera:35017/
[rosmaster.master][INFO] 2026-03-11 22:57:08,169: -PUB [/Laser_map] /laserMapping http://rera:35017/
[rosmaster.master][INFO] 2026-03-11 22:57:08,170: -PUB [/cloud_effected] /laserMapping http://rera:35017/
[rosmaster.master][INFO] 2026-03-11 22:57:08,171: -PUB [/cloud_registered_body] /laserMapping http://rera:35017/
[rosmaster.master][INFO] 2026-03-11 22:57:08,172: -PUB [/cloud_registered] /laserMapping http://rera:35017/
[rosmaster.master][INFO] 2026-03-11 22:57:08,172: -SUB [/camera/imu] /laserMapping http://rera:35017/
[rosmaster.master][INFO] 2026-03-11 22:57:08,174: -SUB [/velodyne_points] /laserMapping http://rera:35017/
[rosmaster.master][INFO] 2026-03-11 22:57:08,175: -PUB [/tf] /laserMapping http://rera:35017/
[rosmaster.master][INFO] 2026-03-11 22:57:08,191: publisherUpdate[/tf] -> http://rera:39197/ ['http://rera:35591/', 'http://rera:45787/', 'http://rera:33943/', 'http://rera:44231/']
[rosmaster.master][INFO] 2026-03-11 22:57:08,193: publisherUpdate[/tf] -> http://rera:38007/ ['http://rera:35591/', 'http://rera:45787/', 'http://rera:33943/', 'http://rera:44231/']
[rosmaster.master][INFO] 2026-03-11 22:57:08,195: publisherUpdate[/tf] -> http://rera:38007/ ['http://rera:35591/', 'http://rera:45787/', 'http://rera:33943/', 'http://rera:44231/']: sec=0.00, exception=[Errno 111] Connection refused
[rosmaster.master][INFO] 2026-03-11 22:57:08,197: publisherUpdate[/tf] -> http://rera:46795/ ['http://rera:35591/', 'http://rera:45787/', 'http://rera:33943/', 'http://rera:44231/']
[rosmaster.master][INFO] 2026-03-11 22:57:08,198: publisherUpdate[/tf] -> http://rera:46795/ ['http://rera:35591/', 'http://rera:45787/', 'http://rera:33943/', 'http://rera:44231/']: sec=0.00, exception=[Errno 111] Connection refused
[rosmaster.master][INFO] 2026-03-11 22:57:08,198: publisherUpdate[/tf] -> http://rera:39197/ ['http://rera:35591/', 'http://rera:45787/', 'http://rera:33943/', 'http://rera:44231/']: sec=0.01, exception=[Errno 111] Connection refused
[rosmaster.threadpool][ERROR] 2026-03-11 22:57:08,199: Traceback (most recent call last):
  File "/opt/ros/noetic/lib/python3/dist-packages/rosmaster/threadpool.py", line 218, in run
    result = cmd(*args)
  File "/opt/ros/noetic/lib/python3/dist-packages/rosmaster/master_api.py", line 210, in publisher_update_task
    ret = xmlrpcapi(api).publisherUpdate('/master', topic, pub_uris)
  File "/usr/lib/python3.8/xmlrpc/client.py", line 1109, in __call__
    return self.__send(self.__name, args)
  File "/usr/lib/python3.8/xmlrpc/client.py", line 1450, in __request
    response = self.__transport.request(
  File "/usr/lib/python3.8/xmlrpc/client.py", line 1153, in request
    return self.single_request(host, handler, request_body, verbose)
  File "/usr/lib/python3.8/xmlrpc/client.py", line 1165, in single_request
    http_conn = self.send_request(host, handler, request_body, verbose)
  File "/usr/lib/python3.8/xmlrpc/client.py", line 1278, in send_request
    self.send_content(connection, request_body)
  File "/usr/lib/python3.8/xmlrpc/client.py", line 1308, in send_content
    connection.endheaders(request_body)
  File "/usr/lib/python3.8/http/client.py", line 1251, in endheaders
    self._send_output(message_body, encode_chunked=encode_chunked)
  File "/usr/lib/python3.8/http/client.py", line 1011, in _send_output
    self.send(msg)
  File "/usr/lib/python3.8/http/client.py", line 951, in send
    self.connect()
  File "/usr/lib/python3.8/http/client.py", line 922, in connect
    self.sock = self._create_connection(
  File "/usr/lib/python3.8/socket.py", line 808, in create_connection
    raise err
  File "/usr/lib/python3.8/socket.py", line 796, in create_connection
    sock.connect(sa)
ConnectionRefusedError: [Errno 111] Connection refused

[rosmaster.threadpool][ERROR] 2026-03-11 22:57:08,201: Traceback (most recent call last):
  File "/opt/ros/noetic/lib/python3/dist-packages/rosmaster/threadpool.py", line 218, in run
    result = cmd(*args)
  File "/opt/ros/noetic/lib/python3/dist-packages/rosmaster/master_api.py", line 210, in publisher_update_task
    ret = xmlrpcapi(api).publisherUpdate('/master', topic, pub_uris)
  File "/usr/lib/python3.8/xmlrpc/client.py", line 1109, in __call__
    return self.__send(self.__name, args)
  File "/usr/lib/python3.8/xmlrpc/client.py", line 1450, in __request
    response = self.__transport.request(
  File "/usr/lib/python3.8/xmlrpc/client.py", line 1153, in request
    return self.single_request(host, handler, request_body, verbose)
  File "/usr/lib/python3.8/xmlrpc/client.py", line 1165, in single_request
    http_conn = self.send_request(host, handler, request_body, verbose)
  File "/usr/lib/python3.8/xmlrpc/client.py", line 1278, in send_request
    self.send_content(connection, request_body)
  File "/usr/lib/python3.8/xmlrpc/client.py", line 1308, in send_content
    connection.endheaders(request_body)
  File "/usr/lib/python3.8/http/client.py", line 1251, in endheaders
    self._send_output(message_body, encode_chunked=encode_chunked)
  File "/usr/lib/python3.8/http/client.py", line 1011, in _send_output
    self.send(msg)
  File "/usr/lib/python3.8/http/client.py", line 951, in send
    self.connect()
  File "/usr/lib/python3.8/http/client.py", line 922, in connect
    self.sock = self._create_connection(
  File "/usr/lib/python3.8/socket.py", line 808, in create_connection
    raise err
  File "/usr/lib/python3.8/socket.py", line 796, in create_connection
    sock.connect(sa)
ConnectionRefusedError: [Errno 111] Connection refused

[rosmaster.threadpool][ERROR] 2026-03-11 22:57:08,202: Traceback (most recent call last):
  File "/opt/ros/noetic/lib/python3/dist-packages/rosmaster/threadpool.py", line 218, in run
    result = cmd(*args)
  File "/opt/ros/noetic/lib/python3/dist-packages/rosmaster/master_api.py", line 210, in publisher_update_task
    ret = xmlrpcapi(api).publisherUpdate('/master', topic, pub_uris)
  File "/usr/lib/python3.8/xmlrpc/client.py", line 1109, in __call__
    return self.__send(self.__name, args)
  File "/usr/lib/python3.8/xmlrpc/client.py", line 1450, in __request
    response = self.__transport.request(
  File "/usr/lib/python3.8/xmlrpc/client.py", line 1153, in request
    return self.single_request(host, handler, request_body, verbose)
  File "/usr/lib/python3.8/xmlrpc/client.py", line 1165, in single_request
    http_conn = self.send_request(host, handler, request_body, verbose)
  File "/usr/lib/python3.8/xmlrpc/client.py", line 1278, in send_request
    self.send_content(connection, request_body)
  File "/usr/lib/python3.8/xmlrpc/client.py", line 1308, in send_content
    connection.endheaders(request_body)
  File "/usr/lib/python3.8/http/client.py", line 1251, in endheaders
    self._send_output(message_body, encode_chunked=encode_chunked)
  File "/usr/lib/python3.8/http/client.py", line 1011, in _send_output
    self.send(msg)
  File "/usr/lib/python3.8/http/client.py", line 951, in send
    self.connect()
  File "/usr/lib/python3.8/http/client.py", line 922, in connect
    self.sock = self._create_connection(
  File "/usr/lib/python3.8/socket.py", line 808, in create_connection
    raise err
  File "/usr/lib/python3.8/socket.py", line 796, in create_connection
    sock.connect(sa)
ConnectionRefusedError: [Errno 111] Connection refused

[rosmaster.master][INFO] 2026-03-11 22:57:08,275: -PUB [/rosout] /laserMapping http://rera:35017/
[rosmaster.master][INFO] 2026-03-11 22:57:08,276: -SUB [/clock] /laserMapping http://rera:35017/
[rosmaster.master][INFO] 2026-03-11 22:57:08,277: -SERVICE [/laserMapping/get_loggers] /laserMapping rosrpc://rera:55419
[rosmaster.master][INFO] 2026-03-11 22:57:08,277: -SERVICE [/laserMapping/set_logger_level] /laserMapping rosrpc://rera:55419
[rosmaster.master][INFO] 2026-03-11 22:57:08,278: -CACHEDPARAM [/rosout_disable_topics_generation] by /laserMapping
[rosmaster.master][INFO] 2026-03-11 22:57:14,930: +PARAM [/roslaunch/uris/host_rera__45597] by /roslaunch
[rosmaster.master][INFO] 2026-03-11 22:57:14,938: +PARAM [/rosversion] by /roslaunch
[rosmaster.master][INFO] 2026-03-11 22:57:14,939: +PARAM [/rosdistro] by /roslaunch
[rosmaster.master][INFO] 2026-03-11 22:57:14,939: +PARAM [/common/lid_topic] by /roslaunch
[rosmaster.master][INFO] 2026-03-11 22:57:14,939: +PARAM [/common/imu_topic] by /roslaunch
[rosmaster.master][INFO] 2026-03-11 22:57:14,939: +PARAM [/common/time_sync_en] by /roslaunch
[rosmaster.master][INFO] 2026-03-11 22:57:14,939: +PARAM [/common/time_offset_lidar_to_imu] by /roslaunch
[rosmaster.master][INFO] 2026-03-11 22:57:14,939: +PARAM [/preprocess/lidar_type] by /roslaunch
[rosmaster.master][INFO] 2026-03-11 22:57:14,939: +PARAM [/preprocess/scan_line] by /roslaunch
[rosmaster.master][INFO] 2026-03-11 22:57:14,940: +PARAM [/preprocess/scan_rate] by /roslaunch
[rosmaster.master][INFO] 2026-03-11 22:57:14,940: +PARAM [/preprocess/timestamp_unit] by /roslaunch
[rosmaster.master][INFO] 2026-03-11 22:57:14,940: +PARAM [/preprocess/blind] by /roslaunch
[rosmaster.master][INFO] 2026-03-11 22:57:14,940: +PARAM [/mapping/acc_cov] by /roslaunch
[rosmaster.master][INFO] 2026-03-11 22:57:14,940: +PARAM [/mapping/gyr_cov] by /roslaunch
[rosmaster.master][INFO] 2026-03-11 22:57:14,940: +PARAM [/mapping/b_acc_cov] by /roslaunch
[rosmaster.master][INFO] 2026-03-11 22:57:14,940: +PARAM [/mapping/b_gyr_cov] by /roslaunch
[rosmaster.master][INFO] 2026-03-11 22:57:14,940: +PARAM [/mapping/fov_degree] by /roslaunch
[rosmaster.master][INFO] 2026-03-11 22:57:14,940: +PARAM [/mapping/det_range] by /roslaunch
[rosmaster.master][INFO] 2026-03-11 22:57:14,941: +PARAM [/mapping/extrinsic_est_en] by /roslaunch
[rosmaster.master][INFO] 2026-03-11 22:57:14,941: +PARAM [/mapping/extrinsic_T] by /roslaunch
[rosmaster.master][INFO] 2026-03-11 22:57:14,941: +PARAM [/mapping/extrinsic_R] by /roslaunch
[rosmaster.master][INFO] 2026-03-11 22:57:14,941: +PARAM [/publish/path_en] by /roslaunch
[rosmaster.master][INFO] 2026-03-11 22:57:14,941: +PARAM [/publish/scan_publish_en] by /roslaunch
[rosmaster.master][INFO] 2026-03-11 22:57:14,941: +PARAM [/publish/dense_publish_en] by /roslaunch
[rosmaster.master][INFO] 2026-03-11 22:57:14,941: +PARAM [/publish/scan_bodyframe_pub_en] by /roslaunch
[rosmaster.master][INFO] 2026-03-11 22:57:14,941: +PARAM [/pcd_save/pcd_save_en] by /roslaunch
[rosmaster.master][INFO] 2026-03-11 22:57:14,941: +PARAM [/pcd_save/interval] by /roslaunch
[rosmaster.master][INFO] 2026-03-11 22:57:14,942: +PARAM [/feature_extract_enable] by /roslaunch
[rosmaster.master][INFO] 2026-03-11 22:57:14,942: +PARAM [/point_filter_num] by /roslaunch
[rosmaster.master][INFO] 2026-03-11 22:57:14,942: +PARAM [/max_iteration] by /roslaunch
[rosmaster.master][INFO] 2026-03-11 22:57:14,942: +PARAM [/filter_size_surf] by /roslaunch
[rosmaster.master][INFO] 2026-03-11 22:57:14,942: +PARAM [/filter_size_map] by /roslaunch
[rosmaster.master][INFO] 2026-03-11 22:57:14,942: +PARAM [/cube_side_length] by /roslaunch
[rosmaster.master][INFO] 2026-03-11 22:57:14,942: +PARAM [/runtime_pos_log_enable] by /roslaunch
[rosmaster.master][INFO] 2026-03-11 22:57:15,717: +PUB [/rosout] /rviz http://rera:37607/
[rosmaster.master][INFO] 2026-03-11 22:57:15,718: +SERVICE [/rviz/get_loggers] /rviz http://rera:37607/
[rosmaster.master][INFO] 2026-03-11 22:57:15,719: +SERVICE [/rviz/set_logger_level] /rviz http://rera:37607/
[rosmaster.master][INFO] 2026-03-11 22:57:15,725: +SUB [/clock] /rviz http://rera:37607/
[rosmaster.master][INFO] 2026-03-11 22:57:15,728: +CACHEDPARAM [/rosout_disable_topics_generation] by /rviz
[rosmaster.master][INFO] 2026-03-11 22:57:15,799: +PUB [/rosout] /laserMapping http://rera:45643/
[rosmaster.master][INFO] 2026-03-11 22:57:15,800: +SERVICE [/laserMapping/get_loggers] /laserMapping http://rera:45643/
[rosmaster.master][INFO] 2026-03-11 22:57:15,801: +SERVICE [/laserMapping/set_logger_level] /laserMapping http://rera:45643/
[rosmaster.master][INFO] 2026-03-11 22:57:15,807: +SUB [/clock] /laserMapping http://rera:45643/
[rosmaster.master][INFO] 2026-03-11 22:57:15,864: +SUB [/velodyne_points] /laserMapping http://rera:45643/
[rosmaster.master][INFO] 2026-03-11 22:57:15,869: +SUB [/camera/imu] /laserMapping http://rera:45643/
[rosmaster.master][INFO] 2026-03-11 22:57:15,870: +PUB [/cloud_registered] /laserMapping http://rera:45643/
[rosmaster.master][INFO] 2026-03-11 22:57:15,871: +PUB [/cloud_registered_body] /laserMapping http://rera:45643/
[rosmaster.master][INFO] 2026-03-11 22:57:15,873: +PUB [/cloud_effected] /laserMapping http://rera:45643/
[rosmaster.master][INFO] 2026-03-11 22:57:15,874: +PUB [/Laser_map] /laserMapping http://rera:45643/
[rosmaster.master][INFO] 2026-03-11 22:57:15,875: +PUB [/Odometry] /laserMapping http://rera:45643/
[rosmaster.master][INFO] 2026-03-11 22:57:15,876: +PUB [/path] /laserMapping http://rera:45643/
[rosmaster.master][INFO] 2026-03-11 22:57:16,680: +CACHEDPARAM [/rosout_disable_topics_generation] by /laserMapping
[rosmaster.master][INFO] 2026-03-11 22:57:16,724: +SUB [/tf] /rviz http://rera:37607/
[rosmaster.master][INFO] 2026-03-11 22:57:16,729: +SUB [/tf_static] /rviz http://rera:37607/
[rosmaster.master][INFO] 2026-03-11 22:57:16,783: +PUB [/initialpose] /rviz http://rera:37607/
[rosmaster.master][INFO] 2026-03-11 22:57:16,784: +PUB [/goal] /rviz http://rera:37607/
[rosmaster.master][INFO] 2026-03-11 22:57:16,797: +SUB [/Odometry] /rviz http://rera:37607/
[rosmaster.master][INFO] 2026-03-11 22:57:16,805: +SUB [/cloud_registered] /rviz http://rera:37607/
[rosmaster.master][INFO] 2026-03-11 22:57:16,807: -SUB [/cloud_registered] /rviz http://rera:37607/
[rosmaster.master][INFO] 2026-03-11 22:57:16,811: +SUB [/cloud_registered] /rviz http://rera:37607/
[rosmaster.master][INFO] 2026-03-11 22:57:16,823: +SUB [/path] /rviz http://rera:37607/
[rosmaster.master][INFO] 2026-03-11 22:57:16,825: -PUB [/goal] /rviz http://rera:37607/
[rosmaster.master][INFO] 2026-03-11 22:57:16,825: -PUB [/initialpose] /rviz http://rera:37607/
[rosmaster.master][INFO] 2026-03-11 22:57:16,829: +PUB [/initialpose] /rviz http://rera:37607/
[rosmaster.master][INFO] 2026-03-11 22:57:16,831: +PUB [/goal] /rviz http://rera:37607/
[rosmaster.master][INFO] 2026-03-11 22:57:16,832: +PUB [/move_base_simple/goal] /rviz http://rera:37607/
[rosmaster.master][INFO] 2026-03-11 22:57:16,833: -PUB [/goal] /rviz http://rera:37607/
[rosmaster.master][INFO] 2026-03-11 22:57:16,833: +PUB [/clicked_point] /rviz http://rera:37607/
[rosmaster.master][INFO] 2026-03-11 22:57:16,907: +SERVICE [/rviz/reload_shaders] /rviz http://rera:37607/
[rosmaster.master][INFO] 2026-03-11 22:57:16,907: +SERVICE [/rviz/load_config] /rviz http://rera:37607/
[rosmaster.master][INFO] 2026-03-11 22:57:16,908: +SERVICE [/rviz/load_config_discarding_changes] /rviz http://rera:37607/
[rosmaster.master][INFO] 2026-03-11 22:57:16,909: +SERVICE [/rviz/save_config] /rviz http://rera:37607/
[rosmaster.master][INFO] 2026-03-11 22:57:17,511: +PUB [/tf] /laserMapping http://rera:45643/
[rosmaster.master][INFO] 2026-03-11 22:57:17,532: publisherUpdate[/tf] -> http://rera:39197/ ['http://rera:35591/', 'http://rera:45787/', 'http://rera:33943/', 'http://rera:44231/', 'http://rera:45643/']
[rosmaster.master][INFO] 2026-03-11 22:57:17,532: publisherUpdate[/tf] -> http://rera:38007/ ['http://rera:35591/', 'http://rera:45787/', 'http://rera:33943/', 'http://rera:44231/', 'http://rera:45643/']
[rosmaster.master][INFO] 2026-03-11 22:57:17,532: publisherUpdate[/tf] -> http://rera:46795/ ['http://rera:35591/', 'http://rera:45787/', 'http://rera:33943/', 'http://rera:44231/', 'http://rera:45643/']
[rosmaster.master][INFO] 2026-03-11 22:57:17,535: publisherUpdate[/tf] -> http://rera:39197/ ['http://rera:35591/', 'http://rera:45787/', 'http://rera:33943/', 'http://rera:44231/', 'http://rera:45643/']: sec=0.00, exception=[Errno 111] Connection refused
[rosmaster.master][INFO] 2026-03-11 22:57:17,535: publisherUpdate[/tf] -> http://rera:38007/ ['http://rera:35591/', 'http://rera:45787/', 'http://rera:33943/', 'http://rera:44231/', 'http://rera:45643/']: sec=0.00, exception=[Errno 111] Connection refused
[rosmaster.master][INFO] 2026-03-11 22:57:17,536: publisherUpdate[/tf] -> http://rera:46795/ ['http://rera:35591/', 'http://rera:45787/', 'http://rera:33943/', 'http://rera:44231/', 'http://rera:45643/']: sec=0.00, exception=[Errno 111] Connection refused
[rosmaster.threadpool][ERROR] 2026-03-11 22:57:17,537: Traceback (most recent call last):
  File "/opt/ros/noetic/lib/python3/dist-packages/rosmaster/threadpool.py", line 218, in run
    result = cmd(*args)
  File "/opt/ros/noetic/lib/python3/dist-packages/rosmaster/master_api.py", line 210, in publisher_update_task
    ret = xmlrpcapi(api).publisherUpdate('/master', topic, pub_uris)
  File "/usr/lib/python3.8/xmlrpc/client.py", line 1109, in __call__
    return self.__send(self.__name, args)
  File "/usr/lib/python3.8/xmlrpc/client.py", line 1450, in __request
    response = self.__transport.request(
  File "/usr/lib/python3.8/xmlrpc/client.py", line 1153, in request
    return self.single_request(host, handler, request_body, verbose)
  File "/usr/lib/python3.8/xmlrpc/client.py", line 1165, in single_request
    http_conn = self.send_request(host, handler, request_body, verbose)
  File "/usr/lib/python3.8/xmlrpc/client.py", line 1278, in send_request
    self.send_content(connection, request_body)
  File "/usr/lib/python3.8/xmlrpc/client.py", line 1308, in send_content
    connection.endheaders(request_body)
  File "/usr/lib/python3.8/http/client.py", line 1251, in endheaders
    self._send_output(message_body, encode_chunked=encode_chunked)
  File "/usr/lib/python3.8/http/client.py", line 1011, in _send_output
    self.send(msg)
  File "/usr/lib/python3.8/http/client.py", line 951, in send
    self.connect()
  File "/usr/lib/python3.8/http/client.py", line 922, in connect
    self.sock = self._create_connection(
  File "/usr/lib/python3.8/socket.py", line 808, in create_connection
    raise err
  File "/usr/lib/python3.8/socket.py", line 796, in create_connection
    sock.connect(sa)
ConnectionRefusedError: [Errno 111] Connection refused

[rosmaster.master][INFO] 2026-03-11 22:57:17,539: publisherUpdate[/tf] -> http://rera:37607/ ['http://rera:35591/', 'http://rera:45787/', 'http://rera:33943/', 'http://rera:44231/', 'http://rera:45643/']
[rosmaster.threadpool][ERROR] 2026-03-11 22:57:17,538: Traceback (most recent call last):
  File "/opt/ros/noetic/lib/python3/dist-packages/rosmaster/threadpool.py", line 218, in run
    result = cmd(*args)
  File "/opt/ros/noetic/lib/python3/dist-packages/rosmaster/master_api.py", line 210, in publisher_update_task
    ret = xmlrpcapi(api).publisherUpdate('/master', topic, pub_uris)
  File "/usr/lib/python3.8/xmlrpc/client.py", line 1109, in __call__
    return self.__send(self.__name, args)
  File "/usr/lib/python3.8/xmlrpc/client.py", line 1450, in __request
    response = self.__transport.request(
  File "/usr/lib/python3.8/xmlrpc/client.py", line 1153, in request
    return self.single_request(host, handler, request_body, verbose)
  File "/usr/lib/python3.8/xmlrpc/client.py", line 1165, in single_request
    http_conn = self.send_request(host, handler, request_body, verbose)
  File "/usr/lib/python3.8/xmlrpc/client.py", line 1278, in send_request
    self.send_content(connection, request_body)
  File "/usr/lib/python3.8/xmlrpc/client.py", line 1308, in send_content
    connection.endheaders(request_body)
  File "/usr/lib/python3.8/http/client.py", line 1251, in endheaders
    self._send_output(message_body, encode_chunked=encode_chunked)
  File "/usr/lib/python3.8/http/client.py", line 1011, in _send_output
    self.send(msg)
  File "/usr/lib/python3.8/http/client.py", line 951, in send
    self.connect()
  File "/usr/lib/python3.8/http/client.py", line 922, in connect
    self.sock = self._create_connection(
  File "/usr/lib/python3.8/socket.py", line 808, in create_connection
    raise err
  File "/usr/lib/python3.8/socket.py", line 796, in create_connection
    sock.connect(sa)
ConnectionRefusedError: [Errno 111] Connection refused

[rosmaster.threadpool][ERROR] 2026-03-11 22:57:17,538: Traceback (most recent call last):
  File "/opt/ros/noetic/lib/python3/dist-packages/rosmaster/threadpool.py", line 218, in run
    result = cmd(*args)
  File "/opt/ros/noetic/lib/python3/dist-packages/rosmaster/master_api.py", line 210, in publisher_update_task
    ret = xmlrpcapi(api).publisherUpdate('/master', topic, pub_uris)
  File "/usr/lib/python3.8/xmlrpc/client.py", line 1109, in __call__
    return self.__send(self.__name, args)
  File "/usr/lib/python3.8/xmlrpc/client.py", line 1450, in __request
    response = self.__transport.request(
  File "/usr/lib/python3.8/xmlrpc/client.py", line 1153, in request
    return self.single_request(host, handler, request_body, verbose)
  File "/usr/lib/python3.8/xmlrpc/client.py", line 1165, in single_request
    http_conn = self.send_request(host, handler, request_body, verbose)
  File "/usr/lib/python3.8/xmlrpc/client.py", line 1278, in send_request
    self.send_content(connection, request_body)
  File "/usr/lib/python3.8/xmlrpc/client.py", line 1308, in send_content
    connection.endheaders(request_body)
  File "/usr/lib/python3.8/http/client.py", line 1251, in endheaders
    self._send_output(message_body, encode_chunked=encode_chunked)
  File "/usr/lib/python3.8/http/client.py", line 1011, in _send_output
    self.send(msg)
  File "/usr/lib/python3.8/http/client.py", line 951, in send
    self.connect()
  File "/usr/lib/python3.8/http/client.py", line 922, in connect
    self.sock = self._create_connection(
  File "/usr/lib/python3.8/socket.py", line 808, in create_connection
    raise err
  File "/usr/lib/python3.8/socket.py", line 796, in create_connection
    sock.connect(sa)
ConnectionRefusedError: [Errno 111] Connection refused

[rosmaster.master][INFO] 2026-03-11 22:57:17,543: publisherUpdate[/tf] -> http://rera:37607/ ['http://rera:35591/', 'http://rera:45787/', 'http://rera:33943/', 'http://rera:44231/', 'http://rera:45643/']: sec=0.00, result=[1, '', 0]
[rosmaster.master][INFO] 2026-03-11 22:57:20,937: -PUB [/path] /laserMapping http://rera:45643/
[rosmaster.master][INFO] 2026-03-11 22:57:20,938: -PUB [/Odometry] /laserMapping http://rera:45643/
[rosmaster.master][INFO] 2026-03-11 22:57:20,939: -PUB [/Laser_map] /laserMapping http://rera:45643/
[rosmaster.master][INFO] 2026-03-11 22:57:20,939: -PUB [/cloud_effected] /laserMapping http://rera:45643/
[rosmaster.master][INFO] 2026-03-11 22:57:20,940: -PUB [/cloud_registered_body] /laserMapping http://rera:45643/
[rosmaster.master][INFO] 2026-03-11 22:57:20,940: -PUB [/cloud_registered] /laserMapping http://rera:45643/
[rosmaster.master][INFO] 2026-03-11 22:57:20,941: -SUB [/camera/imu] /laserMapping http://rera:45643/
[rosmaster.master][INFO] 2026-03-11 22:57:20,942: -SUB [/velodyne_points] /laserMapping http://rera:45643/
[rosmaster.master][INFO] 2026-03-11 22:57:20,943: -PUB [/tf] /laserMapping http://rera:45643/
[rosmaster.master][INFO] 2026-03-11 22:57:20,949: publisherUpdate[/path] -> http://rera:37607/ []
[rosmaster.master][INFO] 2026-03-11 22:57:20,950: publisherUpdate[/path] -> http://rera:37607/ []: sec=0.00, exception=[Errno 111] Connection refused
[rosmaster.threadpool][ERROR] 2026-03-11 22:57:20,950: Traceback (most recent call last):
  File "/opt/ros/noetic/lib/python3/dist-packages/rosmaster/threadpool.py", line 218, in run
    result = cmd(*args)
  File "/opt/ros/noetic/lib/python3/dist-packages/rosmaster/master_api.py", line 210, in publisher_update_task
    ret = xmlrpcapi(api).publisherUpdate('/master', topic, pub_uris)
  File "/usr/lib/python3.8/xmlrpc/client.py", line 1109, in __call__
    return self.__send(self.__name, args)
  File "/usr/lib/python3.8/xmlrpc/client.py", line 1450, in __request
    response = self.__transport.request(
  File "/usr/lib/python3.8/xmlrpc/client.py", line 1153, in request
    return self.single_request(host, handler, request_body, verbose)
  File "/usr/lib/python3.8/xmlrpc/client.py", line 1165, in single_request
    http_conn = self.send_request(host, handler, request_body, verbose)
  File "/usr/lib/python3.8/xmlrpc/client.py", line 1278, in send_request
    self.send_content(connection, request_body)
  File "/usr/lib/python3.8/xmlrpc/client.py", line 1308, in send_content
    connection.endheaders(request_body)
  File "/usr/lib/python3.8/http/client.py", line 1251, in endheaders
    self._send_output(message_body, encode_chunked=encode_chunked)
  File "/usr/lib/python3.8/http/client.py", line 1011, in _send_output
    self.send(msg)
  File "/usr/lib/python3.8/http/client.py", line 951, in send
    self.connect()
  File "/usr/lib/python3.8/http/client.py", line 922, in connect
    self.sock = self._create_connection(
  File "/usr/lib/python3.8/socket.py", line 808, in create_connection
    raise err
  File "/usr/lib/python3.8/socket.py", line 796, in create_connection
    sock.connect(sa)
ConnectionRefusedError: [Errno 111] Connection refused

[rosmaster.master][INFO] 2026-03-11 22:57:20,950: publisherUpdate[/Odometry] -> http://rera:37607/ []
[rosmaster.master][INFO] 2026-03-11 22:57:20,951: publisherUpdate[/tf] -> http://rera:39197/ ['http://rera:35591/', 'http://rera:45787/', 'http://rera:33943/', 'http://rera:44231/']
[rosmaster.master][INFO] 2026-03-11 22:57:20,952: publisherUpdate[/tf] -> http://rera:38007/ ['http://rera:35591/', 'http://rera:45787/', 'http://rera:33943/', 'http://rera:44231/']
[rosmaster.master][INFO] 2026-03-11 22:57:20,953: publisherUpdate[/tf] -> http://rera:38007/ ['http://rera:35591/', 'http://rera:45787/', 'http://rera:33943/', 'http://rera:44231/']: sec=0.00, exception=[Errno 111] Connection refused
[rosmaster.threadpool][ERROR] 2026-03-11 22:57:20,954: Traceback (most recent call last):
  File "/opt/ros/noetic/lib/python3/dist-packages/rosmaster/threadpool.py", line 218, in run
    result = cmd(*args)
  File "/opt/ros/noetic/lib/python3/dist-packages/rosmaster/master_api.py", line 210, in publisher_update_task
    ret = xmlrpcapi(api).publisherUpdate('/master', topic, pub_uris)
  File "/usr/lib/python3.8/xmlrpc/client.py", line 1109, in __call__
    return self.__send(self.__name, args)
  File "/usr/lib/python3.8/xmlrpc/client.py", line 1450, in __request
    response = self.__transport.request(
  File "/usr/lib/python3.8/xmlrpc/client.py", line 1153, in request
    return self.single_request(host, handler, request_body, verbose)
  File "/usr/lib/python3.8/xmlrpc/client.py", line 1165, in single_request
    http_conn = self.send_request(host, handler, request_body, verbose)
  File "/usr/lib/python3.8/xmlrpc/client.py", line 1278, in send_request
    self.send_content(connection, request_body)
  File "/usr/lib/python3.8/xmlrpc/client.py", line 1308, in send_content
    connection.endheaders(request_body)
  File "/usr/lib/python3.8/http/client.py", line 1251, in endheaders
    self._send_output(message_body, encode_chunked=encode_chunked)
  File "/usr/lib/python3.8/http/client.py", line 1011, in _send_output
    self.send(msg)
  File "/usr/lib/python3.8/http/client.py", line 951, in send
    self.connect()
  File "/usr/lib/python3.8/http/client.py", line 922, in connect
    self.sock = self._create_connection(
  File "/usr/lib/python3.8/socket.py", line 808, in create_connection
    raise err
  File "/usr/lib/python3.8/socket.py", line 796, in create_connection
    sock.connect(sa)
ConnectionRefusedError: [Errno 111] Connection refused

[rosmaster.master][INFO] 2026-03-11 22:57:20,954: publisherUpdate[/tf] -> http://rera:46795/ ['http://rera:35591/', 'http://rera:45787/', 'http://rera:33943/', 'http://rera:44231/']
[rosmaster.master][INFO] 2026-03-11 22:57:20,954: publisherUpdate[/tf] -> http://rera:46795/ ['http://rera:35591/', 'http://rera:45787/', 'http://rera:33943/', 'http://rera:44231/']: sec=0.00, exception=[Errno 111] Connection refused
[rosmaster.master][INFO] 2026-03-11 22:57:20,955: publisherUpdate[/tf] -> http://rera:39197/ ['http://rera:35591/', 'http://rera:45787/', 'http://rera:33943/', 'http://rera:44231/']: sec=0.00, exception=[Errno 111] Connection refused
[rosmaster.master][INFO] 2026-03-11 22:57:20,955: publisherUpdate[/Odometry] -> http://rera:37607/ []: sec=0.00, exception=[Errno 111] Connection refused
[rosmaster.threadpool][ERROR] 2026-03-11 22:57:20,957: Traceback (most recent call last):
  File "/opt/ros/noetic/lib/python3/dist-packages/rosmaster/threadpool.py", line 218, in run
    result = cmd(*args)
  File "/opt/ros/noetic/lib/python3/dist-packages/rosmaster/master_api.py", line 210, in publisher_update_task
    ret = xmlrpcapi(api).publisherUpdate('/master', topic, pub_uris)
  File "/usr/lib/python3.8/xmlrpc/client.py", line 1109, in __call__
    return self.__send(self.__name, args)
  File "/usr/lib/python3.8/xmlrpc/client.py", line 1450, in __request
    response = self.__transport.request(
  File "/usr/lib/python3.8/xmlrpc/client.py", line 1153, in request
    return self.single_request(host, handler, request_body, verbose)
  File "/usr/lib/python3.8/xmlrpc/client.py", line 1165, in single_request
    http_conn = self.send_request(host, handler, request_body, verbose)
  File "/usr/lib/python3.8/xmlrpc/client.py", line 1278, in send_request
    self.send_content(connection, request_body)
  File "/usr/lib/python3.8/xmlrpc/client.py", line 1308, in send_content
    connection.endheaders(request_body)
  File "/usr/lib/python3.8/http/client.py", line 1251, in endheaders
    self._send_output(message_body, encode_chunked=encode_chunked)
  File "/usr/lib/python3.8/http/client.py", line 1011, in _send_output
    self.send(msg)
  File "/usr/lib/python3.8/http/client.py", line 951, in send
    self.connect()
  File "/usr/lib/python3.8/http/client.py", line 922, in connect
    self.sock = self._create_connection(
  File "/usr/lib/python3.8/socket.py", line 808, in create_connection
    raise err
  File "/usr/lib/python3.8/socket.py", line 796, in create_connection
    sock.connect(sa)
ConnectionRefusedError: [Errno 111] Connection refused

[rosmaster.threadpool][ERROR] 2026-03-11 22:57:20,956: Traceback (most recent call last):
  File "/opt/ros/noetic/lib/python3/dist-packages/rosmaster/threadpool.py", line 218, in run
    result = cmd(*args)
  File "/opt/ros/noetic/lib/python3/dist-packages/rosmaster/master_api.py", line 210, in publisher_update_task
    ret = xmlrpcapi(api).publisherUpdate('/master', topic, pub_uris)
  File "/usr/lib/python3.8/xmlrpc/client.py", line 1109, in __call__
    return self.__send(self.__name, args)
  File "/usr/lib/python3.8/xmlrpc/client.py", line 1450, in __request
    response = self.__transport.request(
  File "/usr/lib/python3.8/xmlrpc/client.py", line 1153, in request
    return self.single_request(host, handler, request_body, verbose)
  File "/usr/lib/python3.8/xmlrpc/client.py", line 1165, in single_request
    http_conn = self.send_request(host, handler, request_body, verbose)
  File "/usr/lib/python3.8/xmlrpc/client.py", line 1278, in send_request
    self.send_content(connection, request_body)
  File "/usr/lib/python3.8/xmlrpc/client.py", line 1308, in send_content
    connection.endheaders(request_body)
  File "/usr/lib/python3.8/http/client.py", line 1251, in endheaders
    self._send_output(message_body, encode_chunked=encode_chunked)
  File "/usr/lib/python3.8/http/client.py", line 1011, in _send_output
    self.send(msg)
  File "/usr/lib/python3.8/http/client.py", line 951, in send
    self.connect()
  File "/usr/lib/python3.8/http/client.py", line 922, in connect
    self.sock = self._create_connection(
  File "/usr/lib/python3.8/socket.py", line 808, in create_connection
    raise err
  File "/usr/lib/python3.8/socket.py", line 796, in create_connection
    sock.connect(sa)
ConnectionRefusedError: [Errno 111] Connection refused

[rosmaster.threadpool][ERROR] 2026-03-11 22:57:20,956: Traceback (most recent call last):
  File "/opt/ros/noetic/lib/python3/dist-packages/rosmaster/threadpool.py", line 218, in run
    result = cmd(*args)
  File "/opt/ros/noetic/lib/python3/dist-packages/rosmaster/master_api.py", line 210, in publisher_update_task
    ret = xmlrpcapi(api).publisherUpdate('/master', topic, pub_uris)
  File "/usr/lib/python3.8/xmlrpc/client.py", line 1109, in __call__
    return self.__send(self.__name, args)
  File "/usr/lib/python3.8/xmlrpc/client.py", line 1450, in __request
    response = self.__transport.request(
  File "/usr/lib/python3.8/xmlrpc/client.py", line 1153, in request
    return self.single_request(host, handler, request_body, verbose)
  File "/usr/lib/python3.8/xmlrpc/client.py", line 1165, in single_request
    http_conn = self.send_request(host, handler, request_body, verbose)
  File "/usr/lib/python3.8/xmlrpc/client.py", line 1278, in send_request
    self.send_content(connection, request_body)
  File "/usr/lib/python3.8/xmlrpc/client.py", line 1308, in send_content
    connection.endheaders(request_body)
  File "/usr/lib/python3.8/http/client.py", line 1251, in endheaders
    self._send_output(message_body, encode_chunked=encode_chunked)
  File "/usr/lib/python3.8/http/client.py", line 1011, in _send_output
    self.send(msg)
  File "/usr/lib/python3.8/http/client.py", line 951, in send
    self.connect()
  File "/usr/lib/python3.8/http/client.py", line 922, in connect
    self.sock = self._create_connection(
  File "/usr/lib/python3.8/socket.py", line 808, in create_connection
    raise err
  File "/usr/lib/python3.8/socket.py", line 796, in create_connection
    sock.connect(sa)
ConnectionRefusedError: [Errno 111] Connection refused

[rosmaster.master][INFO] 2026-03-11 22:57:20,957: publisherUpdate[/cloud_registered] -> http://rera:37607/ []
[rosmaster.master][INFO] 2026-03-11 22:57:20,958: publisherUpdate[/cloud_registered] -> http://rera:37607/ []: sec=0.00, exception=[Errno 111] Connection refused
[rosmaster.threadpool][ERROR] 2026-03-11 22:57:20,959: Traceback (most recent call last):
  File "/opt/ros/noetic/lib/python3/dist-packages/rosmaster/threadpool.py", line 218, in run
    result = cmd(*args)
  File "/opt/ros/noetic/lib/python3/dist-packages/rosmaster/master_api.py", line 210, in publisher_update_task
    ret = xmlrpcapi(api).publisherUpdate('/master', topic, pub_uris)
  File "/usr/lib/python3.8/xmlrpc/client.py", line 1109, in __call__
    return self.__send(self.__name, args)
  File "/usr/lib/python3.8/xmlrpc/client.py", line 1450, in __request
    response = self.__transport.request(
  File "/usr/lib/python3.8/xmlrpc/client.py", line 1153, in request
    return self.single_request(host, handler, request_body, verbose)
  File "/usr/lib/python3.8/xmlrpc/client.py", line 1165, in single_request
    http_conn = self.send_request(host, handler, request_body, verbose)
  File "/usr/lib/python3.8/xmlrpc/client.py", line 1278, in send_request
    self.send_content(connection, request_body)
  File "/usr/lib/python3.8/xmlrpc/client.py", line 1308, in send_content
    connection.endheaders(request_body)
  File "/usr/lib/python3.8/http/client.py", line 1251, in endheaders
    self._send_output(message_body, encode_chunked=encode_chunked)
  File "/usr/lib/python3.8/http/client.py", line 1011, in _send_output
    self.send(msg)
  File "/usr/lib/python3.8/http/client.py", line 951, in send
    self.connect()
  File "/usr/lib/python3.8/http/client.py", line 922, in connect
    self.sock = self._create_connection(
  File "/usr/lib/python3.8/socket.py", line 808, in create_connection
    raise err
  File "/usr/lib/python3.8/socket.py", line 796, in create_connection
    sock.connect(sa)
ConnectionRefusedError: [Errno 111] Connection refused

[rosmaster.master][INFO] 2026-03-11 22:57:20,959: publisherUpdate[/tf] -> http://rera:37607/ ['http://rera:35591/', 'http://rera:45787/', 'http://rera:33943/', 'http://rera:44231/']
[rosmaster.master][INFO] 2026-03-11 22:57:20,960: publisherUpdate[/tf] -> http://rera:37607/ ['http://rera:35591/', 'http://rera:45787/', 'http://rera:33943/', 'http://rera:44231/']: sec=0.00, exception=[Errno 111] Connection refused
[rosmaster.threadpool][ERROR] 2026-03-11 22:57:20,960: Traceback (most recent call last):
  File "/opt/ros/noetic/lib/python3/dist-packages/rosmaster/threadpool.py", line 218, in run
    result = cmd(*args)
  File "/opt/ros/noetic/lib/python3/dist-packages/rosmaster/master_api.py", line 210, in publisher_update_task
    ret = xmlrpcapi(api).publisherUpdate('/master', topic, pub_uris)
  File "/usr/lib/python3.8/xmlrpc/client.py", line 1109, in __call__
    return self.__send(self.__name, args)
  File "/usr/lib/python3.8/xmlrpc/client.py", line 1450, in __request
    response = self.__transport.request(
  File "/usr/lib/python3.8/xmlrpc/client.py", line 1153, in request
    return self.single_request(host, handler, request_body, verbose)
  File "/usr/lib/python3.8/xmlrpc/client.py", line 1165, in single_request
    http_conn = self.send_request(host, handler, request_body, verbose)
  File "/usr/lib/python3.8/xmlrpc/client.py", line 1278, in send_request
    self.send_content(connection, request_body)
  File "/usr/lib/python3.8/xmlrpc/client.py", line 1308, in send_content
    connection.endheaders(request_body)
  File "/usr/lib/python3.8/http/client.py", line 1251, in endheaders
    self._send_output(message_body, encode_chunked=encode_chunked)
  File "/usr/lib/python3.8/http/client.py", line 1011, in _send_output
    self.send(msg)
  File "/usr/lib/python3.8/http/client.py", line 951, in send
    self.connect()
  File "/usr/lib/python3.8/http/client.py", line 922, in connect
    self.sock = self._create_connection(
  File "/usr/lib/python3.8/socket.py", line 808, in create_connection
    raise err
  File "/usr/lib/python3.8/socket.py", line 796, in create_connection
    sock.connect(sa)
ConnectionRefusedError: [Errno 111] Connection refused

[rosmaster.master][INFO] 2026-03-11 22:57:21,002: -PUB [/rosout] /laserMapping http://rera:45643/
[rosmaster.master][INFO] 2026-03-11 22:57:21,002: -SUB [/clock] /laserMapping http://rera:45643/
[rosmaster.master][INFO] 2026-03-11 22:57:21,005: -SERVICE [/laserMapping/get_loggers] /laserMapping rosrpc://rera:37623
[rosmaster.master][INFO] 2026-03-11 22:57:21,006: -SERVICE [/laserMapping/set_logger_level] /laserMapping rosrpc://rera:37623
[rosmaster.master][INFO] 2026-03-11 22:57:21,006: -CACHEDPARAM [/rosout_disable_topics_generation] by /laserMapping
[rosmaster.master][INFO] 2026-03-11 22:57:28,427: +PARAM [/roslaunch/uris/host_rera__40971] by /roslaunch
[rosmaster.master][INFO] 2026-03-11 22:57:28,433: +PARAM [/rosversion] by /roslaunch
[rosmaster.master][INFO] 2026-03-11 22:57:28,434: +PARAM [/rosdistro] by /roslaunch
[rosmaster.master][INFO] 2026-03-11 22:57:28,434: +PARAM [/common/lid_topic] by /roslaunch
[rosmaster.master][INFO] 2026-03-11 22:57:28,434: +PARAM [/common/imu_topic] by /roslaunch
[rosmaster.master][INFO] 2026-03-11 22:57:28,434: +PARAM [/common/time_sync_en] by /roslaunch
[rosmaster.master][INFO] 2026-03-11 22:57:28,435: +PARAM [/common/time_offset_lidar_to_imu] by /roslaunch
[rosmaster.master][INFO] 2026-03-11 22:57:28,435: +PARAM [/preprocess/lidar_type] by /roslaunch
[rosmaster.master][INFO] 2026-03-11 22:57:28,435: +PARAM [/preprocess/scan_line] by /roslaunch
[rosmaster.master][INFO] 2026-03-11 22:57:28,435: +PARAM [/preprocess/scan_rate] by /roslaunch
[rosmaster.master][INFO] 2026-03-11 22:57:28,435: +PARAM [/preprocess/timestamp_unit] by /roslaunch
[rosmaster.master][INFO] 2026-03-11 22:57:28,435: +PARAM [/preprocess/blind] by /roslaunch
[rosmaster.master][INFO] 2026-03-11 22:57:28,435: +PARAM [/mapping/acc_cov] by /roslaunch
[rosmaster.master][INFO] 2026-03-11 22:57:28,436: +PARAM [/mapping/gyr_cov] by /roslaunch
[rosmaster.master][INFO] 2026-03-11 22:57:28,436: +PARAM [/mapping/b_acc_cov] by /roslaunch
[rosmaster.master][INFO] 2026-03-11 22:57:28,436: +PARAM [/mapping/b_gyr_cov] by /roslaunch
[rosmaster.master][INFO] 2026-03-11 22:57:28,436: +PARAM [/mapping/fov_degree] by /roslaunch
[rosmaster.master][INFO] 2026-03-11 22:57:28,436: +PARAM [/mapping/det_range] by /roslaunch
[rosmaster.master][INFO] 2026-03-11 22:57:28,436: +PARAM [/mapping/extrinsic_est_en] by /roslaunch
[rosmaster.master][INFO] 2026-03-11 22:57:28,436: +PARAM [/mapping/extrinsic_T] by /roslaunch
[rosmaster.master][INFO] 2026-03-11 22:57:28,437: +PARAM [/mapping/extrinsic_R] by /roslaunch
[rosmaster.master][INFO] 2026-03-11 22:57:28,437: +PARAM [/publish/path_en] by /roslaunch
[rosmaster.master][INFO] 2026-03-11 22:57:28,437: +PARAM [/publish/scan_publish_en] by /roslaunch
[rosmaster.master][INFO] 2026-03-11 22:57:28,437: +PARAM [/publish/dense_publish_en] by /roslaunch
[rosmaster.master][INFO] 2026-03-11 22:57:28,437: +PARAM [/publish/scan_bodyframe_pub_en] by /roslaunch
[rosmaster.master][INFO] 2026-03-11 22:57:28,437: +PARAM [/pcd_save/pcd_save_en] by /roslaunch
[rosmaster.master][INFO] 2026-03-11 22:57:28,437: +PARAM [/pcd_save/interval] by /roslaunch
[rosmaster.master][INFO] 2026-03-11 22:57:28,438: +PARAM [/feature_extract_enable] by /roslaunch
[rosmaster.master][INFO] 2026-03-11 22:57:28,438: +PARAM [/point_filter_num] by /roslaunch
[rosmaster.master][INFO] 2026-03-11 22:57:28,438: +PARAM [/max_iteration] by /roslaunch
[rosmaster.master][INFO] 2026-03-11 22:57:28,438: +PARAM [/filter_size_surf] by /roslaunch
[rosmaster.master][INFO] 2026-03-11 22:57:28,438: +PARAM [/filter_size_map] by /roslaunch
[rosmaster.master][INFO] 2026-03-11 22:57:28,438: +PARAM [/cube_side_length] by /roslaunch
[rosmaster.master][INFO] 2026-03-11 22:57:28,438: +PARAM [/runtime_pos_log_enable] by /roslaunch
[rosmaster.master][INFO] 2026-03-11 22:57:29,013: +PUB [/rosout] /laserMapping http://rera:34269/
[rosmaster.master][INFO] 2026-03-11 22:57:29,014: +SERVICE [/laserMapping/get_loggers] /laserMapping http://rera:34269/
[rosmaster.master][INFO] 2026-03-11 22:57:29,015: +SERVICE [/laserMapping/set_logger_level] /laserMapping http://rera:34269/
[rosmaster.master][INFO] 2026-03-11 22:57:29,022: +SUB [/clock] /laserMapping http://rera:34269/
[rosmaster.master][INFO] 2026-03-11 22:57:29,080: +SUB [/velodyne_points] /laserMapping http://rera:34269/
[rosmaster.master][INFO] 2026-03-11 22:57:29,085: +SUB [/camera/imu] /laserMapping http://rera:34269/
[rosmaster.master][INFO] 2026-03-11 22:57:29,086: +PUB [/cloud_registered] /laserMapping http://rera:34269/
[rosmaster.master][INFO] 2026-03-11 22:57:29,087: publisherUpdate[/cloud_registered] -> http://rera:37607/ ['http://rera:34269/']
[rosmaster.master][INFO] 2026-03-11 22:57:29,088: +PUB [/cloud_registered_body] /laserMapping http://rera:34269/
[rosmaster.master][INFO] 2026-03-11 22:57:29,088: publisherUpdate[/cloud_registered] -> http://rera:37607/ ['http://rera:34269/']: sec=0.00, exception=[Errno 111] Connection refused
[rosmaster.threadpool][ERROR] 2026-03-11 22:57:29,089: Traceback (most recent call last):
  File "/opt/ros/noetic/lib/python3/dist-packages/rosmaster/threadpool.py", line 218, in run
    result = cmd(*args)
  File "/opt/ros/noetic/lib/python3/dist-packages/rosmaster/master_api.py", line 210, in publisher_update_task
    ret = xmlrpcapi(api).publisherUpdate('/master', topic, pub_uris)
  File "/usr/lib/python3.8/xmlrpc/client.py", line 1109, in __call__
    return self.__send(self.__name, args)
  File "/usr/lib/python3.8/xmlrpc/client.py", line 1450, in __request
    response = self.__transport.request(
  File "/usr/lib/python3.8/xmlrpc/client.py", line 1153, in request
    return self.single_request(host, handler, request_body, verbose)
  File "/usr/lib/python3.8/xmlrpc/client.py", line 1165, in single_request
    http_conn = self.send_request(host, handler, request_body, verbose)
  File "/usr/lib/python3.8/xmlrpc/client.py", line 1278, in send_request
    self.send_content(connection, request_body)
  File "/usr/lib/python3.8/xmlrpc/client.py", line 1308, in send_content
    connection.endheaders(request_body)
  File "/usr/lib/python3.8/http/client.py", line 1251, in endheaders
    self._send_output(message_body, encode_chunked=encode_chunked)
  File "/usr/lib/python3.8/http/client.py", line 1011, in _send_output
    self.send(msg)
  File "/usr/lib/python3.8/http/client.py", line 951, in send
    self.connect()
  File "/usr/lib/python3.8/http/client.py", line 922, in connect
    self.sock = self._create_connection(
  File "/usr/lib/python3.8/socket.py", line 808, in create_connection
    raise err
  File "/usr/lib/python3.8/socket.py", line 796, in create_connection
    sock.connect(sa)
ConnectionRefusedError: [Errno 111] Connection refused

[rosmaster.master][INFO] 2026-03-11 22:57:29,090: +PUB [/cloud_effected] /laserMapping http://rera:34269/
[rosmaster.master][INFO] 2026-03-11 22:57:29,093: +PUB [/Laser_map] /laserMapping http://rera:34269/
[rosmaster.master][INFO] 2026-03-11 22:57:29,094: +PUB [/Odometry] /laserMapping http://rera:34269/
[rosmaster.master][INFO] 2026-03-11 22:57:29,095: +PUB [/path] /laserMapping http://rera:34269/
[rosmaster.master][INFO] 2026-03-11 22:57:29,097: +PUB [/rosout] /rviz http://rera:46247/
[rosmaster.master][INFO] 2026-03-11 22:57:29,098: +SERVICE [/rviz/get_loggers] /rviz http://rera:46247/
[rosmaster.master][INFO] 2026-03-11 22:57:29,099: +SERVICE [/rviz/set_logger_level] /rviz http://rera:46247/
[rosmaster.master][INFO] 2026-03-11 22:57:29,107: +SUB [/clock] /rviz http://rera:46247/
[rosmaster.master][INFO] 2026-03-11 22:57:29,109: +CACHEDPARAM [/rosout_disable_topics_generation] by /rviz
[rosmaster.master][INFO] 2026-03-11 22:57:29,135: +CACHEDPARAM [/rosout_disable_topics_generation] by /laserMapping
[rosmaster.master][INFO] 2026-03-11 22:57:29,188: publisherUpdate[/Odometry] -> http://rera:37607/ ['http://rera:34269/']
[rosmaster.master][INFO] 2026-03-11 22:57:29,188: publisherUpdate[/Odometry] -> http://rera:37607/ ['http://rera:34269/']: sec=0.00, exception=[Errno 111] Connection refused
[rosmaster.threadpool][ERROR] 2026-03-11 22:57:29,189: Traceback (most recent call last):
  File "/opt/ros/noetic/lib/python3/dist-packages/rosmaster/threadpool.py", line 218, in run
    result = cmd(*args)
  File "/opt/ros/noetic/lib/python3/dist-packages/rosmaster/master_api.py", line 210, in publisher_update_task
    ret = xmlrpcapi(api).publisherUpdate('/master', topic, pub_uris)
  File "/usr/lib/python3.8/xmlrpc/client.py", line 1109, in __call__
    return self.__send(self.__name, args)
  File "/usr/lib/python3.8/xmlrpc/client.py", line 1450, in __request
    response = self.__transport.request(
  File "/usr/lib/python3.8/xmlrpc/client.py", line 1153, in request
    return self.single_request(host, handler, request_body, verbose)
  File "/usr/lib/python3.8/xmlrpc/client.py", line 1165, in single_request
    http_conn = self.send_request(host, handler, request_body, verbose)
  File "/usr/lib/python3.8/xmlrpc/client.py", line 1278, in send_request
    self.send_content(connection, request_body)
  File "/usr/lib/python3.8/xmlrpc/client.py", line 1308, in send_content
    connection.endheaders(request_body)
  File "/usr/lib/python3.8/http/client.py", line 1251, in endheaders
    self._send_output(message_body, encode_chunked=encode_chunked)
  File "/usr/lib/python3.8/http/client.py", line 1011, in _send_output
    self.send(msg)
  File "/usr/lib/python3.8/http/client.py", line 951, in send
    self.connect()
  File "/usr/lib/python3.8/http/client.py", line 922, in connect
    self.sock = self._create_connection(
  File "/usr/lib/python3.8/socket.py", line 808, in create_connection
    raise err
  File "/usr/lib/python3.8/socket.py", line 796, in create_connection
    sock.connect(sa)
ConnectionRefusedError: [Errno 111] Connection refused

[rosmaster.master][INFO] 2026-03-11 22:57:29,189: publisherUpdate[/path] -> http://rera:37607/ ['http://rera:34269/']
[rosmaster.master][INFO] 2026-03-11 22:57:29,189: publisherUpdate[/path] -> http://rera:37607/ ['http://rera:34269/']: sec=0.00, exception=[Errno 111] Connection refused
[rosmaster.threadpool][ERROR] 2026-03-11 22:57:29,190: Traceback (most recent call last):
  File "/opt/ros/noetic/lib/python3/dist-packages/rosmaster/threadpool.py", line 218, in run
    result = cmd(*args)
  File "/opt/ros/noetic/lib/python3/dist-packages/rosmaster/master_api.py", line 210, in publisher_update_task
    ret = xmlrpcapi(api).publisherUpdate('/master', topic, pub_uris)
  File "/usr/lib/python3.8/xmlrpc/client.py", line 1109, in __call__
    return self.__send(self.__name, args)
  File "/usr/lib/python3.8/xmlrpc/client.py", line 1450, in __request
    response = self.__transport.request(
  File "/usr/lib/python3.8/xmlrpc/client.py", line 1153, in request
    return self.single_request(host, handler, request_body, verbose)
  File "/usr/lib/python3.8/xmlrpc/client.py", line 1165, in single_request
    http_conn = self.send_request(host, handler, request_body, verbose)
  File "/usr/lib/python3.8/xmlrpc/client.py", line 1278, in send_request
    self.send_content(connection, request_body)
  File "/usr/lib/python3.8/xmlrpc/client.py", line 1308, in send_content
    connection.endheaders(request_body)
  File "/usr/lib/python3.8/http/client.py", line 1251, in endheaders
    self._send_output(message_body, encode_chunked=encode_chunked)
  File "/usr/lib/python3.8/http/client.py", line 1011, in _send_output
    self.send(msg)
  File "/usr/lib/python3.8/http/client.py", line 951, in send
    self.connect()
  File "/usr/lib/python3.8/http/client.py", line 922, in connect
    self.sock = self._create_connection(
  File "/usr/lib/python3.8/socket.py", line 808, in create_connection
    raise err
  File "/usr/lib/python3.8/socket.py", line 796, in create_connection
    sock.connect(sa)
ConnectionRefusedError: [Errno 111] Connection refused

[rosmaster.master][INFO] 2026-03-11 22:57:29,221: -PUB [/path] /laserMapping http://rera:34269/
[rosmaster.master][INFO] 2026-03-11 22:57:29,222: -PUB [/Odometry] /laserMapping http://rera:34269/
[rosmaster.master][INFO] 2026-03-11 22:57:29,223: -PUB [/Laser_map] /laserMapping http://rera:34269/
[rosmaster.master][INFO] 2026-03-11 22:57:29,224: -PUB [/cloud_effected] /laserMapping http://rera:34269/
[rosmaster.master][INFO] 2026-03-11 22:57:29,225: -PUB [/cloud_registered_body] /laserMapping http://rera:34269/
[rosmaster.master][INFO] 2026-03-11 22:57:29,226: -PUB [/cloud_registered] /laserMapping http://rera:34269/
[rosmaster.master][INFO] 2026-03-11 22:57:29,226: -SUB [/camera/imu] /laserMapping http://rera:34269/
[rosmaster.master][INFO] 2026-03-11 22:57:29,227: -SUB [/velodyne_points] /laserMapping http://rera:34269/
[rosmaster.master][INFO] 2026-03-11 22:57:29,299: -PUB [/rosout] /rviz http://rera:46247/
[rosmaster.master][INFO] 2026-03-11 22:57:29,300: -SUB [/clock] /rviz http://rera:46247/
[rosmaster.master][INFO] 2026-03-11 22:57:29,301: -SERVICE [/rviz/get_loggers] /rviz rosrpc://rera:41001
[rosmaster.master][INFO] 2026-03-11 22:57:29,302: -SERVICE [/rviz/set_logger_level] /rviz rosrpc://rera:41001
[rosmaster.master][INFO] 2026-03-11 22:57:29,302: -CACHEDPARAM [/rosout_disable_topics_generation] by /rviz
[rosmaster.master][INFO] 2026-03-11 22:57:29,318: -PUB [/rosout] /laserMapping http://rera:34269/
[rosmaster.master][INFO] 2026-03-11 22:57:29,319: -SUB [/clock] /laserMapping http://rera:34269/
[rosmaster.master][INFO] 2026-03-11 22:57:29,320: -SERVICE [/laserMapping/get_loggers] /laserMapping rosrpc://rera:50471
[rosmaster.master][INFO] 2026-03-11 22:57:29,321: -SERVICE [/laserMapping/set_logger_level] /laserMapping rosrpc://rera:50471
[rosmaster.master][INFO] 2026-03-11 22:57:29,323: -CACHEDPARAM [/rosout_disable_topics_generation] by /laserMapping
[rosmaster.master][INFO] 2026-03-11 22:57:49,138: +PARAM [/roslaunch/uris/host_rera__46071] by /roslaunch
[rosmaster.master][INFO] 2026-03-11 22:57:49,143: +PARAM [/rosversion] by /roslaunch
[rosmaster.master][INFO] 2026-03-11 22:57:49,143: +PARAM [/rosdistro] by /roslaunch
[rosmaster.master][INFO] 2026-03-11 22:57:49,143: +PARAM [/common/lid_topic] by /roslaunch
[rosmaster.master][INFO] 2026-03-11 22:57:49,143: +PARAM [/common/imu_topic] by /roslaunch
[rosmaster.master][INFO] 2026-03-11 22:57:49,144: +PARAM [/common/time_sync_en] by /roslaunch
[rosmaster.master][INFO] 2026-03-11 22:57:49,144: +PARAM [/common/time_offset_lidar_to_imu] by /roslaunch
[rosmaster.master][INFO] 2026-03-11 22:57:49,144: +PARAM [/preprocess/lidar_type] by /roslaunch
[rosmaster.master][INFO] 2026-03-11 22:57:49,144: +PARAM [/preprocess/scan_line] by /roslaunch
[rosmaster.master][INFO] 2026-03-11 22:57:49,144: +PARAM [/preprocess/scan_rate] by /roslaunch
[rosmaster.master][INFO] 2026-03-11 22:57:49,144: +PARAM [/preprocess/timestamp_unit] by /roslaunch
[rosmaster.master][INFO] 2026-03-11 22:57:49,144: +PARAM [/preprocess/blind] by /roslaunch
[rosmaster.master][INFO] 2026-03-11 22:57:49,144: +PARAM [/mapping/acc_cov] by /roslaunch
[rosmaster.master][INFO] 2026-03-11 22:57:49,144: +PARAM [/mapping/gyr_cov] by /roslaunch
[rosmaster.master][INFO] 2026-03-11 22:57:49,145: +PARAM [/mapping/b_acc_cov] by /roslaunch
[rosmaster.master][INFO] 2026-03-11 22:57:49,145: +PARAM [/mapping/b_gyr_cov] by /roslaunch
[rosmaster.master][INFO] 2026-03-11 22:57:49,145: +PARAM [/mapping/fov_degree] by /roslaunch
[rosmaster.master][INFO] 2026-03-11 22:57:49,145: +PARAM [/mapping/det_range] by /roslaunch
[rosmaster.master][INFO] 2026-03-11 22:57:49,145: +PARAM [/mapping/extrinsic_est_en] by /roslaunch
[rosmaster.master][INFO] 2026-03-11 22:57:49,145: +PARAM [/mapping/extrinsic_T] by /roslaunch
[rosmaster.master][INFO] 2026-03-11 22:57:49,145: +PARAM [/mapping/extrinsic_R] by /roslaunch
[rosmaster.master][INFO] 2026-03-11 22:57:49,145: +PARAM [/publish/path_en] by /roslaunch
[rosmaster.master][INFO] 2026-03-11 22:57:49,145: +PARAM [/publish/scan_publish_en] by /roslaunch
[rosmaster.master][INFO] 2026-03-11 22:57:49,146: +PARAM [/publish/dense_publish_en] by /roslaunch
[rosmaster.master][INFO] 2026-03-11 22:57:49,146: +PARAM [/publish/scan_bodyframe_pub_en] by /roslaunch
[rosmaster.master][INFO] 2026-03-11 22:57:49,146: +PARAM [/pcd_save/pcd_save_en] by /roslaunch
[rosmaster.master][INFO] 2026-03-11 22:57:49,146: +PARAM [/pcd_save/interval] by /roslaunch
[rosmaster.master][INFO] 2026-03-11 22:57:49,146: +PARAM [/feature_extract_enable] by /roslaunch
[rosmaster.master][INFO] 2026-03-11 22:57:49,146: +PARAM [/point_filter_num] by /roslaunch
[rosmaster.master][INFO] 2026-03-11 22:57:49,146: +PARAM [/max_iteration] by /roslaunch
[rosmaster.master][INFO] 2026-03-11 22:57:49,146: +PARAM [/filter_size_surf] by /roslaunch
[rosmaster.master][INFO] 2026-03-11 22:57:49,146: +PARAM [/filter_size_map] by /roslaunch
[rosmaster.master][INFO] 2026-03-11 22:57:49,147: +PARAM [/cube_side_length] by /roslaunch
[rosmaster.master][INFO] 2026-03-11 22:57:49,147: +PARAM [/runtime_pos_log_enable] by /roslaunch
[rosmaster.master][INFO] 2026-03-11 22:57:49,664: +PUB [/rosout] /laserMapping http://rera:41659/
[rosmaster.master][INFO] 2026-03-11 22:57:49,665: +SERVICE [/laserMapping/get_loggers] /laserMapping http://rera:41659/
[rosmaster.master][INFO] 2026-03-11 22:57:49,667: +SERVICE [/laserMapping/set_logger_level] /laserMapping http://rera:41659/
[rosmaster.master][INFO] 2026-03-11 22:57:49,673: +SUB [/clock] /laserMapping http://rera:41659/
[rosmaster.master][INFO] 2026-03-11 22:57:49,727: +SUB [/velodyne_points] /laserMapping http://rera:41659/
[rosmaster.master][INFO] 2026-03-11 22:57:49,732: +SUB [/camera/imu] /laserMapping http://rera:41659/
[rosmaster.master][INFO] 2026-03-11 22:57:49,733: +PUB [/cloud_registered] /laserMapping http://rera:41659/
[rosmaster.master][INFO] 2026-03-11 22:57:49,735: +PUB [/cloud_registered_body] /laserMapping http://rera:41659/
[rosmaster.master][INFO] 2026-03-11 22:57:49,736: +PUB [/cloud_effected] /laserMapping http://rera:41659/
[rosmaster.master][INFO] 2026-03-11 22:57:49,738: +PUB [/Laser_map] /laserMapping http://rera:41659/
[rosmaster.master][INFO] 2026-03-11 22:57:49,739: +PUB [/Odometry] /laserMapping http://rera:41659/
[rosmaster.master][INFO] 2026-03-11 22:57:49,740: +PUB [/path] /laserMapping http://rera:41659/
[rosmaster.master][INFO] 2026-03-11 22:57:50,683: +CACHEDPARAM [/rosout_disable_topics_generation] by /laserMapping
[rosmaster.master][INFO] 2026-03-11 22:57:51,474: +PUB [/tf] /laserMapping http://rera:41659/
[rosmaster.master][INFO] 2026-03-11 22:57:51,561: publisherUpdate[/tf] -> http://rera:39197/ ['http://rera:35591/', 'http://rera:45787/', 'http://rera:33943/', 'http://rera:44231/', 'http://rera:41659/']
[rosmaster.master][INFO] 2026-03-11 22:57:51,562: publisherUpdate[/tf] -> http://rera:38007/ ['http://rera:35591/', 'http://rera:45787/', 'http://rera:33943/', 'http://rera:44231/', 'http://rera:41659/']
[rosmaster.master][INFO] 2026-03-11 22:57:51,562: publisherUpdate[/tf] -> http://rera:46795/ ['http://rera:35591/', 'http://rera:45787/', 'http://rera:33943/', 'http://rera:44231/', 'http://rera:41659/']
[rosmaster.master][INFO] 2026-03-11 22:57:51,565: publisherUpdate[/tf] -> http://rera:39197/ ['http://rera:35591/', 'http://rera:45787/', 'http://rera:33943/', 'http://rera:44231/', 'http://rera:41659/']: sec=0.00, exception=[Errno 111] Connection refused
[rosmaster.master][INFO] 2026-03-11 22:57:51,565: publisherUpdate[/tf] -> http://rera:38007/ ['http://rera:35591/', 'http://rera:45787/', 'http://rera:33943/', 'http://rera:44231/', 'http://rera:41659/']: sec=0.00, exception=[Errno 111] Connection refused
[rosmaster.threadpool][ERROR] 2026-03-11 22:57:51,566: Traceback (most recent call last):
  File "/opt/ros/noetic/lib/python3/dist-packages/rosmaster/threadpool.py", line 218, in run
    result = cmd(*args)
  File "/opt/ros/noetic/lib/python3/dist-packages/rosmaster/master_api.py", line 210, in publisher_update_task
    ret = xmlrpcapi(api).publisherUpdate('/master', topic, pub_uris)
  File "/usr/lib/python3.8/xmlrpc/client.py", line 1109, in __call__
    return self.__send(self.__name, args)
  File "/usr/lib/python3.8/xmlrpc/client.py", line 1450, in __request
    response = self.__transport.request(
  File "/usr/lib/python3.8/xmlrpc/client.py", line 1153, in request
    return self.single_request(host, handler, request_body, verbose)
  File "/usr/lib/python3.8/xmlrpc/client.py", line 1165, in single_request
    http_conn = self.send_request(host, handler, request_body, verbose)
  File "/usr/lib/python3.8/xmlrpc/client.py", line 1278, in send_request
    self.send_content(connection, request_body)
  File "/usr/lib/python3.8/xmlrpc/client.py", line 1308, in send_content
    connection.endheaders(request_body)
  File "/usr/lib/python3.8/http/client.py", line 1251, in endheaders
    self._send_output(message_body, encode_chunked=encode_chunked)
  File "/usr/lib/python3.8/http/client.py", line 1011, in _send_output
    self.send(msg)
  File "/usr/lib/python3.8/http/client.py", line 951, in send
    self.connect()
  File "/usr/lib/python3.8/http/client.py", line 922, in connect
    self.sock = self._create_connection(
  File "/usr/lib/python3.8/socket.py", line 808, in create_connection
    raise err
  File "/usr/lib/python3.8/socket.py", line 796, in create_connection
    sock.connect(sa)
ConnectionRefusedError: [Errno 111] Connection refused

[rosmaster.master][INFO] 2026-03-11 22:57:51,567: publisherUpdate[/tf] -> http://rera:46795/ ['http://rera:35591/', 'http://rera:45787/', 'http://rera:33943/', 'http://rera:44231/', 'http://rera:41659/']: sec=0.00, exception=[Errno 111] Connection refused
[rosmaster.threadpool][ERROR] 2026-03-11 22:57:51,567: Traceback (most recent call last):
  File "/opt/ros/noetic/lib/python3/dist-packages/rosmaster/threadpool.py", line 218, in run
    result = cmd(*args)
  File "/opt/ros/noetic/lib/python3/dist-packages/rosmaster/master_api.py", line 210, in publisher_update_task
    ret = xmlrpcapi(api).publisherUpdate('/master', topic, pub_uris)
  File "/usr/lib/python3.8/xmlrpc/client.py", line 1109, in __call__
    return self.__send(self.__name, args)
  File "/usr/lib/python3.8/xmlrpc/client.py", line 1450, in __request
    response = self.__transport.request(
  File "/usr/lib/python3.8/xmlrpc/client.py", line 1153, in request
    return self.single_request(host, handler, request_body, verbose)
  File "/usr/lib/python3.8/xmlrpc/client.py", line 1165, in single_request
    http_conn = self.send_request(host, handler, request_body, verbose)
  File "/usr/lib/python3.8/xmlrpc/client.py", line 1278, in send_request
    self.send_content(connection, request_body)
  File "/usr/lib/python3.8/xmlrpc/client.py", line 1308, in send_content
    connection.endheaders(request_body)
  File "/usr/lib/python3.8/http/client.py", line 1251, in endheaders
    self._send_output(message_body, encode_chunked=encode_chunked)
  File "/usr/lib/python3.8/http/client.py", line 1011, in _send_output
    self.send(msg)
  File "/usr/lib/python3.8/http/client.py", line 951, in send
    self.connect()
  File "/usr/lib/python3.8/http/client.py", line 922, in connect
    self.sock = self._create_connection(
  File "/usr/lib/python3.8/socket.py", line 808, in create_connection
    raise err
  File "/usr/lib/python3.8/socket.py", line 796, in create_connection
    sock.connect(sa)
ConnectionRefusedError: [Errno 111] Connection refused

[rosmaster.threadpool][ERROR] 2026-03-11 22:57:51,569: Traceback (most recent call last):
  File "/opt/ros/noetic/lib/python3/dist-packages/rosmaster/threadpool.py", line 218, in run
    result = cmd(*args)
  File "/opt/ros/noetic/lib/python3/dist-packages/rosmaster/master_api.py", line 210, in publisher_update_task
    ret = xmlrpcapi(api).publisherUpdate('/master', topic, pub_uris)
  File "/usr/lib/python3.8/xmlrpc/client.py", line 1109, in __call__
    return self.__send(self.__name, args)
  File "/usr/lib/python3.8/xmlrpc/client.py", line 1450, in __request
    response = self.__transport.request(
  File "/usr/lib/python3.8/xmlrpc/client.py", line 1153, in request
    return self.single_request(host, handler, request_body, verbose)
  File "/usr/lib/python3.8/xmlrpc/client.py", line 1165, in single_request
    http_conn = self.send_request(host, handler, request_body, verbose)
  File "/usr/lib/python3.8/xmlrpc/client.py", line 1278, in send_request
    self.send_content(connection, request_body)
  File "/usr/lib/python3.8/xmlrpc/client.py", line 1308, in send_content
    connection.endheaders(request_body)
  File "/usr/lib/python3.8/http/client.py", line 1251, in endheaders
    self._send_output(message_body, encode_chunked=encode_chunked)
  File "/usr/lib/python3.8/http/client.py", line 1011, in _send_output
    self.send(msg)
  File "/usr/lib/python3.8/http/client.py", line 951, in send
    self.connect()
  File "/usr/lib/python3.8/http/client.py", line 922, in connect
    self.sock = self._create_connection(
  File "/usr/lib/python3.8/socket.py", line 808, in create_connection
    raise err
  File "/usr/lib/python3.8/socket.py", line 796, in create_connection
    sock.connect(sa)
ConnectionRefusedError: [Errno 111] Connection refused

[rosmaster.master][INFO] 2026-03-11 22:58:00,509: +PUB [/rosout] /rviz_1773241080504901793 http://rera:43769/
[rosmaster.master][INFO] 2026-03-11 22:58:00,510: +SERVICE [/rviz_1773241080504901793/get_loggers] /rviz_1773241080504901793 http://rera:43769/
[rosmaster.master][INFO] 2026-03-11 22:58:00,510: +SERVICE [/rviz_1773241080504901793/set_logger_level] /rviz_1773241080504901793 http://rera:43769/
[rosmaster.master][INFO] 2026-03-11 22:58:00,514: +SUB [/clock] /rviz_1773241080504901793 http://rera:43769/
[rosmaster.master][INFO] 2026-03-11 22:58:00,516: +CACHEDPARAM [/rosout_disable_topics_generation] by /rviz_1773241080504901793
[rosmaster.master][INFO] 2026-03-11 22:58:01,354: +SUB [/tf] /rviz_1773241080504901793 http://rera:43769/
[rosmaster.master][INFO] 2026-03-11 22:58:01,357: +SUB [/tf_static] /rviz_1773241080504901793 http://rera:43769/
[rosmaster.master][INFO] 2026-03-11 22:58:01,388: +PUB [/initialpose] /rviz_1773241080504901793 http://rera:43769/
[rosmaster.master][INFO] 2026-03-11 22:58:01,390: +PUB [/goal] /rviz_1773241080504901793 http://rera:43769/
[rosmaster.master][INFO] 2026-03-11 22:58:01,393: -PUB [/goal] /rviz_1773241080504901793 http://rera:43769/
[rosmaster.master][INFO] 2026-03-11 22:58:01,394: -PUB [/initialpose] /rviz_1773241080504901793 http://rera:43769/
[rosmaster.master][INFO] 2026-03-11 22:58:01,397: +PUB [/initialpose] /rviz_1773241080504901793 http://rera:43769/
[rosmaster.master][INFO] 2026-03-11 22:58:01,399: +PUB [/goal] /rviz_1773241080504901793 http://rera:43769/
[rosmaster.master][INFO] 2026-03-11 22:58:01,399: +PUB [/move_base_simple/goal] /rviz_1773241080504901793 http://rera:43769/
[rosmaster.master][INFO] 2026-03-11 22:58:01,400: -PUB [/goal] /rviz_1773241080504901793 http://rera:43769/
[rosmaster.master][INFO] 2026-03-11 22:58:01,401: +PUB [/clicked_point] /rviz_1773241080504901793 http://rera:43769/
[rosmaster.master][INFO] 2026-03-11 22:58:01,471: +SERVICE [/rviz_1773241080504901793/reload_shaders] /rviz_1773241080504901793 http://rera:43769/
[rosmaster.master][INFO] 2026-03-11 22:58:01,472: +SERVICE [/rviz_1773241080504901793/load_config] /rviz_1773241080504901793 http://rera:43769/
[rosmaster.master][INFO] 2026-03-11 22:58:01,473: +SERVICE [/rviz_1773241080504901793/load_config_discarding_changes] /rviz_1773241080504901793 http://rera:43769/
[rosmaster.master][INFO] 2026-03-11 22:58:01,473: +SERVICE [/rviz_1773241080504901793/save_config] /rviz_1773241080504901793 http://rera:43769/
[rosmaster.master][INFO] 2026-03-11 22:58:11,649: +SUB [/cloud_registered] /rviz_1773241080504901793 http://rera:43769/
[rosmaster.master][INFO] 2026-03-11 22:58:21,770: -PUB [/rosout] /rviz_1773241080504901793 http://rera:43769/
[rosmaster.master][INFO] 2026-03-11 22:58:21,771: -PUB [/initialpose] /rviz_1773241080504901793 http://rera:43769/
[rosmaster.master][INFO] 2026-03-11 22:58:21,771: -PUB [/move_base_simple/goal] /rviz_1773241080504901793 http://rera:43769/
[rosmaster.master][INFO] 2026-03-11 22:58:21,772: -PUB [/clicked_point] /rviz_1773241080504901793 http://rera:43769/
[rosmaster.master][INFO] 2026-03-11 22:58:21,773: -SUB [/clock] /rviz_1773241080504901793 http://rera:43769/
[rosmaster.master][INFO] 2026-03-11 22:58:21,773: -SUB [/tf] /rviz_1773241080504901793 http://rera:43769/
[rosmaster.master][INFO] 2026-03-11 22:58:21,774: -SUB [/tf_static] /rviz_1773241080504901793 http://rera:43769/
[rosmaster.master][INFO] 2026-03-11 22:58:21,775: -SUB [/cloud_registered] /rviz_1773241080504901793 http://rera:43769/
[rosmaster.master][INFO] 2026-03-11 22:58:21,776: -SERVICE [/rviz_1773241080504901793/get_loggers] /rviz_1773241080504901793 rosrpc://rera:59189
[rosmaster.master][INFO] 2026-03-11 22:58:21,777: -SERVICE [/rviz_1773241080504901793/set_logger_level] /rviz_1773241080504901793 rosrpc://rera:59189
[rosmaster.master][INFO] 2026-03-11 22:58:21,777: -SERVICE [/rviz_1773241080504901793/reload_shaders] /rviz_1773241080504901793 rosrpc://rera:59189
[rosmaster.master][INFO] 2026-03-11 22:58:21,778: -SERVICE [/rviz_1773241080504901793/load_config] /rviz_1773241080504901793 rosrpc://rera:59189
[rosmaster.master][INFO] 2026-03-11 22:58:21,779: -SERVICE [/rviz_1773241080504901793/load_config_discarding_changes] /rviz_1773241080504901793 rosrpc://rera:59189
[rosmaster.master][INFO] 2026-03-11 22:58:21,779: -SERVICE [/rviz_1773241080504901793/save_config] /rviz_1773241080504901793 rosrpc://rera:59189
[rosmaster.master][INFO] 2026-03-11 22:58:21,780: -CACHEDPARAM [/rosout_disable_topics_generation] by /rviz_1773241080504901793
[rosmaster.master][INFO] 2026-03-11 22:58:44,555: -PUB [/calibrated] /fake_joint_calibration http://rera:43261/
[rosmaster.master][INFO] 2026-03-11 22:58:44,555: -SERVICE [/fake_joint_calibration/get_loggers] /fake_joint_calibration rosrpc://rera:45797
[rosmaster.master][INFO] 2026-03-11 22:58:44,555: -SERVICE [/fake_joint_calibration/set_logger_level] /fake_joint_calibration rosrpc://rera:45797
[rosmaster.master][INFO] 2026-03-11 22:58:44,628: -PUB [/rosout] /tf_footprint_base http://rera:35591/
[rosmaster.master][INFO] 2026-03-11 22:58:44,629: -PUB [/rosout] /tf_body_footprint http://rera:45787/
[rosmaster.master][INFO] 2026-03-11 22:58:44,630: -PUB [/tf] /tf_footprint_base http://rera:35591/
[rosmaster.master][INFO] 2026-03-11 22:58:44,630: -PUB [/tf] /tf_body_footprint http://rera:45787/
[rosmaster.master][INFO] 2026-03-11 22:58:44,631: -SUB [/clock] /tf_footprint_base http://rera:35591/
[rosmaster.master][INFO] 2026-03-11 22:58:44,631: -SUB [/clock] /tf_body_footprint http://rera:45787/
[rosmaster.master][INFO] 2026-03-11 22:58:44,632: -SERVICE [/tf_footprint_base/get_loggers] /tf_footprint_base rosrpc://rera:48783
[rosmaster.master][INFO] 2026-03-11 22:58:44,632: -SERVICE [/tf_body_footprint/get_loggers] /tf_body_footprint rosrpc://rera:57673
[rosmaster.master][INFO] 2026-03-11 22:58:44,633: -SERVICE [/tf_footprint_base/set_logger_level] /tf_footprint_base rosrpc://rera:48783
[rosmaster.master][INFO] 2026-03-11 22:58:44,633: -SERVICE [/tf_body_footprint/set_logger_level] /tf_body_footprint rosrpc://rera:57673
[rosmaster.master][INFO] 2026-03-11 22:58:44,714: publisherUpdate[/tf] -> http://rera:39197/ ['http://rera:45787/', 'http://rera:33943/', 'http://rera:44231/', 'http://rera:41659/']
[rosmaster.master][INFO] 2026-03-11 22:58:44,715: publisherUpdate[/tf] -> http://rera:39197/ ['http://rera:45787/', 'http://rera:33943/', 'http://rera:44231/', 'http://rera:41659/']: sec=0.00, exception=[Errno 111] Connection refused
[rosmaster.master][INFO] 2026-03-11 22:58:44,715: publisherUpdate[/tf] -> http://rera:38007/ ['http://rera:45787/', 'http://rera:33943/', 'http://rera:44231/', 'http://rera:41659/']
[rosmaster.threadpool][ERROR] 2026-03-11 22:58:44,715: Traceback (most recent call last):
  File "/opt/ros/noetic/lib/python3/dist-packages/rosmaster/threadpool.py", line 218, in run
    result = cmd(*args)
  File "/opt/ros/noetic/lib/python3/dist-packages/rosmaster/master_api.py", line 210, in publisher_update_task
    ret = xmlrpcapi(api).publisherUpdate('/master', topic, pub_uris)
  File "/usr/lib/python3.8/xmlrpc/client.py", line 1109, in __call__
    return self.__send(self.__name, args)
  File "/usr/lib/python3.8/xmlrpc/client.py", line 1450, in __request
    response = self.__transport.request(
  File "/usr/lib/python3.8/xmlrpc/client.py", line 1153, in request
    return self.single_request(host, handler, request_body, verbose)
  File "/usr/lib/python3.8/xmlrpc/client.py", line 1165, in single_request
    http_conn = self.send_request(host, handler, request_body, verbose)
  File "/usr/lib/python3.8/xmlrpc/client.py", line 1278, in send_request
    self.send_content(connection, request_body)
  File "/usr/lib/python3.8/xmlrpc/client.py", line 1308, in send_content
    connection.endheaders(request_body)
  File "/usr/lib/python3.8/http/client.py", line 1251, in endheaders
    self._send_output(message_body, encode_chunked=encode_chunked)
  File "/usr/lib/python3.8/http/client.py", line 1011, in _send_output
    self.send(msg)
  File "/usr/lib/python3.8/http/client.py", line 951, in send
    self.connect()
  File "/usr/lib/python3.8/http/client.py", line 922, in connect
    self.sock = self._create_connection(
  File "/usr/lib/python3.8/socket.py", line 808, in create_connection
    raise err
  File "/usr/lib/python3.8/socket.py", line 796, in create_connection
    sock.connect(sa)
ConnectionRefusedError: [Errno 111] Connection refused

[rosmaster.master][INFO] 2026-03-11 22:58:44,716: publisherUpdate[/tf] -> http://rera:38007/ ['http://rera:45787/', 'http://rera:33943/', 'http://rera:44231/', 'http://rera:41659/']: sec=0.00, exception=[Errno 111] Connection refused
[rosmaster.master][INFO] 2026-03-11 22:58:44,716: publisherUpdate[/tf] -> http://rera:46795/ ['http://rera:45787/', 'http://rera:33943/', 'http://rera:44231/', 'http://rera:41659/']
[rosmaster.master][INFO] 2026-03-11 22:58:44,716: publisherUpdate[/tf] -> http://rera:39197/ ['http://rera:33943/', 'http://rera:44231/', 'http://rera:41659/']
[rosmaster.threadpool][ERROR] 2026-03-11 22:58:44,717: Traceback (most recent call last):
  File "/opt/ros/noetic/lib/python3/dist-packages/rosmaster/threadpool.py", line 218, in run
    result = cmd(*args)
  File "/opt/ros/noetic/lib/python3/dist-packages/rosmaster/master_api.py", line 210, in publisher_update_task
    ret = xmlrpcapi(api).publisherUpdate('/master', topic, pub_uris)
  File "/usr/lib/python3.8/xmlrpc/client.py", line 1109, in __call__
    return self.__send(self.__name, args)
  File "/usr/lib/python3.8/xmlrpc/client.py", line 1450, in __request
    response = self.__transport.request(
  File "/usr/lib/python3.8/xmlrpc/client.py", line 1153, in request
    return self.single_request(host, handler, request_body, verbose)
  File "/usr/lib/python3.8/xmlrpc/client.py", line 1165, in single_request
    http_conn = self.send_request(host, handler, request_body, verbose)
  File "/usr/lib/python3.8/xmlrpc/client.py", line 1278, in send_request
    self.send_content(connection, request_body)
  File "/usr/lib/python3.8/xmlrpc/client.py", line 1308, in send_content
    connection.endheaders(request_body)
  File "/usr/lib/python3.8/http/client.py", line 1251, in endheaders
    self._send_output(message_body, encode_chunked=encode_chunked)
  File "/usr/lib/python3.8/http/client.py", line 1011, in _send_output
    self.send(msg)
  File "/usr/lib/python3.8/http/client.py", line 951, in send
    self.connect()
  File "/usr/lib/python3.8/http/client.py", line 922, in connect
    self.sock = self._create_connection(
  File "/usr/lib/python3.8/socket.py", line 808, in create_connection
    raise err
  File "/usr/lib/python3.8/socket.py", line 796, in create_connection
    sock.connect(sa)
ConnectionRefusedError: [Errno 111] Connection refused

[rosmaster.master][INFO] 2026-03-11 22:58:44,718: publisherUpdate[/tf] -> http://rera:38007/ ['http://rera:33943/', 'http://rera:44231/', 'http://rera:41659/']
[rosmaster.master][INFO] 2026-03-11 22:58:44,719: publisherUpdate[/tf] -> http://rera:39197/ ['http://rera:33943/', 'http://rera:44231/', 'http://rera:41659/']: sec=0.00, exception=[Errno 111] Connection refused
[rosmaster.master][INFO] 2026-03-11 22:58:44,719: publisherUpdate[/tf] -> http://rera:46795/ ['http://rera:45787/', 'http://rera:33943/', 'http://rera:44231/', 'http://rera:41659/']: sec=0.00, exception=[Errno 111] Connection refused
[rosmaster.threadpool][ERROR] 2026-03-11 22:58:44,719: Traceback (most recent call last):
  File "/opt/ros/noetic/lib/python3/dist-packages/rosmaster/threadpool.py", line 218, in run
    result = cmd(*args)
  File "/opt/ros/noetic/lib/python3/dist-packages/rosmaster/master_api.py", line 210, in publisher_update_task
    ret = xmlrpcapi(api).publisherUpdate('/master', topic, pub_uris)
  File "/usr/lib/python3.8/xmlrpc/client.py", line 1109, in __call__
    return self.__send(self.__name, args)
  File "/usr/lib/python3.8/xmlrpc/client.py", line 1450, in __request
    response = self.__transport.request(
  File "/usr/lib/python3.8/xmlrpc/client.py", line 1153, in request
    return self.single_request(host, handler, request_body, verbose)
  File "/usr/lib/python3.8/xmlrpc/client.py", line 1165, in single_request
    http_conn = self.send_request(host, handler, request_body, verbose)
  File "/usr/lib/python3.8/xmlrpc/client.py", line 1278, in send_request
    self.send_content(connection, request_body)
  File "/usr/lib/python3.8/xmlrpc/client.py", line 1308, in send_content
    connection.endheaders(request_body)
  File "/usr/lib/python3.8/http/client.py", line 1251, in endheaders
    self._send_output(message_body, encode_chunked=encode_chunked)
  File "/usr/lib/python3.8/http/client.py", line 1011, in _send_output
    self.send(msg)
  File "/usr/lib/python3.8/http/client.py", line 951, in send
    self.connect()
  File "/usr/lib/python3.8/http/client.py", line 922, in connect
    self.sock = self._create_connection(
  File "/usr/lib/python3.8/socket.py", line 808, in create_connection
    raise err
  File "/usr/lib/python3.8/socket.py", line 796, in create_connection
    sock.connect(sa)
ConnectionRefusedError: [Errno 111] Connection refused

[rosmaster.master][INFO] 2026-03-11 22:58:44,720: publisherUpdate[/tf] -> http://rera:46795/ ['http://rera:33943/', 'http://rera:44231/', 'http://rera:41659/']
[rosmaster.master][INFO] 2026-03-11 22:58:44,720: publisherUpdate[/tf] -> http://rera:38007/ ['http://rera:33943/', 'http://rera:44231/', 'http://rera:41659/']: sec=0.00, exception=[Errno 111] Connection refused
[rosmaster.threadpool][ERROR] 2026-03-11 22:58:44,720: Traceback (most recent call last):
  File "/opt/ros/noetic/lib/python3/dist-packages/rosmaster/threadpool.py", line 218, in run
    result = cmd(*args)
  File "/opt/ros/noetic/lib/python3/dist-packages/rosmaster/master_api.py", line 210, in publisher_update_task
    ret = xmlrpcapi(api).publisherUpdate('/master', topic, pub_uris)
  File "/usr/lib/python3.8/xmlrpc/client.py", line 1109, in __call__
    return self.__send(self.__name, args)
  File "/usr/lib/python3.8/xmlrpc/client.py", line 1450, in __request
    response = self.__transport.request(
  File "/usr/lib/python3.8/xmlrpc/client.py", line 1153, in request
    return self.single_request(host, handler, request_body, verbose)
  File "/usr/lib/python3.8/xmlrpc/client.py", line 1165, in single_request
    http_conn = self.send_request(host, handler, request_body, verbose)
  File "/usr/lib/python3.8/xmlrpc/client.py", line 1278, in send_request
    self.send_content(connection, request_body)
  File "/usr/lib/python3.8/xmlrpc/client.py", line 1308, in send_content
    connection.endheaders(request_body)
  File "/usr/lib/python3.8/http/client.py", line 1251, in endheaders
    self._send_output(message_body, encode_chunked=encode_chunked)
  File "/usr/lib/python3.8/http/client.py", line 1011, in _send_output
    self.send(msg)
  File "/usr/lib/python3.8/http/client.py", line 951, in send
    self.connect()
  File "/usr/lib/python3.8/http/client.py", line 922, in connect
    self.sock = self._create_connection(
  File "/usr/lib/python3.8/socket.py", line 808, in create_connection
    raise err
  File "/usr/lib/python3.8/socket.py", line 796, in create_connection
    sock.connect(sa)
ConnectionRefusedError: [Errno 111] Connection refused

[rosmaster.master][INFO] 2026-03-11 22:58:44,721: publisherUpdate[/tf] -> http://rera:46795/ ['http://rera:33943/', 'http://rera:44231/', 'http://rera:41659/']: sec=0.00, exception=[Errno 111] Connection refused
[rosmaster.threadpool][ERROR] 2026-03-11 22:58:44,721: Traceback (most recent call last):
  File "/opt/ros/noetic/lib/python3/dist-packages/rosmaster/threadpool.py", line 218, in run
    result = cmd(*args)
  File "/opt/ros/noetic/lib/python3/dist-packages/rosmaster/master_api.py", line 210, in publisher_update_task
    ret = xmlrpcapi(api).publisherUpdate('/master', topic, pub_uris)
  File "/usr/lib/python3.8/xmlrpc/client.py", line 1109, in __call__
    return self.__send(self.__name, args)
  File "/usr/lib/python3.8/xmlrpc/client.py", line 1450, in __request
    response = self.__transport.request(
  File "/usr/lib/python3.8/xmlrpc/client.py", line 1153, in request
    return self.single_request(host, handler, request_body, verbose)
  File "/usr/lib/python3.8/xmlrpc/client.py", line 1165, in single_request
    http_conn = self.send_request(host, handler, request_body, verbose)
  File "/usr/lib/python3.8/xmlrpc/client.py", line 1278, in send_request
    self.send_content(connection, request_body)
  File "/usr/lib/python3.8/xmlrpc/client.py", line 1308, in send_content
    connection.endheaders(request_body)
  File "/usr/lib/python3.8/http/client.py", line 1251, in endheaders
    self._send_output(message_body, encode_chunked=encode_chunked)
  File "/usr/lib/python3.8/http/client.py", line 1011, in _send_output
    self.send(msg)
  File "/usr/lib/python3.8/http/client.py", line 951, in send
    self.connect()
  File "/usr/lib/python3.8/http/client.py", line 922, in connect
    self.sock = self._create_connection(
  File "/usr/lib/python3.8/socket.py", line 808, in create_connection
    raise err
  File "/usr/lib/python3.8/socket.py", line 796, in create_connection
    sock.connect(sa)
ConnectionRefusedError: [Errno 111] Connection refused

[rosmaster.threadpool][ERROR] 2026-03-11 22:58:44,722: Traceback (most recent call last):
  File "/opt/ros/noetic/lib/python3/dist-packages/rosmaster/threadpool.py", line 218, in run
    result = cmd(*args)
  File "/opt/ros/noetic/lib/python3/dist-packages/rosmaster/master_api.py", line 210, in publisher_update_task
    ret = xmlrpcapi(api).publisherUpdate('/master', topic, pub_uris)
  File "/usr/lib/python3.8/xmlrpc/client.py", line 1109, in __call__
    return self.__send(self.__name, args)
  File "/usr/lib/python3.8/xmlrpc/client.py", line 1450, in __request
    response = self.__transport.request(
  File "/usr/lib/python3.8/xmlrpc/client.py", line 1153, in request
    return self.single_request(host, handler, request_body, verbose)
  File "/usr/lib/python3.8/xmlrpc/client.py", line 1165, in single_request
    http_conn = self.send_request(host, handler, request_body, verbose)
  File "/usr/lib/python3.8/xmlrpc/client.py", line 1278, in send_request
    self.send_content(connection, request_body)
  File "/usr/lib/python3.8/xmlrpc/client.py", line 1308, in send_content
    connection.endheaders(request_body)
  File "/usr/lib/python3.8/http/client.py", line 1251, in endheaders
    self._send_output(message_body, encode_chunked=encode_chunked)
  File "/usr/lib/python3.8/http/client.py", line 1011, in _send_output
    self.send(msg)
  File "/usr/lib/python3.8/http/client.py", line 951, in send
    self.connect()
  File "/usr/lib/python3.8/http/client.py", line 922, in connect
    self.sock = self._create_connection(
  File "/usr/lib/python3.8/socket.py", line 808, in create_connection
    raise err
  File "/usr/lib/python3.8/socket.py", line 796, in create_connection
    sock.connect(sa)
ConnectionRefusedError: [Errno 111] Connection refused

[rosmaster.master][INFO] 2026-03-11 22:58:44,801: -SUB [/gazebo/set_link_state] /gazebo http://rera:44231/
[rosmaster.master][INFO] 2026-03-11 22:58:44,802: -SUB [/gazebo/set_model_state] /gazebo http://rera:44231/
[rosmaster.master][INFO] 2026-03-11 22:58:44,803: -PUB [/clock] /gazebo http://rera:44231/
[rosmaster.master][INFO] 2026-03-11 22:58:44,807: -PUB [/gazebo/link_states] /gazebo http://rera:44231/
[rosmaster.master][INFO] 2026-03-11 22:58:44,808: -PUB [/gazebo/model_states] /gazebo http://rera:44231/
[rosmaster.master][INFO] 2026-03-11 22:58:44,808: -PUB [/gazebo/performance_metrics] /gazebo http://rera:44231/
[rosmaster.master][INFO] 2026-03-11 22:58:44,809: -SERVICE [/gazebo/spawn_sdf_model] /gazebo rosrpc://rera:55245
[rosmaster.master][INFO] 2026-03-11 22:58:44,810: -SERVICE [/gazebo/spawn_urdf_model] /gazebo rosrpc://rera:55245
[rosmaster.master][INFO] 2026-03-11 22:58:44,810: -SERVICE [/gazebo/delete_model] /gazebo rosrpc://rera:55245
[rosmaster.master][INFO] 2026-03-11 22:58:44,811: -SERVICE [/gazebo/delete_light] /gazebo rosrpc://rera:55245
[rosmaster.master][INFO] 2026-03-11 22:58:44,811: -SERVICE [/gazebo/get_model_properties] /gazebo rosrpc://rera:55245
[rosmaster.master][INFO] 2026-03-11 22:58:44,812: -SERVICE [/gazebo/get_model_state] /gazebo rosrpc://rera:55245
[rosmaster.master][INFO] 2026-03-11 22:58:44,812: -SERVICE [/gazebo/get_world_properties] /gazebo rosrpc://rera:55245
[rosmaster.master][INFO] 2026-03-11 22:58:44,813: -SERVICE [/gazebo/get_joint_properties] /gazebo rosrpc://rera:55245
[rosmaster.master][INFO] 2026-03-11 22:58:44,813: -SERVICE [/gazebo/get_link_properties] /gazebo rosrpc://rera:55245
[rosmaster.master][INFO] 2026-03-11 22:58:44,814: -SERVICE [/gazebo/get_link_state] /gazebo rosrpc://rera:55245
[rosmaster.master][INFO] 2026-03-11 22:58:44,814: -SERVICE [/gazebo/get_light_properties] /gazebo rosrpc://rera:55245
[rosmaster.master][INFO] 2026-03-11 22:58:44,815: -SERVICE [/gazebo/set_light_properties] /gazebo rosrpc://rera:55245
[rosmaster.master][INFO] 2026-03-11 22:58:44,815: -SERVICE [/gazebo/get_physics_properties] /gazebo rosrpc://rera:55245
[rosmaster.master][INFO] 2026-03-11 22:58:44,815: -SERVICE [/gazebo/set_link_properties] /gazebo rosrpc://rera:55245
[rosmaster.master][INFO] 2026-03-11 22:58:44,816: -SERVICE [/gazebo/set_physics_properties] /gazebo rosrpc://rera:55245
[rosmaster.master][INFO] 2026-03-11 22:58:44,816: -SERVICE [/gazebo/set_model_state] /gazebo rosrpc://rera:55245
[rosmaster.master][INFO] 2026-03-11 22:58:44,817: -SERVICE [/gazebo/set_model_configuration] /gazebo rosrpc://rera:55245
[rosmaster.master][INFO] 2026-03-11 22:58:44,817: -SERVICE [/gazebo/set_joint_properties] /gazebo rosrpc://rera:55245
[rosmaster.master][INFO] 2026-03-11 22:58:44,818: -SERVICE [/gazebo/set_link_state] /gazebo rosrpc://rera:55245
[rosmaster.master][INFO] 2026-03-11 22:58:44,818: -SERVICE [/gazebo/pause_physics] /gazebo rosrpc://rera:55245
[rosmaster.master][INFO] 2026-03-11 22:58:44,819: -SERVICE [/gazebo/unpause_physics] /gazebo rosrpc://rera:55245
[rosmaster.master][INFO] 2026-03-11 22:58:44,819: -SERVICE [/gazebo/apply_body_wrench] /gazebo rosrpc://rera:55245
[rosmaster.master][INFO] 2026-03-11 22:58:44,820: -SERVICE [/gazebo/apply_joint_effort] /gazebo rosrpc://rera:55245
[rosmaster.master][INFO] 2026-03-11 22:58:44,820: -SERVICE [/gazebo/clear_joint_forces] /gazebo rosrpc://rera:55245
[rosmaster.master][INFO] 2026-03-11 22:58:44,821: -SERVICE [/gazebo/clear_body_wrenches] /gazebo rosrpc://rera:55245
[rosmaster.master][INFO] 2026-03-11 22:58:44,821: -SERVICE [/gazebo/reset_simulation] /gazebo rosrpc://rera:55245
[rosmaster.master][INFO] 2026-03-11 22:58:44,821: -SERVICE [/gazebo/reset_world] /gazebo rosrpc://rera:55245
[rosmaster.master][INFO] 2026-03-11 22:58:44,822: publisherUpdate[/clock] -> http://rera:39197/ []
[rosmaster.master][INFO] 2026-03-11 22:58:44,822: publisherUpdate[/clock] -> http://rera:38007/ []
[rosmaster.master][INFO] 2026-03-11 22:58:44,823: publisherUpdate[/clock] -> http://rera:46795/ []
[rosmaster.master][INFO] 2026-03-11 22:58:44,823: publisherUpdate[/clock] -> http://rera:46795/ []: sec=0.00, exception=[Errno 111] Connection refused
[rosmaster.master][INFO] 2026-03-11 22:58:44,824: publisherUpdate[/clock] -> http://rera:39197/ []: sec=0.00, exception=[Errno 111] Connection refused
[rosmaster.master][INFO] 2026-03-11 22:58:44,823: publisherUpdate[/clock] -> http://rera:38007/ []: sec=0.00, exception=[Errno 111] Connection refused
[rosmaster.threadpool][ERROR] 2026-03-11 22:58:44,824: Traceback (most recent call last):
  File "/opt/ros/noetic/lib/python3/dist-packages/rosmaster/threadpool.py", line 218, in run
    result = cmd(*args)
  File "/opt/ros/noetic/lib/python3/dist-packages/rosmaster/master_api.py", line 210, in publisher_update_task
    ret = xmlrpcapi(api).publisherUpdate('/master', topic, pub_uris)
  File "/usr/lib/python3.8/xmlrpc/client.py", line 1109, in __call__
    return self.__send(self.__name, args)
  File "/usr/lib/python3.8/xmlrpc/client.py", line 1450, in __request
    response = self.__transport.request(
  File "/usr/lib/python3.8/xmlrpc/client.py", line 1153, in request
    return self.single_request(host, handler, request_body, verbose)
  File "/usr/lib/python3.8/xmlrpc/client.py", line 1165, in single_request
    http_conn = self.send_request(host, handler, request_body, verbose)
  File "/usr/lib/python3.8/xmlrpc/client.py", line 1278, in send_request
    self.send_content(connection, request_body)
  File "/usr/lib/python3.8/xmlrpc/client.py", line 1308, in send_content
    connection.endheaders(request_body)
  File "/usr/lib/python3.8/http/client.py", line 1251, in endheaders
    self._send_output(message_body, encode_chunked=encode_chunked)
  File "/usr/lib/python3.8/http/client.py", line 1011, in _send_output
    self.send(msg)
  File "/usr/lib/python3.8/http/client.py", line 951, in send
    self.connect()
  File "/usr/lib/python3.8/http/client.py", line 922, in connect
    self.sock = self._create_connection(
  File "/usr/lib/python3.8/socket.py", line 808, in create_connection
    raise err
  File "/usr/lib/python3.8/socket.py", line 796, in create_connection
    sock.connect(sa)
ConnectionRefusedError: [Errno 111] Connection refused

[rosmaster.threadpool][ERROR] 2026-03-11 22:58:44,824: Traceback (most recent call last):
  File "/opt/ros/noetic/lib/python3/dist-packages/rosmaster/threadpool.py", line 218, in run
    result = cmd(*args)
  File "/opt/ros/noetic/lib/python3/dist-packages/rosmaster/master_api.py", line 210, in publisher_update_task
    ret = xmlrpcapi(api).publisherUpdate('/master', topic, pub_uris)
  File "/usr/lib/python3.8/xmlrpc/client.py", line 1109, in __call__
    return self.__send(self.__name, args)
  File "/usr/lib/python3.8/xmlrpc/client.py", line 1450, in __request
    response = self.__transport.request(
  File "/usr/lib/python3.8/xmlrpc/client.py", line 1153, in request
    return self.single_request(host, handler, request_body, verbose)
  File "/usr/lib/python3.8/xmlrpc/client.py", line 1165, in single_request
    http_conn = self.send_request(host, handler, request_body, verbose)
  File "/usr/lib/python3.8/xmlrpc/client.py", line 1278, in send_request
    self.send_content(connection, request_body)
  File "/usr/lib/python3.8/xmlrpc/client.py", line 1308, in send_content
    connection.endheaders(request_body)
  File "/usr/lib/python3.8/http/client.py", line 1251, in endheaders
    self._send_output(message_body, encode_chunked=encode_chunked)
  File "/usr/lib/python3.8/http/client.py", line 1011, in _send_output
    self.send(msg)
  File "/usr/lib/python3.8/http/client.py", line 951, in send
    self.connect()
  File "/usr/lib/python3.8/http/client.py", line 922, in connect
    self.sock = self._create_connection(
  File "/usr/lib/python3.8/socket.py", line 808, in create_connection
    raise err
  File "/usr/lib/python3.8/socket.py", line 796, in create_connection
    sock.connect(sa)
ConnectionRefusedError: [Errno 111] Connection refused

[rosmaster.master][INFO] 2026-03-11 22:58:44,825: -PUB [/gazebo/parameter_descriptions] /gazebo http://rera:44231/
[rosmaster.threadpool][ERROR] 2026-03-11 22:58:44,825: Traceback (most recent call last):
  File "/opt/ros/noetic/lib/python3/dist-packages/rosmaster/threadpool.py", line 218, in run
    result = cmd(*args)
  File "/opt/ros/noetic/lib/python3/dist-packages/rosmaster/master_api.py", line 210, in publisher_update_task
    ret = xmlrpcapi(api).publisherUpdate('/master', topic, pub_uris)
  File "/usr/lib/python3.8/xmlrpc/client.py", line 1109, in __call__
    return self.__send(self.__name, args)
  File "/usr/lib/python3.8/xmlrpc/client.py", line 1450, in __request
    response = self.__transport.request(
  File "/usr/lib/python3.8/xmlrpc/client.py", line 1153, in request
    return self.single_request(host, handler, request_body, verbose)
  File "/usr/lib/python3.8/xmlrpc/client.py", line 1165, in single_request
    http_conn = self.send_request(host, handler, request_body, verbose)
  File "/usr/lib/python3.8/xmlrpc/client.py", line 1278, in send_request
    self.send_content(connection, request_body)
  File "/usr/lib/python3.8/xmlrpc/client.py", line 1308, in send_content
    connection.endheaders(request_body)
  File "/usr/lib/python3.8/http/client.py", line 1251, in endheaders
    self._send_output(message_body, encode_chunked=encode_chunked)
  File "/usr/lib/python3.8/http/client.py", line 1011, in _send_output
    self.send(msg)
  File "/usr/lib/python3.8/http/client.py", line 951, in send
    self.connect()
  File "/usr/lib/python3.8/http/client.py", line 922, in connect
    self.sock = self._create_connection(
  File "/usr/lib/python3.8/socket.py", line 808, in create_connection
    raise err
  File "/usr/lib/python3.8/socket.py", line 796, in create_connection
    sock.connect(sa)
ConnectionRefusedError: [Errno 111] Connection refused

[rosmaster.master][INFO] 2026-03-11 22:58:44,825: publisherUpdate[/clock] -> http://rera:44231/ []
[rosmaster.master][INFO] 2026-03-11 22:58:44,825: publisherUpdate[/clock] -> http://rera:41819/ []
[rosmaster.master][INFO] 2026-03-11 22:58:44,826: publisherUpdate[/clock] -> http://rera:33943/ []
[rosmaster.master][INFO] 2026-03-11 22:58:44,826: -PUB [/gazebo/parameter_updates] /gazebo http://rera:44231/
[rosmaster.master][INFO] 2026-03-11 22:58:44,827: publisherUpdate[/clock] -> http://rera:44231/ []: sec=0.00, result=[1, '', 0]
[rosmaster.master][INFO] 2026-03-11 22:58:44,828: publisherUpdate[/clock] -> http://rera:41819/ []: sec=0.00, result=[1, '', 0]
[rosmaster.master][INFO] 2026-03-11 22:58:44,830: publisherUpdate[/clock] -> http://rera:41659/ []
[rosmaster.master][INFO] 2026-03-11 22:58:44,829: publisherUpdate[/clock] -> http://rera:37135/ []
[rosmaster.master][INFO] 2026-03-11 22:58:44,829: publisherUpdate[/clock] -> http://rera:33943/ []: sec=0.00, result=[1, '', 0]
[rosmaster.master][INFO] 2026-03-11 22:58:44,829: -SERVICE [/gazebo/set_parameters] /gazebo rosrpc://rera:55245
[rosmaster.master][INFO] 2026-03-11 22:58:44,831: publisherUpdate[/clock] -> http://rera:41659/ []: sec=0.00, result=[1, '', 0]
[rosmaster.master][INFO] 2026-03-11 22:58:44,837: publisherUpdate[/clock] -> http://rera:37135/ []: sec=0.01, result=[1, '', 0]
[rosmaster.master][INFO] 2026-03-11 22:58:44,854: -SUB [/cmd_vel] /gazebo http://rera:44231/
[rosmaster.master][INFO] 2026-03-11 22:58:44,855: -PUB [/odom] /gazebo http://rera:44231/
[rosmaster.master][INFO] 2026-03-11 22:58:44,856: -PUB [/tf] /gazebo http://rera:44231/
[rosmaster.master][INFO] 2026-03-11 22:58:44,896: -PUB [/camera/color/camera_info] /gazebo http://rera:44231/
[rosmaster.master][INFO] 2026-03-11 22:58:44,897: -SERVICE [/camera/set_camera_info] /gazebo rosrpc://rera:55245
[rosmaster.master][INFO] 2026-03-11 22:58:44,898: -PUB [/camera/color/image_raw/compressedDepth] /gazebo http://rera:44231/
[rosmaster.master][INFO] 2026-03-11 22:58:44,899: -PUB [/camera/color/image_raw/compressed] /gazebo http://rera:44231/
[rosmaster.master][INFO] 2026-03-11 22:58:44,900: -PUB [/camera/color/image_raw] /gazebo http://rera:44231/
[rosmaster.master][INFO] 2026-03-11 22:58:44,900: -PUB [/camera/color/image_raw/theora] /gazebo http://rera:44231/
[rosmaster.master][INFO] 2026-03-11 22:58:44,901: -PUB [/camera/color/image_raw/compressedDepth/parameter_descriptions] /gazebo http://rera:44231/
[rosmaster.master][INFO] 2026-03-11 22:58:44,902: -PUB [/camera/color/image_raw/compressedDepth/parameter_updates] /gazebo http://rera:44231/
[rosmaster.master][INFO] 2026-03-11 22:58:44,902: -SERVICE [/camera/color/image_raw/compressedDepth/set_parameters] /gazebo rosrpc://rera:55245
[rosmaster.master][INFO] 2026-03-11 22:58:44,903: -PUB [/camera/color/image_raw/compressed/parameter_descriptions] /gazebo http://rera:44231/
[rosmaster.master][INFO] 2026-03-11 22:58:44,903: -PUB [/camera/color/image_raw/compressed/parameter_updates] /gazebo http://rera:44231/
[rosmaster.master][INFO] 2026-03-11 22:58:44,904: -SERVICE [/camera/color/image_raw/compressed/set_parameters] /gazebo rosrpc://rera:55245
[rosmaster.master][INFO] 2026-03-11 22:58:44,905: -PUB [/camera/color/image_raw/theora/parameter_descriptions] /gazebo http://rera:44231/
[rosmaster.master][INFO] 2026-03-11 22:58:44,905: -PUB [/camera/color/image_raw/theora/parameter_updates] /gazebo http://rera:44231/
[rosmaster.master][INFO] 2026-03-11 22:58:44,906: -SERVICE [/camera/color/image_raw/theora/set_parameters] /gazebo rosrpc://rera:55245
[rosmaster.master][INFO] 2026-03-11 22:58:44,911: -PUB [/camera/depth/points] /gazebo http://rera:44231/
[rosmaster.master][INFO] 2026-03-11 22:58:44,912: -PUB [/camera/depth/camera_info] /gazebo http://rera:44231/
[rosmaster.master][INFO] 2026-03-11 22:58:44,913: -PUB [/camera/depth/image_raw/compressedDepth] /gazebo http://rera:44231/
[rosmaster.master][INFO] 2026-03-11 22:58:44,914: -PUB [/camera/depth/image_raw/compressed] /gazebo http://rera:44231/
[rosmaster.master][INFO] 2026-03-11 22:58:44,914: -PUB [/camera/depth/image_raw] /gazebo http://rera:44231/
[rosmaster.master][INFO] 2026-03-11 22:58:44,915: -PUB [/camera/depth/image_raw/theora] /gazebo http://rera:44231/
[rosmaster.master][INFO] 2026-03-11 22:58:44,915: -PUB [/camera/depth/image_raw/compressedDepth/parameter_descriptions] /gazebo http://rera:44231/
[rosmaster.master][INFO] 2026-03-11 22:58:44,916: -PUB [/camera/depth/image_raw/compressedDepth/parameter_updates] /gazebo http://rera:44231/
[rosmaster.master][INFO] 2026-03-11 22:58:44,916: -SERVICE [/camera/depth/image_raw/compressedDepth/set_parameters] /gazebo rosrpc://rera:55245
[rosmaster.master][INFO] 2026-03-11 22:58:44,917: -PUB [/camera/depth/image_raw/compressed/parameter_descriptions] /gazebo http://rera:44231/
[rosmaster.master][INFO] 2026-03-11 22:58:44,917: -PUB [/camera/depth/image_raw/compressed/parameter_updates] /gazebo http://rera:44231/
[rosmaster.master][INFO] 2026-03-11 22:58:44,918: -SERVICE [/camera/depth/image_raw/compressed/set_parameters] /gazebo rosrpc://rera:55245
[rosmaster.master][INFO] 2026-03-11 22:58:44,918: -PUB [/camera/depth/image_raw/theora/parameter_descriptions] /gazebo http://rera:44231/
[rosmaster.master][INFO] 2026-03-11 22:58:44,919: -PUB [/camera/depth/image_raw/theora/parameter_updates] /gazebo http://rera:44231/
[rosmaster.master][INFO] 2026-03-11 22:58:44,919: -SERVICE [/camera/depth/image_raw/theora/set_parameters] /gazebo rosrpc://rera:55245
[rosmaster.master][INFO] 2026-03-11 22:58:44,923: -PUB [/velodyne_points] /gazebo http://rera:44231/
[rosmaster.master][INFO] 2026-03-11 22:58:44,931: publisherUpdate[/tf] -> http://rera:39197/ ['http://rera:33943/', 'http://rera:41659/']
[rosmaster.master][INFO] 2026-03-11 22:58:44,932: publisherUpdate[/tf] -> http://rera:39197/ ['http://rera:33943/', 'http://rera:41659/']: sec=0.00, exception=[Errno 111] Connection refused
[rosmaster.threadpool][ERROR] 2026-03-11 22:58:44,932: Traceback (most recent call last):
  File "/opt/ros/noetic/lib/python3/dist-packages/rosmaster/threadpool.py", line 218, in run
    result = cmd(*args)
  File "/opt/ros/noetic/lib/python3/dist-packages/rosmaster/master_api.py", line 210, in publisher_update_task
    ret = xmlrpcapi(api).publisherUpdate('/master', topic, pub_uris)
  File "/usr/lib/python3.8/xmlrpc/client.py", line 1109, in __call__
    return self.__send(self.__name, args)
  File "/usr/lib/python3.8/xmlrpc/client.py", line 1450, in __request
    response = self.__transport.request(
  File "/usr/lib/python3.8/xmlrpc/client.py", line 1153, in request
    return self.single_request(host, handler, request_body, verbose)
  File "/usr/lib/python3.8/xmlrpc/client.py", line 1165, in single_request
    http_conn = self.send_request(host, handler, request_body, verbose)
  File "/usr/lib/python3.8/xmlrpc/client.py", line 1278, in send_request
    self.send_content(connection, request_body)
  File "/usr/lib/python3.8/xmlrpc/client.py", line 1308, in send_content
    connection.endheaders(request_body)
  File "/usr/lib/python3.8/http/client.py", line 1251, in endheaders
    self._send_output(message_body, encode_chunked=encode_chunked)
  File "/usr/lib/python3.8/http/client.py", line 1011, in _send_output
    self.send(msg)
  File "/usr/lib/python3.8/http/client.py", line 951, in send
    self.connect()
  File "/usr/lib/python3.8/http/client.py", line 922, in connect
    self.sock = self._create_connection(
  File "/usr/lib/python3.8/socket.py", line 808, in create_connection
    raise err
  File "/usr/lib/python3.8/socket.py", line 796, in create_connection
    sock.connect(sa)
ConnectionRefusedError: [Errno 111] Connection refused

[rosmaster.master][INFO] 2026-03-11 22:58:44,932: publisherUpdate[/tf] -> http://rera:38007/ ['http://rera:33943/', 'http://rera:41659/']
[rosmaster.master][INFO] 2026-03-11 22:58:44,933: publisherUpdate[/tf] -> http://rera:46795/ ['http://rera:33943/', 'http://rera:41659/']
[rosmaster.master][INFO] 2026-03-11 22:58:44,933: publisherUpdate[/tf] -> http://rera:38007/ ['http://rera:33943/', 'http://rera:41659/']: sec=0.00, exception=[Errno 111] Connection refused
[rosmaster.master][INFO] 2026-03-11 22:58:44,934: -PUB [/camera/imu] /gazebo http://rera:44231/
[rosmaster.master][INFO] 2026-03-11 22:58:44,934: publisherUpdate[/tf] -> http://rera:46795/ ['http://rera:33943/', 'http://rera:41659/']: sec=0.00, exception=[Errno 111] Connection refused
[rosmaster.threadpool][ERROR] 2026-03-11 22:58:44,935: Traceback (most recent call last):
  File "/opt/ros/noetic/lib/python3/dist-packages/rosmaster/threadpool.py", line 218, in run
    result = cmd(*args)
  File "/opt/ros/noetic/lib/python3/dist-packages/rosmaster/master_api.py", line 210, in publisher_update_task
    ret = xmlrpcapi(api).publisherUpdate('/master', topic, pub_uris)
  File "/usr/lib/python3.8/xmlrpc/client.py", line 1109, in __call__
    return self.__send(self.__name, args)
  File "/usr/lib/python3.8/xmlrpc/client.py", line 1450, in __request
    response = self.__transport.request(
  File "/usr/lib/python3.8/xmlrpc/client.py", line 1153, in request
    return self.single_request(host, handler, request_body, verbose)
  File "/usr/lib/python3.8/xmlrpc/client.py", line 1165, in single_request
    http_conn = self.send_request(host, handler, request_body, verbose)
  File "/usr/lib/python3.8/xmlrpc/client.py", line 1278, in send_request
    self.send_content(connection, request_body)
  File "/usr/lib/python3.8/xmlrpc/client.py", line 1308, in send_content
    connection.endheaders(request_body)
  File "/usr/lib/python3.8/http/client.py", line 1251, in endheaders
    self._send_output(message_body, encode_chunked=encode_chunked)
  File "/usr/lib/python3.8/http/client.py", line 1011, in _send_output
    self.send(msg)
  File "/usr/lib/python3.8/http/client.py", line 951, in send
    self.connect()
  File "/usr/lib/python3.8/http/client.py", line 922, in connect
    self.sock = self._create_connection(
  File "/usr/lib/python3.8/socket.py", line 808, in create_connection
    raise err
  File "/usr/lib/python3.8/socket.py", line 796, in create_connection
    sock.connect(sa)
ConnectionRefusedError: [Errno 111] Connection refused

[rosmaster.master][INFO] 2026-03-11 22:58:44,936: publisherUpdate[/velodyne_points] -> http://rera:41659/ []
[rosmaster.threadpool][ERROR] 2026-03-11 22:58:44,937: Traceback (most recent call last):
  File "/opt/ros/noetic/lib/python3/dist-packages/rosmaster/threadpool.py", line 218, in run
    result = cmd(*args)
  File "/opt/ros/noetic/lib/python3/dist-packages/rosmaster/master_api.py", line 210, in publisher_update_task
    ret = xmlrpcapi(api).publisherUpdate('/master', topic, pub_uris)
  File "/usr/lib/python3.8/xmlrpc/client.py", line 1109, in __call__
    return self.__send(self.__name, args)
  File "/usr/lib/python3.8/xmlrpc/client.py", line 1450, in __request
    response = self.__transport.request(
  File "/usr/lib/python3.8/xmlrpc/client.py", line 1153, in request
    return self.single_request(host, handler, request_body, verbose)
  File "/usr/lib/python3.8/xmlrpc/client.py", line 1165, in single_request
    http_conn = self.send_request(host, handler, request_body, verbose)
  File "/usr/lib/python3.8/xmlrpc/client.py", line 1278, in send_request
    self.send_content(connection, request_body)
  File "/usr/lib/python3.8/xmlrpc/client.py", line 1308, in send_content
    connection.endheaders(request_body)
  File "/usr/lib/python3.8/http/client.py", line 1251, in endheaders
    self._send_output(message_body, encode_chunked=encode_chunked)
  File "/usr/lib/python3.8/http/client.py", line 1011, in _send_output
    self.send(msg)
  File "/usr/lib/python3.8/http/client.py", line 951, in send
    self.connect()
  File "/usr/lib/python3.8/http/client.py", line 922, in connect
    self.sock = self._create_connection(
  File "/usr/lib/python3.8/socket.py", line 808, in create_connection
    raise err
  File "/usr/lib/python3.8/socket.py", line 796, in create_connection
    sock.connect(sa)
ConnectionRefusedError: [Errno 111] Connection refused

[rosmaster.master][INFO] 2026-03-11 22:58:44,937: publisherUpdate[/velodyne_points] -> http://rera:41659/ []: sec=0.00, result=[1, '', 0]
[rosmaster.master][INFO] 2026-03-11 22:58:44,937: publisherUpdate[/camera/imu] -> http://rera:41659/ []
[rosmaster.master][INFO] 2026-03-11 22:58:44,938: publisherUpdate[/camera/imu] -> http://rera:41659/ []: sec=0.00, result=[1, '', 0]
[rosmaster.master][INFO] 2026-03-11 22:58:45,331: -PUB [/rosout] /robot_state_publisher http://rera:33943/
[rosmaster.master][INFO] 2026-03-11 22:58:45,332: -PUB [/tf] /robot_state_publisher http://rera:33943/
[rosmaster.master][INFO] 2026-03-11 22:58:45,333: -PUB [/tf_static] /robot_state_publisher http://rera:33943/
[rosmaster.master][INFO] 2026-03-11 22:58:45,333: -SUB [/clock] /robot_state_publisher http://rera:33943/
[rosmaster.master][INFO] 2026-03-11 22:58:45,334: -SUB [/joint_states] /robot_state_publisher http://rera:33943/
[rosmaster.master][INFO] 2026-03-11 22:58:45,335: -SERVICE [/robot_state_publisher/get_loggers] /robot_state_publisher rosrpc://rera:42053
[rosmaster.master][INFO] 2026-03-11 22:58:45,336: -SERVICE [/robot_state_publisher/set_logger_level] /robot_state_publisher rosrpc://rera:42053
[rosmaster.master][INFO] 2026-03-11 22:58:45,337: -CACHEDPARAM [/rosout_disable_topics_generation] by /robot_state_publisher
[rosmaster.master][INFO] 2026-03-11 22:58:45,338: publisherUpdate[/tf] -> http://rera:39197/ ['http://rera:41659/']
[rosmaster.master][INFO] 2026-03-11 22:58:45,339: publisherUpdate[/tf] -> http://rera:38007/ ['http://rera:41659/']
[rosmaster.master][INFO] 2026-03-11 22:58:45,340: publisherUpdate[/tf] -> http://rera:46795/ ['http://rera:41659/']
[rosmaster.master][INFO] 2026-03-11 22:58:45,341: publisherUpdate[/tf] -> http://rera:39197/ ['http://rera:41659/']: sec=0.00, exception=[Errno 111] Connection refused
[rosmaster.master][INFO] 2026-03-11 22:58:45,341: publisherUpdate[/tf] -> http://rera:38007/ ['http://rera:41659/']: sec=0.00, exception=[Errno 111] Connection refused
[rosmaster.threadpool][ERROR] 2026-03-11 22:58:45,343: Traceback (most recent call last):
  File "/opt/ros/noetic/lib/python3/dist-packages/rosmaster/threadpool.py", line 218, in run
    result = cmd(*args)
  File "/opt/ros/noetic/lib/python3/dist-packages/rosmaster/master_api.py", line 210, in publisher_update_task
    ret = xmlrpcapi(api).publisherUpdate('/master', topic, pub_uris)
  File "/usr/lib/python3.8/xmlrpc/client.py", line 1109, in __call__
    return self.__send(self.__name, args)
  File "/usr/lib/python3.8/xmlrpc/client.py", line 1450, in __request
    response = self.__transport.request(
  File "/usr/lib/python3.8/xmlrpc/client.py", line 1153, in request
    return self.single_request(host, handler, request_body, verbose)
  File "/usr/lib/python3.8/xmlrpc/client.py", line 1165, in single_request
    http_conn = self.send_request(host, handler, request_body, verbose)
  File "/usr/lib/python3.8/xmlrpc/client.py", line 1278, in send_request
    self.send_content(connection, request_body)
  File "/usr/lib/python3.8/xmlrpc/client.py", line 1308, in send_content
    connection.endheaders(request_body)
  File "/usr/lib/python3.8/http/client.py", line 1251, in endheaders
    self._send_output(message_body, encode_chunked=encode_chunked)
  File "/usr/lib/python3.8/http/client.py", line 1011, in _send_output
    self.send(msg)
  File "/usr/lib/python3.8/http/client.py", line 951, in send
    self.connect()
  File "/usr/lib/python3.8/http/client.py", line 922, in connect
    self.sock = self._create_connection(
  File "/usr/lib/python3.8/socket.py", line 808, in create_connection
    raise err
  File "/usr/lib/python3.8/socket.py", line 796, in create_connection
    sock.connect(sa)
ConnectionRefusedError: [Errno 111] Connection refused

[rosmaster.threadpool][ERROR] 2026-03-11 22:58:45,344: Traceback (most recent call last):
  File "/opt/ros/noetic/lib/python3/dist-packages/rosmaster/threadpool.py", line 218, in run
    result = cmd(*args)
  File "/opt/ros/noetic/lib/python3/dist-packages/rosmaster/master_api.py", line 210, in publisher_update_task
    ret = xmlrpcapi(api).publisherUpdate('/master', topic, pub_uris)
  File "/usr/lib/python3.8/xmlrpc/client.py", line 1109, in __call__
    return self.__send(self.__name, args)
  File "/usr/lib/python3.8/xmlrpc/client.py", line 1450, in __request
    response = self.__transport.request(
  File "/usr/lib/python3.8/xmlrpc/client.py", line 1153, in request
    return self.single_request(host, handler, request_body, verbose)
  File "/usr/lib/python3.8/xmlrpc/client.py", line 1165, in single_request
    http_conn = self.send_request(host, handler, request_body, verbose)
  File "/usr/lib/python3.8/xmlrpc/client.py", line 1278, in send_request
    self.send_content(connection, request_body)
  File "/usr/lib/python3.8/xmlrpc/client.py", line 1308, in send_content
    connection.endheaders(request_body)
  File "/usr/lib/python3.8/http/client.py", line 1251, in endheaders
    self._send_output(message_body, encode_chunked=encode_chunked)
  File "/usr/lib/python3.8/http/client.py", line 1011, in _send_output
    self.send(msg)
  File "/usr/lib/python3.8/http/client.py", line 951, in send
    self.connect()
  File "/usr/lib/python3.8/http/client.py", line 922, in connect
    self.sock = self._create_connection(
  File "/usr/lib/python3.8/socket.py", line 808, in create_connection
    raise err
  File "/usr/lib/python3.8/socket.py", line 796, in create_connection
    sock.connect(sa)
ConnectionRefusedError: [Errno 111] Connection refused

[rosmaster.master][INFO] 2026-03-11 22:58:45,344: publisherUpdate[/tf] -> http://rera:46795/ ['http://rera:41659/']: sec=0.00, exception=[Errno 111] Connection refused
[rosmaster.master][INFO] 2026-03-11 22:58:45,345: publisherUpdate[/tf_static] -> http://rera:39197/ []
[rosmaster.master][INFO] 2026-03-11 22:58:45,345: publisherUpdate[/tf_static] -> http://rera:38007/ []
[rosmaster.threadpool][ERROR] 2026-03-11 22:58:45,345: Traceback (most recent call last):
  File "/opt/ros/noetic/lib/python3/dist-packages/rosmaster/threadpool.py", line 218, in run
    result = cmd(*args)
  File "/opt/ros/noetic/lib/python3/dist-packages/rosmaster/master_api.py", line 210, in publisher_update_task
    ret = xmlrpcapi(api).publisherUpdate('/master', topic, pub_uris)
  File "/usr/lib/python3.8/xmlrpc/client.py", line 1109, in __call__
    return self.__send(self.__name, args)
  File "/usr/lib/python3.8/xmlrpc/client.py", line 1450, in __request
    response = self.__transport.request(
  File "/usr/lib/python3.8/xmlrpc/client.py", line 1153, in request
    return self.single_request(host, handler, request_body, verbose)
  File "/usr/lib/python3.8/xmlrpc/client.py", line 1165, in single_request
    http_conn = self.send_request(host, handler, request_body, verbose)
  File "/usr/lib/python3.8/xmlrpc/client.py", line 1278, in send_request
    self.send_content(connection, request_body)
  File "/usr/lib/python3.8/xmlrpc/client.py", line 1308, in send_content
    connection.endheaders(request_body)
  File "/usr/lib/python3.8/http/client.py", line 1251, in endheaders
    self._send_output(message_body, encode_chunked=encode_chunked)
  File "/usr/lib/python3.8/http/client.py", line 1011, in _send_output
    self.send(msg)
  File "/usr/lib/python3.8/http/client.py", line 951, in send
    self.connect()
  File "/usr/lib/python3.8/http/client.py", line 922, in connect
    self.sock = self._create_connection(
  File "/usr/lib/python3.8/socket.py", line 808, in create_connection
    raise err
  File "/usr/lib/python3.8/socket.py", line 796, in create_connection
    sock.connect(sa)
ConnectionRefusedError: [Errno 111] Connection refused

[rosmaster.master][INFO] 2026-03-11 22:58:45,347: publisherUpdate[/tf_static] -> http://rera:39197/ []: sec=0.00, exception=[Errno 111] Connection refused
[rosmaster.master][INFO] 2026-03-11 22:58:45,347: publisherUpdate[/tf_static] -> http://rera:38007/ []: sec=0.00, exception=[Errno 111] Connection refused
[rosmaster.master][INFO] 2026-03-11 22:58:45,347: publisherUpdate[/tf_static] -> http://rera:46795/ []
[rosmaster.threadpool][ERROR] 2026-03-11 22:58:45,348: Traceback (most recent call last):
  File "/opt/ros/noetic/lib/python3/dist-packages/rosmaster/threadpool.py", line 218, in run
    result = cmd(*args)
  File "/opt/ros/noetic/lib/python3/dist-packages/rosmaster/master_api.py", line 210, in publisher_update_task
    ret = xmlrpcapi(api).publisherUpdate('/master', topic, pub_uris)
  File "/usr/lib/python3.8/xmlrpc/client.py", line 1109, in __call__
    return self.__send(self.__name, args)
  File "/usr/lib/python3.8/xmlrpc/client.py", line 1450, in __request
    response = self.__transport.request(
  File "/usr/lib/python3.8/xmlrpc/client.py", line 1153, in request
    return self.single_request(host, handler, request_body, verbose)
  File "/usr/lib/python3.8/xmlrpc/client.py", line 1165, in single_request
    http_conn = self.send_request(host, handler, request_body, verbose)
  File "/usr/lib/python3.8/xmlrpc/client.py", line 1278, in send_request
    self.send_content(connection, request_body)
  File "/usr/lib/python3.8/xmlrpc/client.py", line 1308, in send_content
    connection.endheaders(request_body)
  File "/usr/lib/python3.8/http/client.py", line 1251, in endheaders
    self._send_output(message_body, encode_chunked=encode_chunked)
  File "/usr/lib/python3.8/http/client.py", line 1011, in _send_output
    self.send(msg)
  File "/usr/lib/python3.8/http/client.py", line 951, in send
    self.connect()
  File "/usr/lib/python3.8/http/client.py", line 922, in connect
    self.sock = self._create_connection(
  File "/usr/lib/python3.8/socket.py", line 808, in create_connection
    raise err
  File "/usr/lib/python3.8/socket.py", line 796, in create_connection
    sock.connect(sa)
ConnectionRefusedError: [Errno 111] Connection refused

[rosmaster.threadpool][ERROR] 2026-03-11 22:58:45,348: Traceback (most recent call last):
  File "/opt/ros/noetic/lib/python3/dist-packages/rosmaster/threadpool.py", line 218, in run
    result = cmd(*args)
  File "/opt/ros/noetic/lib/python3/dist-packages/rosmaster/master_api.py", line 210, in publisher_update_task
    ret = xmlrpcapi(api).publisherUpdate('/master', topic, pub_uris)
  File "/usr/lib/python3.8/xmlrpc/client.py", line 1109, in __call__
    return self.__send(self.__name, args)
  File "/usr/lib/python3.8/xmlrpc/client.py", line 1450, in __request
    response = self.__transport.request(
  File "/usr/lib/python3.8/xmlrpc/client.py", line 1153, in request
    return self.single_request(host, handler, request_body, verbose)
  File "/usr/lib/python3.8/xmlrpc/client.py", line 1165, in single_request
    http_conn = self.send_request(host, handler, request_body, verbose)
  File "/usr/lib/python3.8/xmlrpc/client.py", line 1278, in send_request
    self.send_content(connection, request_body)
  File "/usr/lib/python3.8/xmlrpc/client.py", line 1308, in send_content
    connection.endheaders(request_body)
  File "/usr/lib/python3.8/http/client.py", line 1251, in endheaders
    self._send_output(message_body, encode_chunked=encode_chunked)
  File "/usr/lib/python3.8/http/client.py", line 1011, in _send_output
    self.send(msg)
  File "/usr/lib/python3.8/http/client.py", line 951, in send
    self.connect()
  File "/usr/lib/python3.8/http/client.py", line 922, in connect
    self.sock = self._create_connection(
  File "/usr/lib/python3.8/socket.py", line 808, in create_connection
    raise err
  File "/usr/lib/python3.8/socket.py", line 796, in create_connection
    sock.connect(sa)
ConnectionRefusedError: [Errno 111] Connection refused

[rosmaster.master][INFO] 2026-03-11 22:58:45,349: publisherUpdate[/tf_static] -> http://rera:46795/ []: sec=0.00, exception=[Errno 111] Connection refused
[rosmaster.threadpool][ERROR] 2026-03-11 22:58:45,349: Traceback (most recent call last):
  File "/opt/ros/noetic/lib/python3/dist-packages/rosmaster/threadpool.py", line 218, in run
    result = cmd(*args)
  File "/opt/ros/noetic/lib/python3/dist-packages/rosmaster/master_api.py", line 210, in publisher_update_task
    ret = xmlrpcapi(api).publisherUpdate('/master', topic, pub_uris)
  File "/usr/lib/python3.8/xmlrpc/client.py", line 1109, in __call__
    return self.__send(self.__name, args)
  File "/usr/lib/python3.8/xmlrpc/client.py", line 1450, in __request
    response = self.__transport.request(
  File "/usr/lib/python3.8/xmlrpc/client.py", line 1153, in request
    return self.single_request(host, handler, request_body, verbose)
  File "/usr/lib/python3.8/xmlrpc/client.py", line 1165, in single_request
    http_conn = self.send_request(host, handler, request_body, verbose)
  File "/usr/lib/python3.8/xmlrpc/client.py", line 1278, in send_request
    self.send_content(connection, request_body)
  File "/usr/lib/python3.8/xmlrpc/client.py", line 1308, in send_content
    connection.endheaders(request_body)
  File "/usr/lib/python3.8/http/client.py", line 1251, in endheaders
    self._send_output(message_body, encode_chunked=encode_chunked)
  File "/usr/lib/python3.8/http/client.py", line 1011, in _send_output
    self.send(msg)
  File "/usr/lib/python3.8/http/client.py", line 951, in send
    self.connect()
  File "/usr/lib/python3.8/http/client.py", line 922, in connect
    self.sock = self._create_connection(
  File "/usr/lib/python3.8/socket.py", line 808, in create_connection
    raise err
  File "/usr/lib/python3.8/socket.py", line 796, in create_connection
    sock.connect(sa)
ConnectionRefusedError: [Errno 111] Connection refused

[rosmaster.master][INFO] 2026-03-11 22:58:45,930: -PUB [/rosout] /gazebo http://rera:44231/
[rosmaster.master][INFO] 2026-03-11 22:58:45,931: -PUB [/camera/parameter_descriptions] /gazebo http://rera:44231/
[rosmaster.master][INFO] 2026-03-11 22:58:45,931: -PUB [/camera/parameter_updates] /gazebo http://rera:44231/
[rosmaster.master][INFO] 2026-03-11 22:58:45,932: -SUB [/clock] /gazebo http://rera:44231/
[rosmaster.master][INFO] 2026-03-11 22:58:45,933: -SERVICE [/gazebo/get_loggers] /gazebo rosrpc://rera:55245
[rosmaster.master][INFO] 2026-03-11 22:58:45,933: -SERVICE [/gazebo/set_logger_level] /gazebo rosrpc://rera:55245
[rosmaster.master][INFO] 2026-03-11 22:58:45,934: -SERVICE [/camera/set_parameters] /gazebo rosrpc://rera:55245
[rosmaster.master][INFO] 2026-03-11 22:58:45,935: -CACHEDPARAM [/rosout_disable_topics_generation] by /gazebo
[rosmaster.master][INFO] 2026-03-11 23:01:22,416: +PUB [/rosout] /tf_echo_1773241282413308816 http://rera:42949/
[rosmaster.master][INFO] 2026-03-11 23:01:22,416: +SERVICE [/tf_echo_1773241282413308816/get_loggers] /tf_echo_1773241282413308816 http://rera:42949/
[rosmaster.master][INFO] 2026-03-11 23:01:22,417: +SERVICE [/tf_echo_1773241282413308816/set_logger_level] /tf_echo_1773241282413308816 http://rera:42949/
[rosmaster.master][INFO] 2026-03-11 23:01:22,420: +SUB [/clock] /tf_echo_1773241282413308816 http://rera:42949/
[rosmaster.master][INFO] 2026-03-11 23:01:22,423: +SUB [/tf] /tf_echo_1773241282413308816 http://rera:42949/
[rosmaster.master][INFO] 2026-03-11 23:01:22,424: +SUB [/tf_static] /tf_echo_1773241282413308816 http://rera:42949/
[rosmaster.master][INFO] 2026-03-11 23:01:23,147: +PUB [/rosout] /tf_echo_1773241283144472828 http://rera:43459/
[rosmaster.master][INFO] 2026-03-11 23:01:23,148: +SERVICE [/tf_echo_1773241283144472828/get_loggers] /tf_echo_1773241283144472828 http://rera:43459/
[rosmaster.master][INFO] 2026-03-11 23:01:23,148: +SERVICE [/tf_echo_1773241283144472828/set_logger_level] /tf_echo_1773241283144472828 http://rera:43459/
[rosmaster.master][INFO] 2026-03-11 23:01:23,151: +SUB [/clock] /tf_echo_1773241283144472828 http://rera:43459/
[rosmaster.master][INFO] 2026-03-11 23:01:23,153: +SUB [/tf] /tf_echo_1773241283144472828 http://rera:43459/
[rosmaster.master][INFO] 2026-03-11 23:01:23,155: +SUB [/tf_static] /tf_echo_1773241283144472828 http://rera:43459/
[rosmaster.master][INFO] 2026-03-11 23:01:24,671: +PUB [/rosout] /tf_echo_1773241284668693083 http://rera:35227/
[rosmaster.master][INFO] 2026-03-11 23:01:24,672: +SERVICE [/tf_echo_1773241284668693083/get_loggers] /tf_echo_1773241284668693083 http://rera:35227/
[rosmaster.master][INFO] 2026-03-11 23:01:24,672: +SERVICE [/tf_echo_1773241284668693083/set_logger_level] /tf_echo_1773241284668693083 http://rera:35227/
[rosmaster.master][INFO] 2026-03-11 23:01:24,675: +SUB [/clock] /tf_echo_1773241284668693083 http://rera:35227/
[rosmaster.master][INFO] 2026-03-11 23:01:24,678: +SUB [/tf] /tf_echo_1773241284668693083 http://rera:35227/
[rosmaster.master][INFO] 2026-03-11 23:01:24,680: +SUB [/tf_static] /tf_echo_1773241284668693083 http://rera:35227/
[rosmaster.master][INFO] 2026-03-11 23:01:27,541: +PARAM [/roslaunch/uris/host_rera__38353] by /roslaunch
[rosmaster.master][INFO] 2026-03-11 23:01:27,544: +PARAM [/rosversion] by /roslaunch
[rosmaster.master][INFO] 2026-03-11 23:01:27,544: +PARAM [/rosdistro] by /roslaunch
[rosmaster.master][INFO] 2026-03-11 23:01:27,544: +PARAM [/use_sim_time] by /roslaunch
[rosmaster.master][INFO] 2026-03-11 23:01:27,544: +PARAM [/gazebo/enable_ros_network] by /roslaunch
[rosmaster.master][INFO] 2026-03-11 23:01:27,669: +PUB [/rosout] /tf_footprint_base http://rera:35501/
[rosmaster.master][INFO] 2026-03-11 23:01:27,670: +SERVICE [/tf_footprint_base/get_loggers] /tf_footprint_base http://rera:35501/
[rosmaster.master][INFO] 2026-03-11 23:01:27,670: +SERVICE [/tf_footprint_base/set_logger_level] /tf_footprint_base http://rera:35501/
[rosmaster.master][INFO] 2026-03-11 23:01:27,675: +SUB [/clock] /tf_footprint_base http://rera:35501/
[rosmaster.master][INFO] 2026-03-11 23:01:27,676: +PUB [/tf] /tf_footprint_base http://rera:35501/
[rosmaster.master][INFO] 2026-03-11 23:01:27,680: +PUB [/rosout] /tf_body_footprint http://rera:38813/
[rosmaster.master][INFO] 2026-03-11 23:01:27,681: +SERVICE [/tf_body_footprint/get_loggers] /tf_body_footprint http://rera:38813/
[rosmaster.master][INFO] 2026-03-11 23:01:27,681: +SERVICE [/tf_body_footprint/set_logger_level] /tf_body_footprint http://rera:38813/
[rosmaster.master][INFO] 2026-03-11 23:01:27,684: +SUB [/clock] /tf_body_footprint http://rera:38813/
[rosmaster.master][INFO] 2026-03-11 23:01:27,685: +PUB [/tf] /tf_body_footprint http://rera:38813/
[rosmaster.master][INFO] 2026-03-11 23:01:27,762: publisherUpdate[/tf] -> http://rera:39197/ ['http://rera:41659/', 'http://rera:35501/']
[rosmaster.master][INFO] 2026-03-11 23:01:27,762: publisherUpdate[/tf] -> http://rera:39197/ ['http://rera:41659/', 'http://rera:35501/']: sec=0.00, exception=[Errno 111] Connection refused
[rosmaster.threadpool][ERROR] 2026-03-11 23:01:27,762: Traceback (most recent call last):
  File "/opt/ros/noetic/lib/python3/dist-packages/rosmaster/threadpool.py", line 218, in run
    result = cmd(*args)
  File "/opt/ros/noetic/lib/python3/dist-packages/rosmaster/master_api.py", line 210, in publisher_update_task
    ret = xmlrpcapi(api).publisherUpdate('/master', topic, pub_uris)
  File "/usr/lib/python3.8/xmlrpc/client.py", line 1109, in __call__
    return self.__send(self.__name, args)
  File "/usr/lib/python3.8/xmlrpc/client.py", line 1450, in __request
    response = self.__transport.request(
  File "/usr/lib/python3.8/xmlrpc/client.py", line 1153, in request
    return self.single_request(host, handler, request_body, verbose)
  File "/usr/lib/python3.8/xmlrpc/client.py", line 1165, in single_request
    http_conn = self.send_request(host, handler, request_body, verbose)
  File "/usr/lib/python3.8/xmlrpc/client.py", line 1278, in send_request
    self.send_content(connection, request_body)
  File "/usr/lib/python3.8/xmlrpc/client.py", line 1308, in send_content
    connection.endheaders(request_body)
  File "/usr/lib/python3.8/http/client.py", line 1251, in endheaders
    self._send_output(message_body, encode_chunked=encode_chunked)
  File "/usr/lib/python3.8/http/client.py", line 1011, in _send_output
    self.send(msg)
  File "/usr/lib/python3.8/http/client.py", line 951, in send
    self.connect()
  File "/usr/lib/python3.8/http/client.py", line 922, in connect
    self.sock = self._create_connection(
  File "/usr/lib/python3.8/socket.py", line 808, in create_connection
    raise err
  File "/usr/lib/python3.8/socket.py", line 796, in create_connection
    sock.connect(sa)
ConnectionRefusedError: [Errno 111] Connection refused

[rosmaster.master][INFO] 2026-03-11 23:01:27,763: publisherUpdate[/tf] -> http://rera:38007/ ['http://rera:41659/', 'http://rera:35501/']
[rosmaster.master][INFO] 2026-03-11 23:01:27,763: publisherUpdate[/tf] -> http://rera:38007/ ['http://rera:41659/', 'http://rera:35501/']: sec=0.00, exception=[Errno 111] Connection refused
[rosmaster.threadpool][ERROR] 2026-03-11 23:01:27,763: Traceback (most recent call last):
  File "/opt/ros/noetic/lib/python3/dist-packages/rosmaster/threadpool.py", line 218, in run
    result = cmd(*args)
  File "/opt/ros/noetic/lib/python3/dist-packages/rosmaster/master_api.py", line 210, in publisher_update_task
    ret = xmlrpcapi(api).publisherUpdate('/master', topic, pub_uris)
  File "/usr/lib/python3.8/xmlrpc/client.py", line 1109, in __call__
    return self.__send(self.__name, args)
  File "/usr/lib/python3.8/xmlrpc/client.py", line 1450, in __request
    response = self.__transport.request(
  File "/usr/lib/python3.8/xmlrpc/client.py", line 1153, in request
    return self.single_request(host, handler, request_body, verbose)
  File "/usr/lib/python3.8/xmlrpc/client.py", line 1165, in single_request
    http_conn = self.send_request(host, handler, request_body, verbose)
  File "/usr/lib/python3.8/xmlrpc/client.py", line 1278, in send_request
    self.send_content(connection, request_body)
  File "/usr/lib/python3.8/xmlrpc/client.py", line 1308, in send_content
    connection.endheaders(request_body)
  File "/usr/lib/python3.8/http/client.py", line 1251, in endheaders
    self._send_output(message_body, encode_chunked=encode_chunked)
  File "/usr/lib/python3.8/http/client.py", line 1011, in _send_output
    self.send(msg)
  File "/usr/lib/python3.8/http/client.py", line 951, in send
    self.connect()
  File "/usr/lib/python3.8/http/client.py", line 922, in connect
    self.sock = self._create_connection(
  File "/usr/lib/python3.8/socket.py", line 808, in create_connection
    raise err
  File "/usr/lib/python3.8/socket.py", line 796, in create_connection
    sock.connect(sa)
ConnectionRefusedError: [Errno 111] Connection refused

[rosmaster.master][INFO] 2026-03-11 23:01:27,763: publisherUpdate[/tf] -> http://rera:46795/ ['http://rera:41659/', 'http://rera:35501/']
[rosmaster.master][INFO] 2026-03-11 23:01:27,763: publisherUpdate[/tf] -> http://rera:46795/ ['http://rera:41659/', 'http://rera:35501/']: sec=0.00, exception=[Errno 111] Connection refused
[rosmaster.threadpool][ERROR] 2026-03-11 23:01:27,764: Traceback (most recent call last):
  File "/opt/ros/noetic/lib/python3/dist-packages/rosmaster/threadpool.py", line 218, in run
    result = cmd(*args)
  File "/opt/ros/noetic/lib/python3/dist-packages/rosmaster/master_api.py", line 210, in publisher_update_task
    ret = xmlrpcapi(api).publisherUpdate('/master', topic, pub_uris)
  File "/usr/lib/python3.8/xmlrpc/client.py", line 1109, in __call__
    return self.__send(self.__name, args)
  File "/usr/lib/python3.8/xmlrpc/client.py", line 1450, in __request
    response = self.__transport.request(
  File "/usr/lib/python3.8/xmlrpc/client.py", line 1153, in request
    return self.single_request(host, handler, request_body, verbose)
  File "/usr/lib/python3.8/xmlrpc/client.py", line 1165, in single_request
    http_conn = self.send_request(host, handler, request_body, verbose)
  File "/usr/lib/python3.8/xmlrpc/client.py", line 1278, in send_request
    self.send_content(connection, request_body)
  File "/usr/lib/python3.8/xmlrpc/client.py", line 1308, in send_content
    connection.endheaders(request_body)
  File "/usr/lib/python3.8/http/client.py", line 1251, in endheaders
    self._send_output(message_body, encode_chunked=encode_chunked)
  File "/usr/lib/python3.8/http/client.py", line 1011, in _send_output
    self.send(msg)
  File "/usr/lib/python3.8/http/client.py", line 951, in send
    self.connect()
  File "/usr/lib/python3.8/http/client.py", line 922, in connect
    self.sock = self._create_connection(
  File "/usr/lib/python3.8/socket.py", line 808, in create_connection
    raise err
  File "/usr/lib/python3.8/socket.py", line 796, in create_connection
    sock.connect(sa)
ConnectionRefusedError: [Errno 111] Connection refused

[rosmaster.master][INFO] 2026-03-11 23:01:27,764: publisherUpdate[/tf] -> http://rera:42949/ ['http://rera:41659/', 'http://rera:35501/']
[rosmaster.master][INFO] 2026-03-11 23:01:27,764: publisherUpdate[/tf] -> http://rera:42949/ ['http://rera:41659/', 'http://rera:35501/']: sec=0.00, exception=[Errno 111] Connection refused
[rosmaster.threadpool][ERROR] 2026-03-11 23:01:27,765: Traceback (most recent call last):
  File "/opt/ros/noetic/lib/python3/dist-packages/rosmaster/threadpool.py", line 218, in run
    result = cmd(*args)
  File "/opt/ros/noetic/lib/python3/dist-packages/rosmaster/master_api.py", line 210, in publisher_update_task
    ret = xmlrpcapi(api).publisherUpdate('/master', topic, pub_uris)
  File "/usr/lib/python3.8/xmlrpc/client.py", line 1109, in __call__
    return self.__send(self.__name, args)
  File "/usr/lib/python3.8/xmlrpc/client.py", line 1450, in __request
    response = self.__transport.request(
  File "/usr/lib/python3.8/xmlrpc/client.py", line 1153, in request
    return self.single_request(host, handler, request_body, verbose)
  File "/usr/lib/python3.8/xmlrpc/client.py", line 1165, in single_request
    http_conn = self.send_request(host, handler, request_body, verbose)
  File "/usr/lib/python3.8/xmlrpc/client.py", line 1278, in send_request
    self.send_content(connection, request_body)
  File "/usr/lib/python3.8/xmlrpc/client.py", line 1308, in send_content
    connection.endheaders(request_body)
  File "/usr/lib/python3.8/http/client.py", line 1251, in endheaders
    self._send_output(message_body, encode_chunked=encode_chunked)
  File "/usr/lib/python3.8/http/client.py", line 1011, in _send_output
    self.send(msg)
  File "/usr/lib/python3.8/http/client.py", line 951, in send
    self.connect()
  File "/usr/lib/python3.8/http/client.py", line 922, in connect
    self.sock = self._create_connection(
  File "/usr/lib/python3.8/socket.py", line 808, in create_connection
    raise err
  File "/usr/lib/python3.8/socket.py", line 796, in create_connection
    sock.connect(sa)
ConnectionRefusedError: [Errno 111] Connection refused

[rosmaster.master][INFO] 2026-03-11 23:01:27,765: publisherUpdate[/tf] -> http://rera:43459/ ['http://rera:41659/', 'http://rera:35501/']
[rosmaster.master][INFO] 2026-03-11 23:01:27,765: publisherUpdate[/tf] -> http://rera:43459/ ['http://rera:41659/', 'http://rera:35501/']: sec=0.00, exception=[Errno 111] Connection refused
[rosmaster.threadpool][ERROR] 2026-03-11 23:01:27,766: Traceback (most recent call last):
  File "/opt/ros/noetic/lib/python3/dist-packages/rosmaster/threadpool.py", line 218, in run
    result = cmd(*args)
  File "/opt/ros/noetic/lib/python3/dist-packages/rosmaster/master_api.py", line 210, in publisher_update_task
    ret = xmlrpcapi(api).publisherUpdate('/master', topic, pub_uris)
  File "/usr/lib/python3.8/xmlrpc/client.py", line 1109, in __call__
    return self.__send(self.__name, args)
  File "/usr/lib/python3.8/xmlrpc/client.py", line 1450, in __request
    response = self.__transport.request(
  File "/usr/lib/python3.8/xmlrpc/client.py", line 1153, in request
    return self.single_request(host, handler, request_body, verbose)
  File "/usr/lib/python3.8/xmlrpc/client.py", line 1165, in single_request
    http_conn = self.send_request(host, handler, request_body, verbose)
  File "/usr/lib/python3.8/xmlrpc/client.py", line 1278, in send_request
    self.send_content(connection, request_body)
  File "/usr/lib/python3.8/xmlrpc/client.py", line 1308, in send_content
    connection.endheaders(request_body)
  File "/usr/lib/python3.8/http/client.py", line 1251, in endheaders
    self._send_output(message_body, encode_chunked=encode_chunked)
  File "/usr/lib/python3.8/http/client.py", line 1011, in _send_output
    self.send(msg)
  File "/usr/lib/python3.8/http/client.py", line 951, in send
    self.connect()
  File "/usr/lib/python3.8/http/client.py", line 922, in connect
    self.sock = self._create_connection(
  File "/usr/lib/python3.8/socket.py", line 808, in create_connection
    raise err
  File "/usr/lib/python3.8/socket.py", line 796, in create_connection
    sock.connect(sa)
ConnectionRefusedError: [Errno 111] Connection refused

[rosmaster.master][INFO] 2026-03-11 23:01:27,766: publisherUpdate[/tf] -> http://rera:35227/ ['http://rera:41659/', 'http://rera:35501/']
[rosmaster.master][INFO] 2026-03-11 23:01:27,767: publisherUpdate[/tf] -> http://rera:35227/ ['http://rera:41659/', 'http://rera:35501/']: sec=0.00, result=[1, '', 0]
[rosmaster.master][INFO] 2026-03-11 23:01:27,767: publisherUpdate[/tf] -> http://rera:39197/ ['http://rera:41659/', 'http://rera:35501/', 'http://rera:38813/']
[rosmaster.master][INFO] 2026-03-11 23:01:27,768: publisherUpdate[/tf] -> http://rera:39197/ ['http://rera:41659/', 'http://rera:35501/', 'http://rera:38813/']: sec=0.00, exception=[Errno 111] Connection refused
[rosmaster.threadpool][ERROR] 2026-03-11 23:01:27,768: Traceback (most recent call last):
  File "/opt/ros/noetic/lib/python3/dist-packages/rosmaster/threadpool.py", line 218, in run
    result = cmd(*args)
  File "/opt/ros/noetic/lib/python3/dist-packages/rosmaster/master_api.py", line 210, in publisher_update_task
    ret = xmlrpcapi(api).publisherUpdate('/master', topic, pub_uris)
  File "/usr/lib/python3.8/xmlrpc/client.py", line 1109, in __call__
    return self.__send(self.__name, args)
  File "/usr/lib/python3.8/xmlrpc/client.py", line 1450, in __request
    response = self.__transport.request(
  File "/usr/lib/python3.8/xmlrpc/client.py", line 1153, in request
    return self.single_request(host, handler, request_body, verbose)
  File "/usr/lib/python3.8/xmlrpc/client.py", line 1165, in single_request
    http_conn = self.send_request(host, handler, request_body, verbose)
  File "/usr/lib/python3.8/xmlrpc/client.py", line 1278, in send_request
    self.send_content(connection, request_body)
  File "/usr/lib/python3.8/xmlrpc/client.py", line 1308, in send_content
    connection.endheaders(request_body)
  File "/usr/lib/python3.8/http/client.py", line 1251, in endheaders
    self._send_output(message_body, encode_chunked=encode_chunked)
  File "/usr/lib/python3.8/http/client.py", line 1011, in _send_output
    self.send(msg)
  File "/usr/lib/python3.8/http/client.py", line 951, in send
    self.connect()
  File "/usr/lib/python3.8/http/client.py", line 922, in connect
    self.sock = self._create_connection(
  File "/usr/lib/python3.8/socket.py", line 808, in create_connection
    raise err
  File "/usr/lib/python3.8/socket.py", line 796, in create_connection
    sock.connect(sa)
ConnectionRefusedError: [Errno 111] Connection refused

[rosmaster.master][INFO] 2026-03-11 23:01:27,768: publisherUpdate[/tf] -> http://rera:38007/ ['http://rera:41659/', 'http://rera:35501/', 'http://rera:38813/']
[rosmaster.master][INFO] 2026-03-11 23:01:27,769: publisherUpdate[/tf] -> http://rera:38007/ ['http://rera:41659/', 'http://rera:35501/', 'http://rera:38813/']: sec=0.00, exception=[Errno 111] Connection refused
[rosmaster.master][INFO] 2026-03-11 23:01:27,768: publisherUpdate[/tf] -> http://rera:42949/ ['http://rera:41659/', 'http://rera:35501/', 'http://rera:38813/']
[rosmaster.threadpool][ERROR] 2026-03-11 23:01:27,769: Traceback (most recent call last):
  File "/opt/ros/noetic/lib/python3/dist-packages/rosmaster/threadpool.py", line 218, in run
    result = cmd(*args)
  File "/opt/ros/noetic/lib/python3/dist-packages/rosmaster/master_api.py", line 210, in publisher_update_task
    ret = xmlrpcapi(api).publisherUpdate('/master', topic, pub_uris)
  File "/usr/lib/python3.8/xmlrpc/client.py", line 1109, in __call__
    return self.__send(self.__name, args)
  File "/usr/lib/python3.8/xmlrpc/client.py", line 1450, in __request
    response = self.__transport.request(
  File "/usr/lib/python3.8/xmlrpc/client.py", line 1153, in request
    return self.single_request(host, handler, request_body, verbose)
  File "/usr/lib/python3.8/xmlrpc/client.py", line 1165, in single_request
    http_conn = self.send_request(host, handler, request_body, verbose)
  File "/usr/lib/python3.8/xmlrpc/client.py", line 1278, in send_request
    self.send_content(connection, request_body)
  File "/usr/lib/python3.8/xmlrpc/client.py", line 1308, in send_content
    connection.endheaders(request_body)
  File "/usr/lib/python3.8/http/client.py", line 1251, in endheaders
    self._send_output(message_body, encode_chunked=encode_chunked)
  File "/usr/lib/python3.8/http/client.py", line 1011, in _send_output
    self.send(msg)
  File "/usr/lib/python3.8/http/client.py", line 951, in send
    self.connect()
  File "/usr/lib/python3.8/http/client.py", line 922, in connect
    self.sock = self._create_connection(
  File "/usr/lib/python3.8/socket.py", line 808, in create_connection
    raise err
  File "/usr/lib/python3.8/socket.py", line 796, in create_connection
    sock.connect(sa)
ConnectionRefusedError: [Errno 111] Connection refused

[rosmaster.master][INFO] 2026-03-11 23:01:27,770: publisherUpdate[/tf] -> http://rera:43459/ ['http://rera:41659/', 'http://rera:35501/', 'http://rera:38813/']
[rosmaster.master][INFO] 2026-03-11 23:01:27,768: publisherUpdate[/tf] -> http://rera:46795/ ['http://rera:41659/', 'http://rera:35501/', 'http://rera:38813/']
[rosmaster.master][INFO] 2026-03-11 23:01:27,771: publisherUpdate[/tf] -> http://rera:43459/ ['http://rera:41659/', 'http://rera:35501/', 'http://rera:38813/']: sec=0.00, exception=[Errno 111] Connection refused
[rosmaster.master][INFO] 2026-03-11 23:01:27,772: publisherUpdate[/tf] -> http://rera:42949/ ['http://rera:41659/', 'http://rera:35501/', 'http://rera:38813/']: sec=0.00, exception=[Errno 111] Connection refused
[rosmaster.threadpool][ERROR] 2026-03-11 23:01:27,773: Traceback (most recent call last):
  File "/opt/ros/noetic/lib/python3/dist-packages/rosmaster/threadpool.py", line 218, in run
    result = cmd(*args)
  File "/opt/ros/noetic/lib/python3/dist-packages/rosmaster/master_api.py", line 210, in publisher_update_task
    ret = xmlrpcapi(api).publisherUpdate('/master', topic, pub_uris)
  File "/usr/lib/python3.8/xmlrpc/client.py", line 1109, in __call__
    return self.__send(self.__name, args)
  File "/usr/lib/python3.8/xmlrpc/client.py", line 1450, in __request
    response = self.__transport.request(
  File "/usr/lib/python3.8/xmlrpc/client.py", line 1153, in request
    return self.single_request(host, handler, request_body, verbose)
  File "/usr/lib/python3.8/xmlrpc/client.py", line 1165, in single_request
    http_conn = self.send_request(host, handler, request_body, verbose)
  File "/usr/lib/python3.8/xmlrpc/client.py", line 1278, in send_request
    self.send_content(connection, request_body)
  File "/usr/lib/python3.8/xmlrpc/client.py", line 1308, in send_content
    connection.endheaders(request_body)
  File "/usr/lib/python3.8/http/client.py", line 1251, in endheaders
    self._send_output(message_body, encode_chunked=encode_chunked)
  File "/usr/lib/python3.8/http/client.py", line 1011, in _send_output
    self.send(msg)
  File "/usr/lib/python3.8/http/client.py", line 951, in send
    self.connect()
  File "/usr/lib/python3.8/http/client.py", line 922, in connect
    self.sock = self._create_connection(
  File "/usr/lib/python3.8/socket.py", line 808, in create_connection
    raise err
  File "/usr/lib/python3.8/socket.py", line 796, in create_connection
    sock.connect(sa)
ConnectionRefusedError: [Errno 111] Connection refused

[rosmaster.master][INFO] 2026-03-11 23:01:27,772: publisherUpdate[/tf] -> http://rera:46795/ ['http://rera:41659/', 'http://rera:35501/', 'http://rera:38813/']: sec=0.00, exception=[Errno 111] Connection refused
[rosmaster.master][INFO] 2026-03-11 23:01:27,773: publisherUpdate[/tf] -> http://rera:35227/ ['http://rera:41659/', 'http://rera:35501/', 'http://rera:38813/']
[rosmaster.threadpool][ERROR] 2026-03-11 23:01:27,774: Traceback (most recent call last):
  File "/opt/ros/noetic/lib/python3/dist-packages/rosmaster/threadpool.py", line 218, in run
    result = cmd(*args)
  File "/opt/ros/noetic/lib/python3/dist-packages/rosmaster/master_api.py", line 210, in publisher_update_task
    ret = xmlrpcapi(api).publisherUpdate('/master', topic, pub_uris)
  File "/usr/lib/python3.8/xmlrpc/client.py", line 1109, in __call__
    return self.__send(self.__name, args)
  File "/usr/lib/python3.8/xmlrpc/client.py", line 1450, in __request
    response = self.__transport.request(
  File "/usr/lib/python3.8/xmlrpc/client.py", line 1153, in request
    return self.single_request(host, handler, request_body, verbose)
  File "/usr/lib/python3.8/xmlrpc/client.py", line 1165, in single_request
    http_conn = self.send_request(host, handler, request_body, verbose)
  File "/usr/lib/python3.8/xmlrpc/client.py", line 1278, in send_request
    self.send_content(connection, request_body)
  File "/usr/lib/python3.8/xmlrpc/client.py", line 1308, in send_content
    connection.endheaders(request_body)
  File "/usr/lib/python3.8/http/client.py", line 1251, in endheaders
    self._send_output(message_body, encode_chunked=encode_chunked)
  File "/usr/lib/python3.8/http/client.py", line 1011, in _send_output
    self.send(msg)
  File "/usr/lib/python3.8/http/client.py", line 951, in send
    self.connect()
  File "/usr/lib/python3.8/http/client.py", line 922, in connect
    self.sock = self._create_connection(
  File "/usr/lib/python3.8/socket.py", line 808, in create_connection
    raise err
  File "/usr/lib/python3.8/socket.py", line 796, in create_connection
    sock.connect(sa)
ConnectionRefusedError: [Errno 111] Connection refused

[rosmaster.threadpool][ERROR] 2026-03-11 23:01:27,774: Traceback (most recent call last):
  File "/opt/ros/noetic/lib/python3/dist-packages/rosmaster/threadpool.py", line 218, in run
    result = cmd(*args)
  File "/opt/ros/noetic/lib/python3/dist-packages/rosmaster/master_api.py", line 210, in publisher_update_task
    ret = xmlrpcapi(api).publisherUpdate('/master', topic, pub_uris)
  File "/usr/lib/python3.8/xmlrpc/client.py", line 1109, in __call__
    return self.__send(self.__name, args)
  File "/usr/lib/python3.8/xmlrpc/client.py", line 1450, in __request
    response = self.__transport.request(
  File "/usr/lib/python3.8/xmlrpc/client.py", line 1153, in request
    return self.single_request(host, handler, request_body, verbose)
  File "/usr/lib/python3.8/xmlrpc/client.py", line 1165, in single_request
    http_conn = self.send_request(host, handler, request_body, verbose)
  File "/usr/lib/python3.8/xmlrpc/client.py", line 1278, in send_request
    self.send_content(connection, request_body)
  File "/usr/lib/python3.8/xmlrpc/client.py", line 1308, in send_content
    connection.endheaders(request_body)
  File "/usr/lib/python3.8/http/client.py", line 1251, in endheaders
    self._send_output(message_body, encode_chunked=encode_chunked)
  File "/usr/lib/python3.8/http/client.py", line 1011, in _send_output
    self.send(msg)
  File "/usr/lib/python3.8/http/client.py", line 951, in send
    self.connect()
  File "/usr/lib/python3.8/http/client.py", line 922, in connect
    self.sock = self._create_connection(
  File "/usr/lib/python3.8/socket.py", line 808, in create_connection
    raise err
  File "/usr/lib/python3.8/socket.py", line 796, in create_connection
    sock.connect(sa)
ConnectionRefusedError: [Errno 111] Connection refused

[rosmaster.master][INFO] 2026-03-11 23:01:27,776: publisherUpdate[/tf] -> http://rera:35227/ ['http://rera:41659/', 'http://rera:35501/', 'http://rera:38813/']: sec=0.00, result=[1, '', 0]
[rosmaster.master][INFO] 2026-03-11 23:01:28,173: +PUB [/rosout] /spawn_model http://rera:44583/
[rosmaster.master][INFO] 2026-03-11 23:01:28,177: +SUB [/clock] /spawn_model http://rera:44583/
[rosmaster.master][INFO] 2026-03-11 23:01:28,180: +SERVICE [/spawn_model/get_loggers] /spawn_model http://rera:44583/
[rosmaster.master][INFO] 2026-03-11 23:01:28,181: +SERVICE [/spawn_model/set_logger_level] /spawn_model http://rera:44583/
[rosmaster.master][INFO] 2026-03-11 23:01:28,182: +CACHEDPARAM [/rosout_disable_topics_generation] by /spawn_model
[rosmaster.master][INFO] 2026-03-11 23:01:28,185: +CACHEDPARAM [/rosout_disable_topics_generation] by /spawn_model
[rosmaster.master][INFO] 2026-03-11 23:01:28,449: +SERVICE [/fake_joint_calibration/get_loggers] /fake_joint_calibration http://rera:34461/
[rosmaster.master][INFO] 2026-03-11 23:01:28,451: +SERVICE [/fake_joint_calibration/set_logger_level] /fake_joint_calibration http://rera:34461/
[rosmaster.master][INFO] 2026-03-11 23:01:28,452: +PUB [/calibrated] /fake_joint_calibration http://rera:34461/
[rosmaster.master][INFO] 2026-03-11 23:01:28,499: +PUB [/rosout] /gazebo http://rera:35999/
[rosmaster.master][INFO] 2026-03-11 23:01:28,500: +SERVICE [/gazebo/get_loggers] /gazebo http://rera:35999/
[rosmaster.master][INFO] 2026-03-11 23:01:28,501: +SERVICE [/gazebo/set_logger_level] /gazebo http://rera:35999/
[rosmaster.master][INFO] 2026-03-11 23:01:28,505: +SUB [/clock] /gazebo http://rera:35999/
[rosmaster.master][INFO] 2026-03-11 23:01:28,511: +CACHEDPARAM [/rosout_disable_topics_generation] by /gazebo
[rosmaster.master][INFO] 2026-03-11 23:01:28,581: +PUB [/rosout] /gazebo_gui http://rera:39463/
[rosmaster.master][INFO] 2026-03-11 23:01:28,581: +SERVICE [/gazebo_gui/get_loggers] /gazebo_gui http://rera:39463/
[rosmaster.master][INFO] 2026-03-11 23:01:28,582: +SERVICE [/gazebo_gui/set_logger_level] /gazebo_gui http://rera:39463/
[rosmaster.master][INFO] 2026-03-11 23:01:28,585: +SUB [/clock] /gazebo_gui http://rera:39463/
[rosmaster.master][INFO] 2026-03-11 23:01:28,590: +CACHEDPARAM [/rosout_disable_topics_generation] by /gazebo_gui
[rosmaster.master][INFO] 2026-03-11 23:01:29,284: +PUB [/clock] /gazebo http://rera:35999/
[rosmaster.master][INFO] 2026-03-11 23:01:29,285: +SERVICE [/gazebo/spawn_sdf_model] /gazebo http://rera:35999/
[rosmaster.master][INFO] 2026-03-11 23:01:29,286: +SERVICE [/gazebo/spawn_urdf_model] /gazebo http://rera:35999/
[rosmaster.master][INFO] 2026-03-11 23:01:29,287: +SERVICE [/gazebo/delete_model] /gazebo http://rera:35999/
[rosmaster.master][INFO] 2026-03-11 23:01:29,288: +SERVICE [/gazebo/delete_light] /gazebo http://rera:35999/
[rosmaster.master][INFO] 2026-03-11 23:01:29,289: +SERVICE [/gazebo/get_model_properties] /gazebo http://rera:35999/
[rosmaster.master][INFO] 2026-03-11 23:01:29,290: +SERVICE [/gazebo/get_model_state] /gazebo http://rera:35999/
[rosmaster.master][INFO] 2026-03-11 23:01:29,290: +SERVICE [/gazebo/get_world_properties] /gazebo http://rera:35999/
[rosmaster.master][INFO] 2026-03-11 23:01:29,291: +SERVICE [/gazebo/get_joint_properties] /gazebo http://rera:35999/
[rosmaster.master][INFO] 2026-03-11 23:01:29,291: +SERVICE [/gazebo/get_link_properties] /gazebo http://rera:35999/
[rosmaster.master][INFO] 2026-03-11 23:01:29,292: +SERVICE [/gazebo/get_link_state] /gazebo http://rera:35999/
[rosmaster.master][INFO] 2026-03-11 23:01:29,293: +SERVICE [/gazebo/get_light_properties] /gazebo http://rera:35999/
[rosmaster.master][INFO] 2026-03-11 23:01:29,293: +SERVICE [/gazebo/set_light_properties] /gazebo http://rera:35999/
[rosmaster.master][INFO] 2026-03-11 23:01:29,294: +SERVICE [/gazebo/get_physics_properties] /gazebo http://rera:35999/
[rosmaster.master][INFO] 2026-03-11 23:01:29,294: +PUB [/gazebo/link_states] /gazebo http://rera:35999/
[rosmaster.master][INFO] 2026-03-11 23:01:29,295: +PUB [/gazebo/model_states] /gazebo http://rera:35999/
[rosmaster.master][INFO] 2026-03-11 23:01:29,295: +PUB [/gazebo/performance_metrics] /gazebo http://rera:35999/
[rosmaster.master][INFO] 2026-03-11 23:01:29,295: +SERVICE [/gazebo/set_link_properties] /gazebo http://rera:35999/
[rosmaster.master][INFO] 2026-03-11 23:01:29,296: +SERVICE [/gazebo/set_physics_properties] /gazebo http://rera:35999/
[rosmaster.master][INFO] 2026-03-11 23:01:29,297: +SERVICE [/gazebo/set_model_state] /gazebo http://rera:35999/
[rosmaster.master][INFO] 2026-03-11 23:01:29,298: +SERVICE [/gazebo/set_model_configuration] /gazebo http://rera:35999/
[rosmaster.master][INFO] 2026-03-11 23:01:29,299: +SERVICE [/gazebo/set_joint_properties] /gazebo http://rera:35999/
[rosmaster.master][INFO] 2026-03-11 23:01:29,300: +SERVICE [/gazebo/set_link_state] /gazebo http://rera:35999/
[rosmaster.master][INFO] 2026-03-11 23:01:29,302: +SUB [/gazebo/set_link_state] /gazebo http://rera:35999/
[rosmaster.master][INFO] 2026-03-11 23:01:29,305: +SERVICE [/gazebo/set_parameters] /gazebo http://rera:35999/
[rosmaster.master][INFO] 2026-03-11 23:01:29,306: +SUB [/gazebo/set_model_state] /gazebo http://rera:35999/
[rosmaster.master][INFO] 2026-03-11 23:01:29,307: +SERVICE [/gazebo/pause_physics] /gazebo http://rera:35999/
[rosmaster.master][INFO] 2026-03-11 23:01:29,308: +PUB [/gazebo/parameter_descriptions] /gazebo http://rera:35999/
[rosmaster.master][INFO] 2026-03-11 23:01:29,308: +SERVICE [/gazebo/unpause_physics] /gazebo http://rera:35999/
[rosmaster.master][INFO] 2026-03-11 23:01:29,309: +PUB [/gazebo/parameter_updates] /gazebo http://rera:35999/
[rosmaster.master][INFO] 2026-03-11 23:01:29,309: +SERVICE [/gazebo/apply_body_wrench] /gazebo http://rera:35999/
[rosmaster.master][INFO] 2026-03-11 23:01:29,310: +SERVICE [/gazebo/apply_joint_effort] /gazebo http://rera:35999/
[rosmaster.master][INFO] 2026-03-11 23:01:29,311: +SERVICE [/gazebo/clear_joint_forces] /gazebo http://rera:35999/
[rosmaster.master][INFO] 2026-03-11 23:01:29,312: +SERVICE [/gazebo/clear_body_wrenches] /gazebo http://rera:35999/
[rosmaster.master][INFO] 2026-03-11 23:01:29,313: +SERVICE [/gazebo/reset_simulation] /gazebo http://rera:35999/
[rosmaster.master][INFO] 2026-03-11 23:01:29,314: +SERVICE [/gazebo/reset_world] /gazebo http://rera:35999/
[rosmaster.master][INFO] 2026-03-11 23:01:29,319: +PARAM [/gazebo/time_step] by /gazebo
[rosmaster.master][INFO] 2026-03-11 23:01:29,320: +PARAM [/gazebo/max_update_rate] by /gazebo
[rosmaster.master][INFO] 2026-03-11 23:01:29,321: +PARAM [/gazebo/gravity_x] by /gazebo
[rosmaster.master][INFO] 2026-03-11 23:01:29,321: +PARAM [/gazebo/gravity_y] by /gazebo
[rosmaster.master][INFO] 2026-03-11 23:01:29,322: +PARAM [/gazebo/gravity_z] by /gazebo
[rosmaster.master][INFO] 2026-03-11 23:01:29,324: +PARAM [/gazebo/auto_disable_bodies] by /gazebo
[rosmaster.master][INFO] 2026-03-11 23:01:29,325: +PARAM [/gazebo/sor_pgs_precon_iters] by /gazebo
[rosmaster.master][INFO] 2026-03-11 23:01:29,327: +PARAM [/gazebo/sor_pgs_iters] by /gazebo
[rosmaster.master][INFO] 2026-03-11 23:01:29,328: +PARAM [/gazebo/sor_pgs_w] by /gazebo
[rosmaster.master][INFO] 2026-03-11 23:01:29,328: +PARAM [/gazebo/sor_pgs_rms_error_tol] by /gazebo
[rosmaster.master][INFO] 2026-03-11 23:01:29,329: +PARAM [/gazebo/cfm] by /gazebo
[rosmaster.master][INFO] 2026-03-11 23:01:29,329: +PARAM [/gazebo/erp] by /gazebo
[rosmaster.master][INFO] 2026-03-11 23:01:29,330: +PARAM [/gazebo/contact_surface_layer] by /gazebo
[rosmaster.master][INFO] 2026-03-11 23:01:29,330: +PARAM [/gazebo/contact_max_correcting_vel] by /gazebo
[rosmaster.master][INFO] 2026-03-11 23:01:29,331: +PARAM [/gazebo/max_contacts] by /gazebo
[rosmaster.master][INFO] 2026-03-11 23:01:29,338: +PARAM [/gazebo/time_step] by /gazebo
[rosmaster.master][INFO] 2026-03-11 23:01:29,339: +PARAM [/gazebo/max_update_rate] by /gazebo
[rosmaster.master][INFO] 2026-03-11 23:01:29,339: +PARAM [/gazebo/gravity_x] by /gazebo
[rosmaster.master][INFO] 2026-03-11 23:01:29,340: +PARAM [/gazebo/gravity_y] by /gazebo
[rosmaster.master][INFO] 2026-03-11 23:01:29,340: +PARAM [/gazebo/gravity_z] by /gazebo
[rosmaster.master][INFO] 2026-03-11 23:01:29,341: +PARAM [/gazebo/auto_disable_bodies] by /gazebo
[rosmaster.master][INFO] 2026-03-11 23:01:29,341: +PARAM [/gazebo/sor_pgs_precon_iters] by /gazebo
[rosmaster.master][INFO] 2026-03-11 23:01:29,342: +PARAM [/gazebo/sor_pgs_iters] by /gazebo
[rosmaster.master][INFO] 2026-03-11 23:01:29,342: +PARAM [/gazebo/sor_pgs_w] by /gazebo
[rosmaster.master][INFO] 2026-03-11 23:01:29,343: +PARAM [/gazebo/sor_pgs_rms_error_tol] by /gazebo
[rosmaster.master][INFO] 2026-03-11 23:01:29,343: +PARAM [/gazebo/cfm] by /gazebo
[rosmaster.master][INFO] 2026-03-11 23:01:29,343: +PARAM [/gazebo/erp] by /gazebo
[rosmaster.master][INFO] 2026-03-11 23:01:29,344: +PARAM [/gazebo/contact_surface_layer] by /gazebo
[rosmaster.master][INFO] 2026-03-11 23:01:29,344: +PARAM [/gazebo/contact_max_correcting_vel] by /gazebo
[rosmaster.master][INFO] 2026-03-11 23:01:29,345: +PARAM [/gazebo/max_contacts] by /gazebo
[rosmaster.master][INFO] 2026-03-11 23:01:29,380: publisherUpdate[/clock] -> http://rera:39197/ ['http://rera:35999/']
[rosmaster.master][INFO] 2026-03-11 23:01:29,380: publisherUpdate[/clock] -> http://rera:38007/ ['http://rera:35999/']
[rosmaster.master][INFO] 2026-03-11 23:01:29,381: publisherUpdate[/clock] -> http://rera:39197/ ['http://rera:35999/']: sec=0.00, exception=[Errno 111] Connection refused
[rosmaster.master][INFO] 2026-03-11 23:01:29,381: publisherUpdate[/clock] -> http://rera:46795/ ['http://rera:35999/']
[rosmaster.threadpool][ERROR] 2026-03-11 23:01:29,382: Traceback (most recent call last):
  File "/opt/ros/noetic/lib/python3/dist-packages/rosmaster/threadpool.py", line 218, in run
    result = cmd(*args)
  File "/opt/ros/noetic/lib/python3/dist-packages/rosmaster/master_api.py", line 210, in publisher_update_task
    ret = xmlrpcapi(api).publisherUpdate('/master', topic, pub_uris)
  File "/usr/lib/python3.8/xmlrpc/client.py", line 1109, in __call__
    return self.__send(self.__name, args)
  File "/usr/lib/python3.8/xmlrpc/client.py", line 1450, in __request
    response = self.__transport.request(
  File "/usr/lib/python3.8/xmlrpc/client.py", line 1153, in request
    return self.single_request(host, handler, request_body, verbose)
  File "/usr/lib/python3.8/xmlrpc/client.py", line 1165, in single_request
    http_conn = self.send_request(host, handler, request_body, verbose)
  File "/usr/lib/python3.8/xmlrpc/client.py", line 1278, in send_request
    self.send_content(connection, request_body)
  File "/usr/lib/python3.8/xmlrpc/client.py", line 1308, in send_content
    connection.endheaders(request_body)
  File "/usr/lib/python3.8/http/client.py", line 1251, in endheaders
    self._send_output(message_body, encode_chunked=encode_chunked)
  File "/usr/lib/python3.8/http/client.py", line 1011, in _send_output
    self.send(msg)
  File "/usr/lib/python3.8/http/client.py", line 951, in send
    self.connect()
  File "/usr/lib/python3.8/http/client.py", line 922, in connect
    self.sock = self._create_connection(
  File "/usr/lib/python3.8/socket.py", line 808, in create_connection
    raise err
  File "/usr/lib/python3.8/socket.py", line 796, in create_connection
    sock.connect(sa)
ConnectionRefusedError: [Errno 111] Connection refused

[rosmaster.master][INFO] 2026-03-11 23:01:29,382: publisherUpdate[/clock] -> http://rera:37135/ ['http://rera:35999/']
[rosmaster.master][INFO] 2026-03-11 23:01:29,382: publisherUpdate[/clock] -> http://rera:38007/ ['http://rera:35999/']: sec=0.00, exception=[Errno 111] Connection refused
[rosmaster.master][INFO] 2026-03-11 23:01:29,382: publisherUpdate[/clock] -> http://rera:46795/ ['http://rera:35999/']: sec=0.00, exception=[Errno 111] Connection refused
[rosmaster.master][INFO] 2026-03-11 23:01:29,383: publisherUpdate[/clock] -> http://rera:37135/ ['http://rera:35999/']: sec=0.00, exception=[Errno 111] Connection refused
[rosmaster.threadpool][ERROR] 2026-03-11 23:01:29,384: Traceback (most recent call last):
  File "/opt/ros/noetic/lib/python3/dist-packages/rosmaster/threadpool.py", line 218, in run
    result = cmd(*args)
  File "/opt/ros/noetic/lib/python3/dist-packages/rosmaster/master_api.py", line 210, in publisher_update_task
    ret = xmlrpcapi(api).publisherUpdate('/master', topic, pub_uris)
  File "/usr/lib/python3.8/xmlrpc/client.py", line 1109, in __call__
    return self.__send(self.__name, args)
  File "/usr/lib/python3.8/xmlrpc/client.py", line 1450, in __request
    response = self.__transport.request(
  File "/usr/lib/python3.8/xmlrpc/client.py", line 1153, in request
    return self.single_request(host, handler, request_body, verbose)
  File "/usr/lib/python3.8/xmlrpc/client.py", line 1165, in single_request
    http_conn = self.send_request(host, handler, request_body, verbose)
  File "/usr/lib/python3.8/xmlrpc/client.py", line 1278, in send_request
    self.send_content(connection, request_body)
  File "/usr/lib/python3.8/xmlrpc/client.py", line 1308, in send_content
    connection.endheaders(request_body)
  File "/usr/lib/python3.8/http/client.py", line 1251, in endheaders
    self._send_output(message_body, encode_chunked=encode_chunked)
  File "/usr/lib/python3.8/http/client.py", line 1011, in _send_output
    self.send(msg)
  File "/usr/lib/python3.8/http/client.py", line 951, in send
    self.connect()
  File "/usr/lib/python3.8/http/client.py", line 922, in connect
    self.sock = self._create_connection(
  File "/usr/lib/python3.8/socket.py", line 808, in create_connection
    raise err
  File "/usr/lib/python3.8/socket.py", line 796, in create_connection
    sock.connect(sa)
ConnectionRefusedError: [Errno 111] Connection refused

[rosmaster.threadpool][ERROR] 2026-03-11 23:01:29,384: Traceback (most recent call last):
  File "/opt/ros/noetic/lib/python3/dist-packages/rosmaster/threadpool.py", line 218, in run
    result = cmd(*args)
  File "/opt/ros/noetic/lib/python3/dist-packages/rosmaster/master_api.py", line 210, in publisher_update_task
    ret = xmlrpcapi(api).publisherUpdate('/master', topic, pub_uris)
  File "/usr/lib/python3.8/xmlrpc/client.py", line 1109, in __call__
    return self.__send(self.__name, args)
  File "/usr/lib/python3.8/xmlrpc/client.py", line 1450, in __request
    response = self.__transport.request(
  File "/usr/lib/python3.8/xmlrpc/client.py", line 1153, in request
    return self.single_request(host, handler, request_body, verbose)
  File "/usr/lib/python3.8/xmlrpc/client.py", line 1165, in single_request
    http_conn = self.send_request(host, handler, request_body, verbose)
  File "/usr/lib/python3.8/xmlrpc/client.py", line 1278, in send_request
    self.send_content(connection, request_body)
  File "/usr/lib/python3.8/xmlrpc/client.py", line 1308, in send_content
    connection.endheaders(request_body)
  File "/usr/lib/python3.8/http/client.py", line 1251, in endheaders
    self._send_output(message_body, encode_chunked=encode_chunked)
  File "/usr/lib/python3.8/http/client.py", line 1011, in _send_output
    self.send(msg)
  File "/usr/lib/python3.8/http/client.py", line 951, in send
    self.connect()
  File "/usr/lib/python3.8/http/client.py", line 922, in connect
    self.sock = self._create_connection(
  File "/usr/lib/python3.8/socket.py", line 808, in create_connection
    raise err
  File "/usr/lib/python3.8/socket.py", line 796, in create_connection
    sock.connect(sa)
ConnectionRefusedError: [Errno 111] Connection refused

[rosmaster.threadpool][ERROR] 2026-03-11 23:01:29,384: Traceback (most recent call last):
  File "/opt/ros/noetic/lib/python3/dist-packages/rosmaster/threadpool.py", line 218, in run
    result = cmd(*args)
  File "/opt/ros/noetic/lib/python3/dist-packages/rosmaster/master_api.py", line 210, in publisher_update_task
    ret = xmlrpcapi(api).publisherUpdate('/master', topic, pub_uris)
  File "/usr/lib/python3.8/xmlrpc/client.py", line 1109, in __call__
    return self.__send(self.__name, args)
  File "/usr/lib/python3.8/xmlrpc/client.py", line 1450, in __request
    response = self.__transport.request(
  File "/usr/lib/python3.8/xmlrpc/client.py", line 1153, in request
    return self.single_request(host, handler, request_body, verbose)
  File "/usr/lib/python3.8/xmlrpc/client.py", line 1165, in single_request
    http_conn = self.send_request(host, handler, request_body, verbose)
  File "/usr/lib/python3.8/xmlrpc/client.py", line 1278, in send_request
    self.send_content(connection, request_body)
  File "/usr/lib/python3.8/xmlrpc/client.py", line 1308, in send_content
    connection.endheaders(request_body)
  File "/usr/lib/python3.8/http/client.py", line 1251, in endheaders
    self._send_output(message_body, encode_chunked=encode_chunked)
  File "/usr/lib/python3.8/http/client.py", line 1011, in _send_output
    self.send(msg)
  File "/usr/lib/python3.8/http/client.py", line 951, in send
    self.connect()
  File "/usr/lib/python3.8/http/client.py", line 922, in connect
    self.sock = self._create_connection(
  File "/usr/lib/python3.8/socket.py", line 808, in create_connection
    raise err
  File "/usr/lib/python3.8/socket.py", line 796, in create_connection
    sock.connect(sa)
ConnectionRefusedError: [Errno 111] Connection refused

[rosmaster.master][INFO] 2026-03-11 23:01:29,384: publisherUpdate[/clock] -> http://rera:41659/ ['http://rera:35999/']
[rosmaster.master][INFO] 2026-03-11 23:01:29,385: publisherUpdate[/clock] -> http://rera:42949/ ['http://rera:35999/']
[rosmaster.master][INFO] 2026-03-11 23:01:29,385: publisherUpdate[/clock] -> http://rera:43459/ ['http://rera:35999/']
[rosmaster.master][INFO] 2026-03-11 23:01:29,385: publisherUpdate[/clock] -> http://rera:41659/ ['http://rera:35999/']: sec=0.00, exception=[Errno 111] Connection refused
[rosmaster.master][INFO] 2026-03-11 23:01:29,386: publisherUpdate[/clock] -> http://rera:42949/ ['http://rera:35999/']: sec=0.00, exception=[Errno 111] Connection refused
[rosmaster.master][INFO] 2026-03-11 23:01:29,386: publisherUpdate[/clock] -> http://rera:43459/ ['http://rera:35999/']: sec=0.00, exception=[Errno 111] Connection refused
[rosmaster.threadpool][ERROR] 2026-03-11 23:01:29,387: Traceback (most recent call last):
  File "/opt/ros/noetic/lib/python3/dist-packages/rosmaster/threadpool.py", line 218, in run
    result = cmd(*args)
  File "/opt/ros/noetic/lib/python3/dist-packages/rosmaster/master_api.py", line 210, in publisher_update_task
    ret = xmlrpcapi(api).publisherUpdate('/master', topic, pub_uris)
  File "/usr/lib/python3.8/xmlrpc/client.py", line 1109, in __call__
    return self.__send(self.__name, args)
  File "/usr/lib/python3.8/xmlrpc/client.py", line 1450, in __request
    response = self.__transport.request(
  File "/usr/lib/python3.8/xmlrpc/client.py", line 1153, in request
    return self.single_request(host, handler, request_body, verbose)
  File "/usr/lib/python3.8/xmlrpc/client.py", line 1165, in single_request
    http_conn = self.send_request(host, handler, request_body, verbose)
  File "/usr/lib/python3.8/xmlrpc/client.py", line 1278, in send_request
    self.send_content(connection, request_body)
  File "/usr/lib/python3.8/xmlrpc/client.py", line 1308, in send_content
    connection.endheaders(request_body)
  File "/usr/lib/python3.8/http/client.py", line 1251, in endheaders
    self._send_output(message_body, encode_chunked=encode_chunked)
  File "/usr/lib/python3.8/http/client.py", line 1011, in _send_output
    self.send(msg)
  File "/usr/lib/python3.8/http/client.py", line 951, in send
    self.connect()
  File "/usr/lib/python3.8/http/client.py", line 922, in connect
    self.sock = self._create_connection(
  File "/usr/lib/python3.8/socket.py", line 808, in create_connection
    raise err
  File "/usr/lib/python3.8/socket.py", line 796, in create_connection
    sock.connect(sa)
ConnectionRefusedError: [Errno 111] Connection refused

[rosmaster.master][INFO] 2026-03-11 23:01:29,388: publisherUpdate[/clock] -> http://rera:35227/ ['http://rera:35999/']
[rosmaster.threadpool][ERROR] 2026-03-11 23:01:29,387: Traceback (most recent call last):
  File "/opt/ros/noetic/lib/python3/dist-packages/rosmaster/threadpool.py", line 218, in run
    result = cmd(*args)
  File "/opt/ros/noetic/lib/python3/dist-packages/rosmaster/master_api.py", line 210, in publisher_update_task
    ret = xmlrpcapi(api).publisherUpdate('/master', topic, pub_uris)
  File "/usr/lib/python3.8/xmlrpc/client.py", line 1109, in __call__
    return self.__send(self.__name, args)
  File "/usr/lib/python3.8/xmlrpc/client.py", line 1450, in __request
    response = self.__transport.request(
  File "/usr/lib/python3.8/xmlrpc/client.py", line 1153, in request
    return self.single_request(host, handler, request_body, verbose)
  File "/usr/lib/python3.8/xmlrpc/client.py", line 1165, in single_request
    http_conn = self.send_request(host, handler, request_body, verbose)
  File "/usr/lib/python3.8/xmlrpc/client.py", line 1278, in send_request
    self.send_content(connection, request_body)
  File "/usr/lib/python3.8/xmlrpc/client.py", line 1308, in send_content
    connection.endheaders(request_body)
  File "/usr/lib/python3.8/http/client.py", line 1251, in endheaders
    self._send_output(message_body, encode_chunked=encode_chunked)
  File "/usr/lib/python3.8/http/client.py", line 1011, in _send_output
    self.send(msg)
  File "/usr/lib/python3.8/http/client.py", line 951, in send
    self.connect()
  File "/usr/lib/python3.8/http/client.py", line 922, in connect
    self.sock = self._create_connection(
  File "/usr/lib/python3.8/socket.py", line 808, in create_connection
    raise err
  File "/usr/lib/python3.8/socket.py", line 796, in create_connection
    sock.connect(sa)
ConnectionRefusedError: [Errno 111] Connection refused

[rosmaster.threadpool][ERROR] 2026-03-11 23:01:29,388: Traceback (most recent call last):
  File "/opt/ros/noetic/lib/python3/dist-packages/rosmaster/threadpool.py", line 218, in run
    result = cmd(*args)
  File "/opt/ros/noetic/lib/python3/dist-packages/rosmaster/master_api.py", line 210, in publisher_update_task
    ret = xmlrpcapi(api).publisherUpdate('/master', topic, pub_uris)
  File "/usr/lib/python3.8/xmlrpc/client.py", line 1109, in __call__
    return self.__send(self.__name, args)
  File "/usr/lib/python3.8/xmlrpc/client.py", line 1450, in __request
    response = self.__transport.request(
  File "/usr/lib/python3.8/xmlrpc/client.py", line 1153, in request
    return self.single_request(host, handler, request_body, verbose)
  File "/usr/lib/python3.8/xmlrpc/client.py", line 1165, in single_request
    http_conn = self.send_request(host, handler, request_body, verbose)
  File "/usr/lib/python3.8/xmlrpc/client.py", line 1278, in send_request
    self.send_content(connection, request_body)
  File "/usr/lib/python3.8/xmlrpc/client.py", line 1308, in send_content
    connection.endheaders(request_body)
  File "/usr/lib/python3.8/http/client.py", line 1251, in endheaders
    self._send_output(message_body, encode_chunked=encode_chunked)
  File "/usr/lib/python3.8/http/client.py", line 1011, in _send_output
    self.send(msg)
  File "/usr/lib/python3.8/http/client.py", line 951, in send
    self.connect()
  File "/usr/lib/python3.8/http/client.py", line 922, in connect
    self.sock = self._create_connection(
  File "/usr/lib/python3.8/socket.py", line 808, in create_connection
    raise err
  File "/usr/lib/python3.8/socket.py", line 796, in create_connection
    sock.connect(sa)
ConnectionRefusedError: [Errno 111] Connection refused

[rosmaster.master][INFO] 2026-03-11 23:01:29,388: publisherUpdate[/clock] -> http://rera:35501/ ['http://rera:35999/']
[rosmaster.master][INFO] 2026-03-11 23:01:29,389: publisherUpdate[/clock] -> http://rera:35227/ ['http://rera:35999/']: sec=0.00, exception=[Errno 111] Connection refused
[rosmaster.master][INFO] 2026-03-11 23:01:29,389: publisherUpdate[/clock] -> http://rera:38813/ ['http://rera:35999/']
[rosmaster.threadpool][ERROR] 2026-03-11 23:01:29,390: Traceback (most recent call last):
  File "/opt/ros/noetic/lib/python3/dist-packages/rosmaster/threadpool.py", line 218, in run
    result = cmd(*args)
  File "/opt/ros/noetic/lib/python3/dist-packages/rosmaster/master_api.py", line 210, in publisher_update_task
    ret = xmlrpcapi(api).publisherUpdate('/master', topic, pub_uris)
  File "/usr/lib/python3.8/xmlrpc/client.py", line 1109, in __call__
    return self.__send(self.__name, args)
  File "/usr/lib/python3.8/xmlrpc/client.py", line 1450, in __request
    response = self.__transport.request(
  File "/usr/lib/python3.8/xmlrpc/client.py", line 1153, in request
    return self.single_request(host, handler, request_body, verbose)
  File "/usr/lib/python3.8/xmlrpc/client.py", line 1165, in single_request
    http_conn = self.send_request(host, handler, request_body, verbose)
  File "/usr/lib/python3.8/xmlrpc/client.py", line 1278, in send_request
    self.send_content(connection, request_body)
  File "/usr/lib/python3.8/xmlrpc/client.py", line 1308, in send_content
    connection.endheaders(request_body)
  File "/usr/lib/python3.8/http/client.py", line 1251, in endheaders
    self._send_output(message_body, encode_chunked=encode_chunked)
  File "/usr/lib/python3.8/http/client.py", line 1011, in _send_output
    self.send(msg)
  File "/usr/lib/python3.8/http/client.py", line 951, in send
    self.connect()
  File "/usr/lib/python3.8/http/client.py", line 922, in connect
    self.sock = self._create_connection(
  File "/usr/lib/python3.8/socket.py", line 808, in create_connection
    raise err
  File "/usr/lib/python3.8/socket.py", line 796, in create_connection
    sock.connect(sa)
ConnectionRefusedError: [Errno 111] Connection refused

[rosmaster.master][INFO] 2026-03-11 23:01:29,390: publisherUpdate[/clock] -> http://rera:44583/ ['http://rera:35999/']
[rosmaster.master][INFO] 2026-03-11 23:01:29,391: publisherUpdate[/clock] -> http://rera:35501/ ['http://rera:35999/']: sec=0.00, result=[1, '', 0]
[rosmaster.master][INFO] 2026-03-11 23:01:29,391: publisherUpdate[/clock] -> http://rera:35999/ ['http://rera:35999/']
[rosmaster.master][INFO] 2026-03-11 23:01:29,392: publisherUpdate[/clock] -> http://rera:38813/ ['http://rera:35999/']: sec=0.00, result=[1, '', 0]
[rosmaster.master][INFO] 2026-03-11 23:01:29,392: publisherUpdate[/clock] -> http://rera:39463/ ['http://rera:35999/']
[rosmaster.master][INFO] 2026-03-11 23:01:29,393: publisherUpdate[/clock] -> http://rera:44583/ ['http://rera:35999/']: sec=0.00, result=[1, '', 0]
[rosmaster.master][INFO] 2026-03-11 23:01:29,393: publisherUpdate[/clock] -> http://rera:35999/ ['http://rera:35999/']: sec=0.00, result=[1, '', 0]
[rosmaster.master][INFO] 2026-03-11 23:01:29,394: publisherUpdate[/clock] -> http://rera:39463/ ['http://rera:35999/']: sec=0.00, result=[1, '', 0]
[rosmaster.master][INFO] 2026-03-11 23:01:29,397: +CACHEDPARAM [/rosout_disable_topics_generation] by /spawn_model
[rosmaster.master][INFO] 2026-03-11 23:01:30,243: -PUB [/calibrated] /fake_joint_calibration http://rera:34461/
[rosmaster.master][INFO] 2026-03-11 23:01:30,243: -SERVICE [/fake_joint_calibration/get_loggers] /fake_joint_calibration rosrpc://rera:40839
[rosmaster.master][INFO] 2026-03-11 23:01:30,243: -SERVICE [/fake_joint_calibration/set_logger_level] /fake_joint_calibration rosrpc://rera:40839
[rosmaster.master][INFO] 2026-03-11 23:01:30,244: -SUB [/clock] /spawn_model http://rera:44583/
[rosmaster.master][INFO] 2026-03-11 23:01:30,244: -PUB [/rosout] /spawn_model http://rera:44583/
[rosmaster.master][INFO] 2026-03-11 23:01:30,244: -SERVICE [/spawn_model/get_loggers] /spawn_model rosrpc://rera:39011
[rosmaster.master][INFO] 2026-03-11 23:01:30,244: -SERVICE [/spawn_model/set_logger_level] /spawn_model rosrpc://rera:39011
[rosmaster.master][INFO] 2026-03-11 23:01:30,394: -PUB [/rosout] /tf_footprint_base http://rera:35501/
[rosmaster.master][INFO] 2026-03-11 23:01:30,395: -PUB [/tf] /tf_footprint_base http://rera:35501/
[rosmaster.master][INFO] 2026-03-11 23:01:30,396: -SUB [/clock] /tf_footprint_base http://rera:35501/
[rosmaster.master][INFO] 2026-03-11 23:01:30,396: publisherUpdate[/tf] -> http://rera:39197/ ['http://rera:41659/', 'http://rera:38813/']
[rosmaster.master][INFO] 2026-03-11 23:01:30,396: -PUB [/rosout] /tf_body_footprint http://rera:38813/
[rosmaster.master][INFO] 2026-03-11 23:01:30,397: publisherUpdate[/tf] -> http://rera:38007/ ['http://rera:41659/', 'http://rera:38813/']
[rosmaster.master][INFO] 2026-03-11 23:01:30,398: -SERVICE [/tf_footprint_base/get_loggers] /tf_footprint_base rosrpc://rera:37231
[rosmaster.master][INFO] 2026-03-11 23:01:30,399: publisherUpdate[/tf] -> http://rera:46795/ ['http://rera:41659/', 'http://rera:38813/']
[rosmaster.master][INFO] 2026-03-11 23:01:30,399: publisherUpdate[/tf] -> http://rera:39197/ ['http://rera:41659/', 'http://rera:38813/']: sec=0.00, exception=[Errno 111] Connection refused
[rosmaster.master][INFO] 2026-03-11 23:01:30,399: -PUB [/tf] /tf_body_footprint http://rera:38813/
[rosmaster.master][INFO] 2026-03-11 23:01:30,400: publisherUpdate[/tf] -> http://rera:38007/ ['http://rera:41659/', 'http://rera:38813/']: sec=0.00, exception=[Errno 111] Connection refused
[rosmaster.master][INFO] 2026-03-11 23:01:30,400: publisherUpdate[/tf] -> http://rera:46795/ ['http://rera:41659/', 'http://rera:38813/']: sec=0.00, exception=[Errno 111] Connection refused
[rosmaster.threadpool][ERROR] 2026-03-11 23:01:30,401: Traceback (most recent call last):
  File "/opt/ros/noetic/lib/python3/dist-packages/rosmaster/threadpool.py", line 218, in run
    result = cmd(*args)
  File "/opt/ros/noetic/lib/python3/dist-packages/rosmaster/master_api.py", line 210, in publisher_update_task
    ret = xmlrpcapi(api).publisherUpdate('/master', topic, pub_uris)
  File "/usr/lib/python3.8/xmlrpc/client.py", line 1109, in __call__
    return self.__send(self.__name, args)
  File "/usr/lib/python3.8/xmlrpc/client.py", line 1450, in __request
    response = self.__transport.request(
  File "/usr/lib/python3.8/xmlrpc/client.py", line 1153, in request
    return self.single_request(host, handler, request_body, verbose)
  File "/usr/lib/python3.8/xmlrpc/client.py", line 1165, in single_request
    http_conn = self.send_request(host, handler, request_body, verbose)
  File "/usr/lib/python3.8/xmlrpc/client.py", line 1278, in send_request
    self.send_content(connection, request_body)
  File "/usr/lib/python3.8/xmlrpc/client.py", line 1308, in send_content
    connection.endheaders(request_body)
  File "/usr/lib/python3.8/http/client.py", line 1251, in endheaders
    self._send_output(message_body, encode_chunked=encode_chunked)
  File "/usr/lib/python3.8/http/client.py", line 1011, in _send_output
    self.send(msg)
  File "/usr/lib/python3.8/http/client.py", line 951, in send
    self.connect()
  File "/usr/lib/python3.8/http/client.py", line 922, in connect
    self.sock = self._create_connection(
  File "/usr/lib/python3.8/socket.py", line 808, in create_connection
    raise err
  File "/usr/lib/python3.8/socket.py", line 796, in create_connection
    sock.connect(sa)
ConnectionRefusedError: [Errno 111] Connection refused

[rosmaster.master][INFO] 2026-03-11 23:01:30,402: publisherUpdate[/tf] -> http://rera:42949/ ['http://rera:41659/', 'http://rera:38813/']
[rosmaster.master][INFO] 2026-03-11 23:01:30,402: -SERVICE [/tf_footprint_base/set_logger_level] /tf_footprint_base rosrpc://rera:37231
[rosmaster.threadpool][ERROR] 2026-03-11 23:01:30,402: Traceback (most recent call last):
  File "/opt/ros/noetic/lib/python3/dist-packages/rosmaster/threadpool.py", line 218, in run
    result = cmd(*args)
  File "/opt/ros/noetic/lib/python3/dist-packages/rosmaster/master_api.py", line 210, in publisher_update_task
    ret = xmlrpcapi(api).publisherUpdate('/master', topic, pub_uris)
  File "/usr/lib/python3.8/xmlrpc/client.py", line 1109, in __call__
    return self.__send(self.__name, args)
  File "/usr/lib/python3.8/xmlrpc/client.py", line 1450, in __request
    response = self.__transport.request(
  File "/usr/lib/python3.8/xmlrpc/client.py", line 1153, in request
    return self.single_request(host, handler, request_body, verbose)
  File "/usr/lib/python3.8/xmlrpc/client.py", line 1165, in single_request
    http_conn = self.send_request(host, handler, request_body, verbose)
  File "/usr/lib/python3.8/xmlrpc/client.py", line 1278, in send_request
    self.send_content(connection, request_body)
  File "/usr/lib/python3.8/xmlrpc/client.py", line 1308, in send_content
    connection.endheaders(request_body)
  File "/usr/lib/python3.8/http/client.py", line 1251, in endheaders
    self._send_output(message_body, encode_chunked=encode_chunked)
  File "/usr/lib/python3.8/http/client.py", line 1011, in _send_output
    self.send(msg)
  File "/usr/lib/python3.8/http/client.py", line 951, in send
    self.connect()
  File "/usr/lib/python3.8/http/client.py", line 922, in connect
    self.sock = self._create_connection(
  File "/usr/lib/python3.8/socket.py", line 808, in create_connection
    raise err
  File "/usr/lib/python3.8/socket.py", line 796, in create_connection
    sock.connect(sa)
ConnectionRefusedError: [Errno 111] Connection refused

[rosmaster.threadpool][ERROR] 2026-03-11 23:01:30,403: Traceback (most recent call last):
  File "/opt/ros/noetic/lib/python3/dist-packages/rosmaster/threadpool.py", line 218, in run
    result = cmd(*args)
  File "/opt/ros/noetic/lib/python3/dist-packages/rosmaster/master_api.py", line 210, in publisher_update_task
    ret = xmlrpcapi(api).publisherUpdate('/master', topic, pub_uris)
  File "/usr/lib/python3.8/xmlrpc/client.py", line 1109, in __call__
    return self.__send(self.__name, args)
  File "/usr/lib/python3.8/xmlrpc/client.py", line 1450, in __request
    response = self.__transport.request(
  File "/usr/lib/python3.8/xmlrpc/client.py", line 1153, in request
    return self.single_request(host, handler, request_body, verbose)
  File "/usr/lib/python3.8/xmlrpc/client.py", line 1165, in single_request
    http_conn = self.send_request(host, handler, request_body, verbose)
  File "/usr/lib/python3.8/xmlrpc/client.py", line 1278, in send_request
    self.send_content(connection, request_body)
  File "/usr/lib/python3.8/xmlrpc/client.py", line 1308, in send_content
    connection.endheaders(request_body)
  File "/usr/lib/python3.8/http/client.py", line 1251, in endheaders
    self._send_output(message_body, encode_chunked=encode_chunked)
  File "/usr/lib/python3.8/http/client.py", line 1011, in _send_output
    self.send(msg)
  File "/usr/lib/python3.8/http/client.py", line 951, in send
    self.connect()
  File "/usr/lib/python3.8/http/client.py", line 922, in connect
    self.sock = self._create_connection(
  File "/usr/lib/python3.8/socket.py", line 808, in create_connection
    raise err
  File "/usr/lib/python3.8/socket.py", line 796, in create_connection
    sock.connect(sa)
ConnectionRefusedError: [Errno 111] Connection refused

[rosmaster.master][INFO] 2026-03-11 23:01:30,403: publisherUpdate[/tf] -> http://rera:42949/ ['http://rera:41659/', 'http://rera:38813/']: sec=0.00, exception=[Errno 111] Connection refused
[rosmaster.master][INFO] 2026-03-11 23:01:30,403: -SUB [/clock] /tf_body_footprint http://rera:38813/
[rosmaster.master][INFO] 2026-03-11 23:01:30,403: publisherUpdate[/tf] -> http://rera:43459/ ['http://rera:41659/', 'http://rera:38813/']
[rosmaster.master][INFO] 2026-03-11 23:01:30,403: publisherUpdate[/tf] -> http://rera:35227/ ['http://rera:41659/', 'http://rera:38813/']
[rosmaster.threadpool][ERROR] 2026-03-11 23:01:30,404: Traceback (most recent call last):
  File "/opt/ros/noetic/lib/python3/dist-packages/rosmaster/threadpool.py", line 218, in run
    result = cmd(*args)
  File "/opt/ros/noetic/lib/python3/dist-packages/rosmaster/master_api.py", line 210, in publisher_update_task
    ret = xmlrpcapi(api).publisherUpdate('/master', topic, pub_uris)
  File "/usr/lib/python3.8/xmlrpc/client.py", line 1109, in __call__
    return self.__send(self.__name, args)
  File "/usr/lib/python3.8/xmlrpc/client.py", line 1450, in __request
    response = self.__transport.request(
  File "/usr/lib/python3.8/xmlrpc/client.py", line 1153, in request
    return self.single_request(host, handler, request_body, verbose)
  File "/usr/lib/python3.8/xmlrpc/client.py", line 1165, in single_request
    http_conn = self.send_request(host, handler, request_body, verbose)
  File "/usr/lib/python3.8/xmlrpc/client.py", line 1278, in send_request
    self.send_content(connection, request_body)
  File "/usr/lib/python3.8/xmlrpc/client.py", line 1308, in send_content
    connection.endheaders(request_body)
  File "/usr/lib/python3.8/http/client.py", line 1251, in endheaders
    self._send_output(message_body, encode_chunked=encode_chunked)
  File "/usr/lib/python3.8/http/client.py", line 1011, in _send_output
    self.send(msg)
  File "/usr/lib/python3.8/http/client.py", line 951, in send
    self.connect()
  File "/usr/lib/python3.8/http/client.py", line 922, in connect
    self.sock = self._create_connection(
  File "/usr/lib/python3.8/socket.py", line 808, in create_connection
    raise err
  File "/usr/lib/python3.8/socket.py", line 796, in create_connection
    sock.connect(sa)
ConnectionRefusedError: [Errno 111] Connection refused

[rosmaster.master][INFO] 2026-03-11 23:01:30,406: publisherUpdate[/tf] -> http://rera:39197/ ['http://rera:41659/']
[rosmaster.master][INFO] 2026-03-11 23:01:30,405: -SERVICE [/tf_body_footprint/get_loggers] /tf_body_footprint rosrpc://rera:43445
[rosmaster.master][INFO] 2026-03-11 23:01:30,407: publisherUpdate[/tf] -> http://rera:35227/ ['http://rera:41659/', 'http://rera:38813/']: sec=0.00, exception=[Errno 111] Connection refused
[rosmaster.master][INFO] 2026-03-11 23:01:30,405: publisherUpdate[/tf] -> http://rera:43459/ ['http://rera:41659/', 'http://rera:38813/']: sec=0.00, exception=[Errno 111] Connection refused
[rosmaster.master][INFO] 2026-03-11 23:01:30,407: -SERVICE [/tf_body_footprint/set_logger_level] /tf_body_footprint rosrpc://rera:43445
[rosmaster.threadpool][ERROR] 2026-03-11 23:01:30,407: Traceback (most recent call last):
  File "/opt/ros/noetic/lib/python3/dist-packages/rosmaster/threadpool.py", line 218, in run
    result = cmd(*args)
  File "/opt/ros/noetic/lib/python3/dist-packages/rosmaster/master_api.py", line 210, in publisher_update_task
    ret = xmlrpcapi(api).publisherUpdate('/master', topic, pub_uris)
  File "/usr/lib/python3.8/xmlrpc/client.py", line 1109, in __call__
    return self.__send(self.__name, args)
  File "/usr/lib/python3.8/xmlrpc/client.py", line 1450, in __request
    response = self.__transport.request(
  File "/usr/lib/python3.8/xmlrpc/client.py", line 1153, in request
    return self.single_request(host, handler, request_body, verbose)
  File "/usr/lib/python3.8/xmlrpc/client.py", line 1165, in single_request
    http_conn = self.send_request(host, handler, request_body, verbose)
  File "/usr/lib/python3.8/xmlrpc/client.py", line 1278, in send_request
    self.send_content(connection, request_body)
  File "/usr/lib/python3.8/xmlrpc/client.py", line 1308, in send_content
    connection.endheaders(request_body)
  File "/usr/lib/python3.8/http/client.py", line 1251, in endheaders
    self._send_output(message_body, encode_chunked=encode_chunked)
  File "/usr/lib/python3.8/http/client.py", line 1011, in _send_output
    self.send(msg)
  File "/usr/lib/python3.8/http/client.py", line 951, in send
    self.connect()
  File "/usr/lib/python3.8/http/client.py", line 922, in connect
    self.sock = self._create_connection(
  File "/usr/lib/python3.8/socket.py", line 808, in create_connection
    raise err
  File "/usr/lib/python3.8/socket.py", line 796, in create_connection
    sock.connect(sa)
ConnectionRefusedError: [Errno 111] Connection refused

[rosmaster.master][INFO] 2026-03-11 23:01:30,408: publisherUpdate[/tf] -> http://rera:39197/ ['http://rera:41659/']: sec=0.00, exception=[Errno 111] Connection refused
[rosmaster.threadpool][ERROR] 2026-03-11 23:01:30,408: Traceback (most recent call last):
  File "/opt/ros/noetic/lib/python3/dist-packages/rosmaster/threadpool.py", line 218, in run
    result = cmd(*args)
  File "/opt/ros/noetic/lib/python3/dist-packages/rosmaster/master_api.py", line 210, in publisher_update_task
    ret = xmlrpcapi(api).publisherUpdate('/master', topic, pub_uris)
  File "/usr/lib/python3.8/xmlrpc/client.py", line 1109, in __call__
    return self.__send(self.__name, args)
  File "/usr/lib/python3.8/xmlrpc/client.py", line 1450, in __request
    response = self.__transport.request(
  File "/usr/lib/python3.8/xmlrpc/client.py", line 1153, in request
    return self.single_request(host, handler, request_body, verbose)
  File "/usr/lib/python3.8/xmlrpc/client.py", line 1165, in single_request
    http_conn = self.send_request(host, handler, request_body, verbose)
  File "/usr/lib/python3.8/xmlrpc/client.py", line 1278, in send_request
    self.send_content(connection, request_body)
  File "/usr/lib/python3.8/xmlrpc/client.py", line 1308, in send_content
    connection.endheaders(request_body)
  File "/usr/lib/python3.8/http/client.py", line 1251, in endheaders
    self._send_output(message_body, encode_chunked=encode_chunked)
  File "/usr/lib/python3.8/http/client.py", line 1011, in _send_output
    self.send(msg)
  File "/usr/lib/python3.8/http/client.py", line 951, in send
    self.connect()
  File "/usr/lib/python3.8/http/client.py", line 922, in connect
    self.sock = self._create_connection(
  File "/usr/lib/python3.8/socket.py", line 808, in create_connection
    raise err
  File "/usr/lib/python3.8/socket.py", line 796, in create_connection
    sock.connect(sa)
ConnectionRefusedError: [Errno 111] Connection refused

[rosmaster.master][INFO] 2026-03-11 23:01:30,408: publisherUpdate[/tf] -> http://rera:38007/ ['http://rera:41659/']
[rosmaster.threadpool][ERROR] 2026-03-11 23:01:30,409: Traceback (most recent call last):
  File "/opt/ros/noetic/lib/python3/dist-packages/rosmaster/threadpool.py", line 218, in run
    result = cmd(*args)
  File "/opt/ros/noetic/lib/python3/dist-packages/rosmaster/master_api.py", line 210, in publisher_update_task
    ret = xmlrpcapi(api).publisherUpdate('/master', topic, pub_uris)
  File "/usr/lib/python3.8/xmlrpc/client.py", line 1109, in __call__
    return self.__send(self.__name, args)
  File "/usr/lib/python3.8/xmlrpc/client.py", line 1450, in __request
    response = self.__transport.request(
  File "/usr/lib/python3.8/xmlrpc/client.py", line 1153, in request
    return self.single_request(host, handler, request_body, verbose)
  File "/usr/lib/python3.8/xmlrpc/client.py", line 1165, in single_request
    http_conn = self.send_request(host, handler, request_body, verbose)
  File "/usr/lib/python3.8/xmlrpc/client.py", line 1278, in send_request
    self.send_content(connection, request_body)
  File "/usr/lib/python3.8/xmlrpc/client.py", line 1308, in send_content
    connection.endheaders(request_body)
  File "/usr/lib/python3.8/http/client.py", line 1251, in endheaders
    self._send_output(message_body, encode_chunked=encode_chunked)
  File "/usr/lib/python3.8/http/client.py", line 1011, in _send_output
    self.send(msg)
  File "/usr/lib/python3.8/http/client.py", line 951, in send
    self.connect()
  File "/usr/lib/python3.8/http/client.py", line 922, in connect
    self.sock = self._create_connection(
  File "/usr/lib/python3.8/socket.py", line 808, in create_connection
    raise err
  File "/usr/lib/python3.8/socket.py", line 796, in create_connection
    sock.connect(sa)
ConnectionRefusedError: [Errno 111] Connection refused

[rosmaster.master][INFO] 2026-03-11 23:01:30,409: publisherUpdate[/tf] -> http://rera:46795/ ['http://rera:41659/']
[rosmaster.master][INFO] 2026-03-11 23:01:30,409: publisherUpdate[/tf] -> http://rera:42949/ ['http://rera:41659/']
[rosmaster.master][INFO] 2026-03-11 23:01:30,410: publisherUpdate[/tf] -> http://rera:38007/ ['http://rera:41659/']: sec=0.00, exception=[Errno 111] Connection refused
[rosmaster.master][INFO] 2026-03-11 23:01:30,410: publisherUpdate[/tf] -> http://rera:46795/ ['http://rera:41659/']: sec=0.00, exception=[Errno 111] Connection refused
[rosmaster.master][INFO] 2026-03-11 23:01:30,411: publisherUpdate[/tf] -> http://rera:42949/ ['http://rera:41659/']: sec=0.00, exception=[Errno 111] Connection refused
[rosmaster.threadpool][ERROR] 2026-03-11 23:01:30,411: Traceback (most recent call last):
  File "/opt/ros/noetic/lib/python3/dist-packages/rosmaster/threadpool.py", line 218, in run
    result = cmd(*args)
  File "/opt/ros/noetic/lib/python3/dist-packages/rosmaster/master_api.py", line 210, in publisher_update_task
    ret = xmlrpcapi(api).publisherUpdate('/master', topic, pub_uris)
  File "/usr/lib/python3.8/xmlrpc/client.py", line 1109, in __call__
    return self.__send(self.__name, args)
  File "/usr/lib/python3.8/xmlrpc/client.py", line 1450, in __request
    response = self.__transport.request(
  File "/usr/lib/python3.8/xmlrpc/client.py", line 1153, in request
    return self.single_request(host, handler, request_body, verbose)
  File "/usr/lib/python3.8/xmlrpc/client.py", line 1165, in single_request
    http_conn = self.send_request(host, handler, request_body, verbose)
  File "/usr/lib/python3.8/xmlrpc/client.py", line 1278, in send_request
    self.send_content(connection, request_body)
  File "/usr/lib/python3.8/xmlrpc/client.py", line 1308, in send_content
    connection.endheaders(request_body)
  File "/usr/lib/python3.8/http/client.py", line 1251, in endheaders
    self._send_output(message_body, encode_chunked=encode_chunked)
  File "/usr/lib/python3.8/http/client.py", line 1011, in _send_output
    self.send(msg)
  File "/usr/lib/python3.8/http/client.py", line 951, in send
    self.connect()
  File "/usr/lib/python3.8/http/client.py", line 922, in connect
    self.sock = self._create_connection(
  File "/usr/lib/python3.8/socket.py", line 808, in create_connection
    raise err
  File "/usr/lib/python3.8/socket.py", line 796, in create_connection
    sock.connect(sa)
ConnectionRefusedError: [Errno 111] Connection refused

[rosmaster.threadpool][ERROR] 2026-03-11 23:01:30,412: Traceback (most recent call last):
  File "/opt/ros/noetic/lib/python3/dist-packages/rosmaster/threadpool.py", line 218, in run
    result = cmd(*args)
  File "/opt/ros/noetic/lib/python3/dist-packages/rosmaster/master_api.py", line 210, in publisher_update_task
    ret = xmlrpcapi(api).publisherUpdate('/master', topic, pub_uris)
  File "/usr/lib/python3.8/xmlrpc/client.py", line 1109, in __call__
    return self.__send(self.__name, args)
  File "/usr/lib/python3.8/xmlrpc/client.py", line 1450, in __request
    response = self.__transport.request(
  File "/usr/lib/python3.8/xmlrpc/client.py", line 1153, in request
    return self.single_request(host, handler, request_body, verbose)
  File "/usr/lib/python3.8/xmlrpc/client.py", line 1165, in single_request
    http_conn = self.send_request(host, handler, request_body, verbose)
  File "/usr/lib/python3.8/xmlrpc/client.py", line 1278, in send_request
    self.send_content(connection, request_body)
  File "/usr/lib/python3.8/xmlrpc/client.py", line 1308, in send_content
    connection.endheaders(request_body)
  File "/usr/lib/python3.8/http/client.py", line 1251, in endheaders
    self._send_output(message_body, encode_chunked=encode_chunked)
  File "/usr/lib/python3.8/http/client.py", line 1011, in _send_output
    self.send(msg)
  File "/usr/lib/python3.8/http/client.py", line 951, in send
    self.connect()
  File "/usr/lib/python3.8/http/client.py", line 922, in connect
    self.sock = self._create_connection(
  File "/usr/lib/python3.8/socket.py", line 808, in create_connection
    raise err
  File "/usr/lib/python3.8/socket.py", line 796, in create_connection
    sock.connect(sa)
ConnectionRefusedError: [Errno 111] Connection refused

[rosmaster.threadpool][ERROR] 2026-03-11 23:01:30,412: Traceback (most recent call last):
  File "/opt/ros/noetic/lib/python3/dist-packages/rosmaster/threadpool.py", line 218, in run
    result = cmd(*args)
  File "/opt/ros/noetic/lib/python3/dist-packages/rosmaster/master_api.py", line 210, in publisher_update_task
    ret = xmlrpcapi(api).publisherUpdate('/master', topic, pub_uris)
  File "/usr/lib/python3.8/xmlrpc/client.py", line 1109, in __call__
    return self.__send(self.__name, args)
  File "/usr/lib/python3.8/xmlrpc/client.py", line 1450, in __request
    response = self.__transport.request(
  File "/usr/lib/python3.8/xmlrpc/client.py", line 1153, in request
    return self.single_request(host, handler, request_body, verbose)
  File "/usr/lib/python3.8/xmlrpc/client.py", line 1165, in single_request
    http_conn = self.send_request(host, handler, request_body, verbose)
  File "/usr/lib/python3.8/xmlrpc/client.py", line 1278, in send_request
    self.send_content(connection, request_body)
  File "/usr/lib/python3.8/xmlrpc/client.py", line 1308, in send_content
    connection.endheaders(request_body)
  File "/usr/lib/python3.8/http/client.py", line 1251, in endheaders
    self._send_output(message_body, encode_chunked=encode_chunked)
  File "/usr/lib/python3.8/http/client.py", line 1011, in _send_output
    self.send(msg)
  File "/usr/lib/python3.8/http/client.py", line 951, in send
    self.connect()
  File "/usr/lib/python3.8/http/client.py", line 922, in connect
    self.sock = self._create_connection(
  File "/usr/lib/python3.8/socket.py", line 808, in create_connection
    raise err
  File "/usr/lib/python3.8/socket.py", line 796, in create_connection
    sock.connect(sa)
ConnectionRefusedError: [Errno 111] Connection refused

[rosmaster.master][INFO] 2026-03-11 23:01:30,412: publisherUpdate[/tf] -> http://rera:43459/ ['http://rera:41659/']
[rosmaster.master][INFO] 2026-03-11 23:01:30,412: publisherUpdate[/tf] -> http://rera:35227/ ['http://rera:41659/']
[rosmaster.master][INFO] 2026-03-11 23:01:30,413: publisherUpdate[/tf] -> http://rera:43459/ ['http://rera:41659/']: sec=0.00, exception=[Errno 111] Connection refused
[rosmaster.master][INFO] 2026-03-11 23:01:30,413: publisherUpdate[/tf] -> http://rera:35227/ ['http://rera:41659/']: sec=0.00, exception=[Errno 111] Connection refused
[rosmaster.threadpool][ERROR] 2026-03-11 23:01:30,414: Traceback (most recent call last):
  File "/opt/ros/noetic/lib/python3/dist-packages/rosmaster/threadpool.py", line 218, in run
    result = cmd(*args)
  File "/opt/ros/noetic/lib/python3/dist-packages/rosmaster/master_api.py", line 210, in publisher_update_task
    ret = xmlrpcapi(api).publisherUpdate('/master', topic, pub_uris)
  File "/usr/lib/python3.8/xmlrpc/client.py", line 1109, in __call__
    return self.__send(self.__name, args)
  File "/usr/lib/python3.8/xmlrpc/client.py", line 1450, in __request
    response = self.__transport.request(
  File "/usr/lib/python3.8/xmlrpc/client.py", line 1153, in request
    return self.single_request(host, handler, request_body, verbose)
  File "/usr/lib/python3.8/xmlrpc/client.py", line 1165, in single_request
    http_conn = self.send_request(host, handler, request_body, verbose)
  File "/usr/lib/python3.8/xmlrpc/client.py", line 1278, in send_request
    self.send_content(connection, request_body)
  File "/usr/lib/python3.8/xmlrpc/client.py", line 1308, in send_content
    connection.endheaders(request_body)
  File "/usr/lib/python3.8/http/client.py", line 1251, in endheaders
    self._send_output(message_body, encode_chunked=encode_chunked)
  File "/usr/lib/python3.8/http/client.py", line 1011, in _send_output
    self.send(msg)
  File "/usr/lib/python3.8/http/client.py", line 951, in send
    self.connect()
  File "/usr/lib/python3.8/http/client.py", line 922, in connect
    self.sock = self._create_connection(
  File "/usr/lib/python3.8/socket.py", line 808, in create_connection
    raise err
  File "/usr/lib/python3.8/socket.py", line 796, in create_connection
    sock.connect(sa)
ConnectionRefusedError: [Errno 111] Connection refused

[rosmaster.threadpool][ERROR] 2026-03-11 23:01:30,414: Traceback (most recent call last):
  File "/opt/ros/noetic/lib/python3/dist-packages/rosmaster/threadpool.py", line 218, in run
    result = cmd(*args)
  File "/opt/ros/noetic/lib/python3/dist-packages/rosmaster/master_api.py", line 210, in publisher_update_task
    ret = xmlrpcapi(api).publisherUpdate('/master', topic, pub_uris)
  File "/usr/lib/python3.8/xmlrpc/client.py", line 1109, in __call__
    return self.__send(self.__name, args)
  File "/usr/lib/python3.8/xmlrpc/client.py", line 1450, in __request
    response = self.__transport.request(
  File "/usr/lib/python3.8/xmlrpc/client.py", line 1153, in request
    return self.single_request(host, handler, request_body, verbose)
  File "/usr/lib/python3.8/xmlrpc/client.py", line 1165, in single_request
    http_conn = self.send_request(host, handler, request_body, verbose)
  File "/usr/lib/python3.8/xmlrpc/client.py", line 1278, in send_request
    self.send_content(connection, request_body)
  File "/usr/lib/python3.8/xmlrpc/client.py", line 1308, in send_content
    connection.endheaders(request_body)
  File "/usr/lib/python3.8/http/client.py", line 1251, in endheaders
    self._send_output(message_body, encode_chunked=encode_chunked)
  File "/usr/lib/python3.8/http/client.py", line 1011, in _send_output
    self.send(msg)
  File "/usr/lib/python3.8/http/client.py", line 951, in send
    self.connect()
  File "/usr/lib/python3.8/http/client.py", line 922, in connect
    self.sock = self._create_connection(
  File "/usr/lib/python3.8/socket.py", line 808, in create_connection
    raise err
  File "/usr/lib/python3.8/socket.py", line 796, in create_connection
    sock.connect(sa)
ConnectionRefusedError: [Errno 111] Connection refused

[rosmaster.master][INFO] 2026-03-11 23:01:31,218: +SERVICE [/camera/set_camera_info] /gazebo http://rera:35999/
[rosmaster.master][INFO] 2026-03-11 23:01:31,222: +SERVICE [/camera/set_parameters] /gazebo http://rera:35999/
[rosmaster.master][INFO] 2026-03-11 23:01:31,222: +PUB [/camera/parameter_descriptions] /gazebo http://rera:35999/
[rosmaster.master][INFO] 2026-03-11 23:01:31,223: +PUB [/camera/parameter_updates] /gazebo http://rera:35999/
[rosmaster.master][INFO] 2026-03-11 23:01:31,224: +PARAM [/camera/imager_rate] by /gazebo
[rosmaster.master][INFO] 2026-03-11 23:01:31,224: +PARAM [/camera/imager_rate] by /gazebo
[rosmaster.master][INFO] 2026-03-11 23:01:31,281: +PUB [/camera/color/image_raw/compressedDepth] /gazebo http://rera:35999/
[rosmaster.master][INFO] 2026-03-11 23:01:31,283: +SERVICE [/camera/color/image_raw/compressedDepth/set_parameters] /gazebo http://rera:35999/
[rosmaster.master][INFO] 2026-03-11 23:01:31,284: +PUB [/camera/color/image_raw/compressedDepth/parameter_descriptions] /gazebo http://rera:35999/
[rosmaster.master][INFO] 2026-03-11 23:01:31,285: +PUB [/camera/color/image_raw/compressedDepth/parameter_updates] /gazebo http://rera:35999/
[rosmaster.master][INFO] 2026-03-11 23:01:31,287: +PARAM [/camera/color/image_raw/compressedDepth/format] by /gazebo
[rosmaster.master][INFO] 2026-03-11 23:01:31,288: +PARAM [/camera/color/image_raw/compressedDepth/depth_max] by /gazebo
[rosmaster.master][INFO] 2026-03-11 23:01:31,288: +PARAM [/camera/color/image_raw/compressedDepth/depth_quantization] by /gazebo
[rosmaster.master][INFO] 2026-03-11 23:01:31,288: +PARAM [/camera/color/image_raw/compressedDepth/png_level] by /gazebo
[rosmaster.master][INFO] 2026-03-11 23:01:31,289: +PARAM [/camera/color/image_raw/compressedDepth/format] by /gazebo
[rosmaster.master][INFO] 2026-03-11 23:01:31,289: +PARAM [/camera/color/image_raw/compressedDepth/depth_max] by /gazebo
[rosmaster.master][INFO] 2026-03-11 23:01:31,290: +PARAM [/camera/color/image_raw/compressedDepth/depth_quantization] by /gazebo
[rosmaster.master][INFO] 2026-03-11 23:01:31,291: +PARAM [/camera/color/image_raw/compressedDepth/png_level] by /gazebo
[rosmaster.master][INFO] 2026-03-11 23:01:31,295: +PUB [/camera/color/image_raw/compressed] /gazebo http://rera:35999/
[rosmaster.master][INFO] 2026-03-11 23:01:31,296: +SERVICE [/camera/color/image_raw/compressed/set_parameters] /gazebo http://rera:35999/
[rosmaster.master][INFO] 2026-03-11 23:01:31,296: +PUB [/camera/color/image_raw/compressed/parameter_descriptions] /gazebo http://rera:35999/
[rosmaster.master][INFO] 2026-03-11 23:01:31,297: +PUB [/camera/color/image_raw/compressed/parameter_updates] /gazebo http://rera:35999/
[rosmaster.master][INFO] 2026-03-11 23:01:31,300: +PARAM [/camera/color/image_raw/compressed/format] by /gazebo
[rosmaster.master][INFO] 2026-03-11 23:01:31,300: +PARAM [/camera/color/image_raw/compressed/jpeg_quality] by /gazebo
[rosmaster.master][INFO] 2026-03-11 23:01:31,301: +PARAM [/camera/color/image_raw/compressed/jpeg_progressive] by /gazebo
[rosmaster.master][INFO] 2026-03-11 23:01:31,301: +PARAM [/camera/color/image_raw/compressed/jpeg_optimize] by /gazebo
[rosmaster.master][INFO] 2026-03-11 23:01:31,302: +PARAM [/camera/color/image_raw/compressed/jpeg_restart_interval] by /gazebo
[rosmaster.master][INFO] 2026-03-11 23:01:31,302: +PARAM [/camera/color/image_raw/compressed/png_level] by /gazebo
[rosmaster.master][INFO] 2026-03-11 23:01:31,303: +PARAM [/camera/color/image_raw/compressed/format] by /gazebo
[rosmaster.master][INFO] 2026-03-11 23:01:31,304: +PARAM [/camera/color/image_raw/compressed/jpeg_quality] by /gazebo
[rosmaster.master][INFO] 2026-03-11 23:01:31,304: +PARAM [/camera/color/image_raw/compressed/jpeg_progressive] by /gazebo
[rosmaster.master][INFO] 2026-03-11 23:01:31,305: +PARAM [/camera/color/image_raw/compressed/jpeg_optimize] by /gazebo
[rosmaster.master][INFO] 2026-03-11 23:01:31,306: +PARAM [/camera/color/image_raw/compressed/jpeg_restart_interval] by /gazebo
[rosmaster.master][INFO] 2026-03-11 23:01:31,306: +PARAM [/camera/color/image_raw/compressed/png_level] by /gazebo
[rosmaster.master][INFO] 2026-03-11 23:01:31,309: +PUB [/camera/color/image_raw] /gazebo http://rera:35999/
[rosmaster.master][INFO] 2026-03-11 23:01:31,312: +PUB [/camera/color/image_raw/theora] /gazebo http://rera:35999/
[rosmaster.master][INFO] 2026-03-11 23:01:31,313: +SERVICE [/camera/color/image_raw/theora/set_parameters] /gazebo http://rera:35999/
[rosmaster.master][INFO] 2026-03-11 23:01:31,314: +PUB [/camera/color/image_raw/theora/parameter_descriptions] /gazebo http://rera:35999/
[rosmaster.master][INFO] 2026-03-11 23:01:31,315: +PUB [/camera/color/image_raw/theora/parameter_updates] /gazebo http://rera:35999/
[rosmaster.master][INFO] 2026-03-11 23:01:31,317: +PARAM [/camera/color/image_raw/theora/optimize_for] by /gazebo
[rosmaster.master][INFO] 2026-03-11 23:01:31,318: +PARAM [/camera/color/image_raw/theora/target_bitrate] by /gazebo
[rosmaster.master][INFO] 2026-03-11 23:01:31,318: +PARAM [/camera/color/image_raw/theora/quality] by /gazebo
[rosmaster.master][INFO] 2026-03-11 23:01:31,319: +PARAM [/camera/color/image_raw/theora/keyframe_frequency] by /gazebo
[rosmaster.master][INFO] 2026-03-11 23:01:31,319: +PARAM [/camera/color/image_raw/theora/optimize_for] by /gazebo
[rosmaster.master][INFO] 2026-03-11 23:01:31,320: +PARAM [/camera/color/image_raw/theora/target_bitrate] by /gazebo
[rosmaster.master][INFO] 2026-03-11 23:01:31,320: +PARAM [/camera/color/image_raw/theora/quality] by /gazebo
[rosmaster.master][INFO] 2026-03-11 23:01:31,321: +PARAM [/camera/color/image_raw/theora/keyframe_frequency] by /gazebo
[rosmaster.master][INFO] 2026-03-11 23:01:31,322: +PUB [/camera/color/camera_info] /gazebo http://rera:35999/
[rosmaster.master][INFO] 2026-03-11 23:04:14,731: +PUB [/rosout] /rostopic_50629_1773241454575 http://rera:36479/
[rosmaster.master][INFO] 2026-03-11 23:04:14,734: +SUB [/clock] /rostopic_50629_1773241454575 http://rera:36479/
[rosmaster.master][INFO] 2026-03-11 23:04:14,736: +SERVICE [/rostopic_50629_1773241454575/get_loggers] /rostopic_50629_1773241454575 http://rera:36479/
[rosmaster.master][INFO] 2026-03-11 23:04:14,737: +SERVICE [/rostopic_50629_1773241454575/set_logger_level] /rostopic_50629_1773241454575 http://rera:36479/
[rosmaster.master][INFO] 2026-03-11 23:04:17,130: -SUB [/clock] /rostopic_50629_1773241454575 http://rera:36479/
[rosmaster.master][INFO] 2026-03-11 23:04:17,130: -PUB [/rosout] /rostopic_50629_1773241454575 http://rera:36479/
[rosmaster.master][INFO] 2026-03-11 23:04:17,130: -SERVICE [/rostopic_50629_1773241454575/get_loggers] /rostopic_50629_1773241454575 rosrpc://rera:46315
[rosmaster.master][INFO] 2026-03-11 23:04:17,130: -SERVICE [/rostopic_50629_1773241454575/set_logger_level] /rostopic_50629_1773241454575 rosrpc://rera:46315
[rosmaster.master][INFO] 2026-03-11 23:04:52,476: +PARAM [/roslaunch/uris/host_rera__44397] by /roslaunch
[rosmaster.master][INFO] 2026-03-11 23:04:52,478: +PARAM [/rosversion] by /roslaunch
[rosmaster.master][INFO] 2026-03-11 23:04:52,478: +PARAM [/rosdistro] by /roslaunch
[rosmaster.master][INFO] 2026-03-11 23:04:52,478: +PARAM [/use_sim_time] by /roslaunch
[rosmaster.master][INFO] 2026-03-11 23:04:52,478: +PARAM [/gazebo/enable_ros_network] by /roslaunch
[rosmaster.master][INFO] 2026-03-11 23:04:52,596: +PUB [/rosout] /tf_footprint_base http://rera:36643/
[rosmaster.master][INFO] 2026-03-11 23:04:52,597: +SERVICE [/tf_footprint_base/get_loggers] /tf_footprint_base http://rera:36643/
[rosmaster.master][INFO] 2026-03-11 23:04:52,598: +SERVICE [/tf_footprint_base/set_logger_level] /tf_footprint_base http://rera:36643/
[rosmaster.master][INFO] 2026-03-11 23:04:52,603: +SUB [/clock] /tf_footprint_base http://rera:36643/
[rosmaster.master][INFO] 2026-03-11 23:04:52,605: +PUB [/tf] /tf_footprint_base http://rera:36643/
[rosmaster.master][INFO] 2026-03-11 23:04:52,607: +PUB [/rosout] /tf_body_footprint http://rera:37863/
[rosmaster.master][INFO] 2026-03-11 23:04:52,607: +SERVICE [/tf_body_footprint/get_loggers] /tf_body_footprint http://rera:37863/
[rosmaster.master][INFO] 2026-03-11 23:04:52,608: +SERVICE [/tf_body_footprint/set_logger_level] /tf_body_footprint http://rera:37863/
[rosmaster.master][INFO] 2026-03-11 23:04:52,612: +SUB [/clock] /tf_body_footprint http://rera:37863/
[rosmaster.master][INFO] 2026-03-11 23:04:52,613: +PUB [/tf] /tf_body_footprint http://rera:37863/
[rosmaster.master][INFO] 2026-03-11 23:04:52,622: publisherUpdate[/tf] -> http://rera:39197/ ['http://rera:41659/', 'http://rera:36643/']
[rosmaster.master][INFO] 2026-03-11 23:04:52,622: publisherUpdate[/tf] -> http://rera:38007/ ['http://rera:41659/', 'http://rera:36643/']
[rosmaster.master][INFO] 2026-03-11 23:04:52,622: publisherUpdate[/tf] -> http://rera:46795/ ['http://rera:41659/', 'http://rera:36643/']
[rosmaster.master][INFO] 2026-03-11 23:04:52,624: publisherUpdate[/tf] -> http://rera:39197/ ['http://rera:41659/', 'http://rera:36643/']: sec=0.00, exception=[Errno 111] Connection refused
[rosmaster.threadpool][ERROR] 2026-03-11 23:04:52,625: Traceback (most recent call last):
  File "/opt/ros/noetic/lib/python3/dist-packages/rosmaster/threadpool.py", line 218, in run
    result = cmd(*args)
  File "/opt/ros/noetic/lib/python3/dist-packages/rosmaster/master_api.py", line 210, in publisher_update_task
    ret = xmlrpcapi(api).publisherUpdate('/master', topic, pub_uris)
  File "/usr/lib/python3.8/xmlrpc/client.py", line 1109, in __call__
    return self.__send(self.__name, args)
  File "/usr/lib/python3.8/xmlrpc/client.py", line 1450, in __request
    response = self.__transport.request(
  File "/usr/lib/python3.8/xmlrpc/client.py", line 1153, in request
    return self.single_request(host, handler, request_body, verbose)
  File "/usr/lib/python3.8/xmlrpc/client.py", line 1165, in single_request
    http_conn = self.send_request(host, handler, request_body, verbose)
  File "/usr/lib/python3.8/xmlrpc/client.py", line 1278, in send_request
    self.send_content(connection, request_body)
  File "/usr/lib/python3.8/xmlrpc/client.py", line 1308, in send_content
    connection.endheaders(request_body)
  File "/usr/lib/python3.8/http/client.py", line 1251, in endheaders
    self._send_output(message_body, encode_chunked=encode_chunked)
  File "/usr/lib/python3.8/http/client.py", line 1011, in _send_output
    self.send(msg)
  File "/usr/lib/python3.8/http/client.py", line 951, in send
    self.connect()
  File "/usr/lib/python3.8/http/client.py", line 922, in connect
    self.sock = self._create_connection(
  File "/usr/lib/python3.8/socket.py", line 808, in create_connection
    raise err
  File "/usr/lib/python3.8/socket.py", line 796, in create_connection
    sock.connect(sa)
ConnectionRefusedError: [Errno 111] Connection refused

[rosmaster.master][INFO] 2026-03-11 23:04:52,626: publisherUpdate[/tf] -> http://rera:38007/ ['http://rera:41659/', 'http://rera:36643/']: sec=0.00, exception=[Errno 111] Connection refused
[rosmaster.master][INFO] 2026-03-11 23:04:52,626: publisherUpdate[/tf] -> http://rera:42949/ ['http://rera:41659/', 'http://rera:36643/']
[rosmaster.master][INFO] 2026-03-11 23:04:52,626: publisherUpdate[/tf] -> http://rera:46795/ ['http://rera:41659/', 'http://rera:36643/']: sec=0.00, exception=[Errno 111] Connection refused
[rosmaster.threadpool][ERROR] 2026-03-11 23:04:52,627: Traceback (most recent call last):
  File "/opt/ros/noetic/lib/python3/dist-packages/rosmaster/threadpool.py", line 218, in run
    result = cmd(*args)
  File "/opt/ros/noetic/lib/python3/dist-packages/rosmaster/master_api.py", line 210, in publisher_update_task
    ret = xmlrpcapi(api).publisherUpdate('/master', topic, pub_uris)
  File "/usr/lib/python3.8/xmlrpc/client.py", line 1109, in __call__
    return self.__send(self.__name, args)
  File "/usr/lib/python3.8/xmlrpc/client.py", line 1450, in __request
    response = self.__transport.request(
  File "/usr/lib/python3.8/xmlrpc/client.py", line 1153, in request
    return self.single_request(host, handler, request_body, verbose)
  File "/usr/lib/python3.8/xmlrpc/client.py", line 1165, in single_request
    http_conn = self.send_request(host, handler, request_body, verbose)
  File "/usr/lib/python3.8/xmlrpc/client.py", line 1278, in send_request
    self.send_content(connection, request_body)
  File "/usr/lib/python3.8/xmlrpc/client.py", line 1308, in send_content
    connection.endheaders(request_body)
  File "/usr/lib/python3.8/http/client.py", line 1251, in endheaders
    self._send_output(message_body, encode_chunked=encode_chunked)
  File "/usr/lib/python3.8/http/client.py", line 1011, in _send_output
    self.send(msg)
  File "/usr/lib/python3.8/http/client.py", line 951, in send
    self.connect()
  File "/usr/lib/python3.8/http/client.py", line 922, in connect
    self.sock = self._create_connection(
  File "/usr/lib/python3.8/socket.py", line 808, in create_connection
    raise err
  File "/usr/lib/python3.8/socket.py", line 796, in create_connection
    sock.connect(sa)
ConnectionRefusedError: [Errno 111] Connection refused

[rosmaster.master][INFO] 2026-03-11 23:04:52,628: publisherUpdate[/tf] -> http://rera:43459/ ['http://rera:41659/', 'http://rera:36643/']
[rosmaster.threadpool][ERROR] 2026-03-11 23:04:52,627: Traceback (most recent call last):
  File "/opt/ros/noetic/lib/python3/dist-packages/rosmaster/threadpool.py", line 218, in run
    result = cmd(*args)
  File "/opt/ros/noetic/lib/python3/dist-packages/rosmaster/master_api.py", line 210, in publisher_update_task
    ret = xmlrpcapi(api).publisherUpdate('/master', topic, pub_uris)
  File "/usr/lib/python3.8/xmlrpc/client.py", line 1109, in __call__
    return self.__send(self.__name, args)
  File "/usr/lib/python3.8/xmlrpc/client.py", line 1450, in __request
    response = self.__transport.request(
  File "/usr/lib/python3.8/xmlrpc/client.py", line 1153, in request
    return self.single_request(host, handler, request_body, verbose)
  File "/usr/lib/python3.8/xmlrpc/client.py", line 1165, in single_request
    http_conn = self.send_request(host, handler, request_body, verbose)
  File "/usr/lib/python3.8/xmlrpc/client.py", line 1278, in send_request
    self.send_content(connection, request_body)
  File "/usr/lib/python3.8/xmlrpc/client.py", line 1308, in send_content
    connection.endheaders(request_body)
  File "/usr/lib/python3.8/http/client.py", line 1251, in endheaders
    self._send_output(message_body, encode_chunked=encode_chunked)
  File "/usr/lib/python3.8/http/client.py", line 1011, in _send_output
    self.send(msg)
  File "/usr/lib/python3.8/http/client.py", line 951, in send
    self.connect()
  File "/usr/lib/python3.8/http/client.py", line 922, in connect
    self.sock = self._create_connection(
  File "/usr/lib/python3.8/socket.py", line 808, in create_connection
    raise err
  File "/usr/lib/python3.8/socket.py", line 796, in create_connection
    sock.connect(sa)
ConnectionRefusedError: [Errno 111] Connection refused

[rosmaster.master][INFO] 2026-03-11 23:04:52,629: publisherUpdate[/tf] -> http://rera:35227/ ['http://rera:41659/', 'http://rera:36643/']
[rosmaster.master][INFO] 2026-03-11 23:04:52,628: publisherUpdate[/tf] -> http://rera:43459/ ['http://rera:41659/', 'http://rera:36643/']: sec=0.00, exception=[Errno 111] Connection refused
[rosmaster.master][INFO] 2026-03-11 23:04:52,628: publisherUpdate[/tf] -> http://rera:42949/ ['http://rera:41659/', 'http://rera:36643/']: sec=0.00, exception=[Errno 111] Connection refused
[rosmaster.threadpool][ERROR] 2026-03-11 23:04:52,630: Traceback (most recent call last):
  File "/opt/ros/noetic/lib/python3/dist-packages/rosmaster/threadpool.py", line 218, in run
    result = cmd(*args)
  File "/opt/ros/noetic/lib/python3/dist-packages/rosmaster/master_api.py", line 210, in publisher_update_task
    ret = xmlrpcapi(api).publisherUpdate('/master', topic, pub_uris)
  File "/usr/lib/python3.8/xmlrpc/client.py", line 1109, in __call__
    return self.__send(self.__name, args)
  File "/usr/lib/python3.8/xmlrpc/client.py", line 1450, in __request
    response = self.__transport.request(
  File "/usr/lib/python3.8/xmlrpc/client.py", line 1153, in request
    return self.single_request(host, handler, request_body, verbose)
  File "/usr/lib/python3.8/xmlrpc/client.py", line 1165, in single_request
    http_conn = self.send_request(host, handler, request_body, verbose)
  File "/usr/lib/python3.8/xmlrpc/client.py", line 1278, in send_request
    self.send_content(connection, request_body)
  File "/usr/lib/python3.8/xmlrpc/client.py", line 1308, in send_content
    connection.endheaders(request_body)
  File "/usr/lib/python3.8/http/client.py", line 1251, in endheaders
    self._send_output(message_body, encode_chunked=encode_chunked)
  File "/usr/lib/python3.8/http/client.py", line 1011, in _send_output
    self.send(msg)
  File "/usr/lib/python3.8/http/client.py", line 951, in send
    self.connect()
  File "/usr/lib/python3.8/http/client.py", line 922, in connect
    self.sock = self._create_connection(
  File "/usr/lib/python3.8/socket.py", line 808, in create_connection
    raise err
  File "/usr/lib/python3.8/socket.py", line 796, in create_connection
    sock.connect(sa)
ConnectionRefusedError: [Errno 111] Connection refused

[rosmaster.master][INFO] 2026-03-11 23:04:52,631: publisherUpdate[/tf] -> http://rera:35227/ ['http://rera:41659/', 'http://rera:36643/']: sec=0.00, exception=[Errno 111] Connection refused
[rosmaster.threadpool][ERROR] 2026-03-11 23:04:52,631: Traceback (most recent call last):
  File "/opt/ros/noetic/lib/python3/dist-packages/rosmaster/threadpool.py", line 218, in run
    result = cmd(*args)
  File "/opt/ros/noetic/lib/python3/dist-packages/rosmaster/master_api.py", line 210, in publisher_update_task
    ret = xmlrpcapi(api).publisherUpdate('/master', topic, pub_uris)
  File "/usr/lib/python3.8/xmlrpc/client.py", line 1109, in __call__
    return self.__send(self.__name, args)
  File "/usr/lib/python3.8/xmlrpc/client.py", line 1450, in __request
    response = self.__transport.request(
  File "/usr/lib/python3.8/xmlrpc/client.py", line 1153, in request
    return self.single_request(host, handler, request_body, verbose)
  File "/usr/lib/python3.8/xmlrpc/client.py", line 1165, in single_request
    http_conn = self.send_request(host, handler, request_body, verbose)
  File "/usr/lib/python3.8/xmlrpc/client.py", line 1278, in send_request
    self.send_content(connection, request_body)
  File "/usr/lib/python3.8/xmlrpc/client.py", line 1308, in send_content
    connection.endheaders(request_body)
  File "/usr/lib/python3.8/http/client.py", line 1251, in endheaders
    self._send_output(message_body, encode_chunked=encode_chunked)
  File "/usr/lib/python3.8/http/client.py", line 1011, in _send_output
    self.send(msg)
  File "/usr/lib/python3.8/http/client.py", line 951, in send
    self.connect()
  File "/usr/lib/python3.8/http/client.py", line 922, in connect
    self.sock = self._create_connection(
  File "/usr/lib/python3.8/socket.py", line 808, in create_connection
    raise err
  File "/usr/lib/python3.8/socket.py", line 796, in create_connection
    sock.connect(sa)
ConnectionRefusedError: [Errno 111] Connection refused

[rosmaster.master][INFO] 2026-03-11 23:04:52,632: publisherUpdate[/tf] -> http://rera:38007/ ['http://rera:41659/', 'http://rera:36643/', 'http://rera:37863/']
[rosmaster.master][INFO] 2026-03-11 23:04:52,632: publisherUpdate[/tf] -> http://rera:39197/ ['http://rera:41659/', 'http://rera:36643/', 'http://rera:37863/']
[rosmaster.threadpool][ERROR] 2026-03-11 23:04:52,632: Traceback (most recent call last):
  File "/opt/ros/noetic/lib/python3/dist-packages/rosmaster/threadpool.py", line 218, in run
    result = cmd(*args)
  File "/opt/ros/noetic/lib/python3/dist-packages/rosmaster/master_api.py", line 210, in publisher_update_task
    ret = xmlrpcapi(api).publisherUpdate('/master', topic, pub_uris)
  File "/usr/lib/python3.8/xmlrpc/client.py", line 1109, in __call__
    return self.__send(self.__name, args)
  File "/usr/lib/python3.8/xmlrpc/client.py", line 1450, in __request
    response = self.__transport.request(
  File "/usr/lib/python3.8/xmlrpc/client.py", line 1153, in request
    return self.single_request(host, handler, request_body, verbose)
  File "/usr/lib/python3.8/xmlrpc/client.py", line 1165, in single_request
    http_conn = self.send_request(host, handler, request_body, verbose)
  File "/usr/lib/python3.8/xmlrpc/client.py", line 1278, in send_request
    self.send_content(connection, request_body)
  File "/usr/lib/python3.8/xmlrpc/client.py", line 1308, in send_content
    connection.endheaders(request_body)
  File "/usr/lib/python3.8/http/client.py", line 1251, in endheaders
    self._send_output(message_body, encode_chunked=encode_chunked)
  File "/usr/lib/python3.8/http/client.py", line 1011, in _send_output
    self.send(msg)
  File "/usr/lib/python3.8/http/client.py", line 951, in send
    self.connect()
  File "/usr/lib/python3.8/http/client.py", line 922, in connect
    self.sock = self._create_connection(
  File "/usr/lib/python3.8/socket.py", line 808, in create_connection
    raise err
  File "/usr/lib/python3.8/socket.py", line 796, in create_connection
    sock.connect(sa)
ConnectionRefusedError: [Errno 111] Connection refused

[rosmaster.master][INFO] 2026-03-11 23:04:52,634: publisherUpdate[/tf] -> http://rera:46795/ ['http://rera:41659/', 'http://rera:36643/', 'http://rera:37863/']
[rosmaster.master][INFO] 2026-03-11 23:04:52,633: publisherUpdate[/tf] -> http://rera:38007/ ['http://rera:41659/', 'http://rera:36643/', 'http://rera:37863/']: sec=0.00, exception=[Errno 111] Connection refused
[rosmaster.master][INFO] 2026-03-11 23:04:52,635: publisherUpdate[/tf] -> http://rera:39197/ ['http://rera:41659/', 'http://rera:36643/', 'http://rera:37863/']: sec=0.00, exception=[Errno 111] Connection refused
[rosmaster.master][INFO] 2026-03-11 23:04:52,634: publisherUpdate[/tf] -> http://rera:46795/ ['http://rera:41659/', 'http://rera:36643/', 'http://rera:37863/']: sec=0.00, exception=[Errno 111] Connection refused
[rosmaster.threadpool][ERROR] 2026-03-11 23:04:52,635: Traceback (most recent call last):
  File "/opt/ros/noetic/lib/python3/dist-packages/rosmaster/threadpool.py", line 218, in run
    result = cmd(*args)
  File "/opt/ros/noetic/lib/python3/dist-packages/rosmaster/master_api.py", line 210, in publisher_update_task
    ret = xmlrpcapi(api).publisherUpdate('/master', topic, pub_uris)
  File "/usr/lib/python3.8/xmlrpc/client.py", line 1109, in __call__
    return self.__send(self.__name, args)
  File "/usr/lib/python3.8/xmlrpc/client.py", line 1450, in __request
    response = self.__transport.request(
  File "/usr/lib/python3.8/xmlrpc/client.py", line 1153, in request
    return self.single_request(host, handler, request_body, verbose)
  File "/usr/lib/python3.8/xmlrpc/client.py", line 1165, in single_request
    http_conn = self.send_request(host, handler, request_body, verbose)
  File "/usr/lib/python3.8/xmlrpc/client.py", line 1278, in send_request
    self.send_content(connection, request_body)
  File "/usr/lib/python3.8/xmlrpc/client.py", line 1308, in send_content
    connection.endheaders(request_body)
  File "/usr/lib/python3.8/http/client.py", line 1251, in endheaders
    self._send_output(message_body, encode_chunked=encode_chunked)
  File "/usr/lib/python3.8/http/client.py", line 1011, in _send_output
    self.send(msg)
  File "/usr/lib/python3.8/http/client.py", line 951, in send
    self.connect()
  File "/usr/lib/python3.8/http/client.py", line 922, in connect
    self.sock = self._create_connection(
  File "/usr/lib/python3.8/socket.py", line 808, in create_connection
    raise err
  File "/usr/lib/python3.8/socket.py", line 796, in create_connection
    sock.connect(sa)
ConnectionRefusedError: [Errno 111] Connection refused

[rosmaster.threadpool][ERROR] 2026-03-11 23:04:52,636: Traceback (most recent call last):
  File "/opt/ros/noetic/lib/python3/dist-packages/rosmaster/threadpool.py", line 218, in run
    result = cmd(*args)
  File "/opt/ros/noetic/lib/python3/dist-packages/rosmaster/master_api.py", line 210, in publisher_update_task
    ret = xmlrpcapi(api).publisherUpdate('/master', topic, pub_uris)
  File "/usr/lib/python3.8/xmlrpc/client.py", line 1109, in __call__
    return self.__send(self.__name, args)
  File "/usr/lib/python3.8/xmlrpc/client.py", line 1450, in __request
    response = self.__transport.request(
  File "/usr/lib/python3.8/xmlrpc/client.py", line 1153, in request
    return self.single_request(host, handler, request_body, verbose)
  File "/usr/lib/python3.8/xmlrpc/client.py", line 1165, in single_request
    http_conn = self.send_request(host, handler, request_body, verbose)
  File "/usr/lib/python3.8/xmlrpc/client.py", line 1278, in send_request
    self.send_content(connection, request_body)
  File "/usr/lib/python3.8/xmlrpc/client.py", line 1308, in send_content
    connection.endheaders(request_body)
  File "/usr/lib/python3.8/http/client.py", line 1251, in endheaders
    self._send_output(message_body, encode_chunked=encode_chunked)
  File "/usr/lib/python3.8/http/client.py", line 1011, in _send_output
    self.send(msg)
  File "/usr/lib/python3.8/http/client.py", line 951, in send
    self.connect()
  File "/usr/lib/python3.8/http/client.py", line 922, in connect
    self.sock = self._create_connection(
  File "/usr/lib/python3.8/socket.py", line 808, in create_connection
    raise err
  File "/usr/lib/python3.8/socket.py", line 796, in create_connection
    sock.connect(sa)
ConnectionRefusedError: [Errno 111] Connection refused

[rosmaster.master][INFO] 2026-03-11 23:04:52,636: publisherUpdate[/tf] -> http://rera:43459/ ['http://rera:41659/', 'http://rera:36643/', 'http://rera:37863/']
[rosmaster.threadpool][ERROR] 2026-03-11 23:04:52,636: Traceback (most recent call last):
  File "/opt/ros/noetic/lib/python3/dist-packages/rosmaster/threadpool.py", line 218, in run
    result = cmd(*args)
  File "/opt/ros/noetic/lib/python3/dist-packages/rosmaster/master_api.py", line 210, in publisher_update_task
    ret = xmlrpcapi(api).publisherUpdate('/master', topic, pub_uris)
  File "/usr/lib/python3.8/xmlrpc/client.py", line 1109, in __call__
    return self.__send(self.__name, args)
  File "/usr/lib/python3.8/xmlrpc/client.py", line 1450, in __request
    response = self.__transport.request(
  File "/usr/lib/python3.8/xmlrpc/client.py", line 1153, in request
    return self.single_request(host, handler, request_body, verbose)
  File "/usr/lib/python3.8/xmlrpc/client.py", line 1165, in single_request
    http_conn = self.send_request(host, handler, request_body, verbose)
  File "/usr/lib/python3.8/xmlrpc/client.py", line 1278, in send_request
    self.send_content(connection, request_body)
  File "/usr/lib/python3.8/xmlrpc/client.py", line 1308, in send_content
    connection.endheaders(request_body)
  File "/usr/lib/python3.8/http/client.py", line 1251, in endheaders
    self._send_output(message_body, encode_chunked=encode_chunked)
  File "/usr/lib/python3.8/http/client.py", line 1011, in _send_output
    self.send(msg)
  File "/usr/lib/python3.8/http/client.py", line 951, in send
    self.connect()
  File "/usr/lib/python3.8/http/client.py", line 922, in connect
    self.sock = self._create_connection(
  File "/usr/lib/python3.8/socket.py", line 808, in create_connection
    raise err
  File "/usr/lib/python3.8/socket.py", line 796, in create_connection
    sock.connect(sa)
ConnectionRefusedError: [Errno 111] Connection refused

[rosmaster.master][INFO] 2026-03-11 23:04:52,636: publisherUpdate[/tf] -> http://rera:42949/ ['http://rera:41659/', 'http://rera:36643/', 'http://rera:37863/']
[rosmaster.master][INFO] 2026-03-11 23:04:52,637: publisherUpdate[/tf] -> http://rera:43459/ ['http://rera:41659/', 'http://rera:36643/', 'http://rera:37863/']: sec=0.00, exception=[Errno 111] Connection refused
[rosmaster.master][INFO] 2026-03-11 23:04:52,637: publisherUpdate[/tf] -> http://rera:35227/ ['http://rera:41659/', 'http://rera:36643/', 'http://rera:37863/']
[rosmaster.threadpool][ERROR] 2026-03-11 23:04:52,638: Traceback (most recent call last):
  File "/opt/ros/noetic/lib/python3/dist-packages/rosmaster/threadpool.py", line 218, in run
    result = cmd(*args)
  File "/opt/ros/noetic/lib/python3/dist-packages/rosmaster/master_api.py", line 210, in publisher_update_task
    ret = xmlrpcapi(api).publisherUpdate('/master', topic, pub_uris)
  File "/usr/lib/python3.8/xmlrpc/client.py", line 1109, in __call__
    return self.__send(self.__name, args)
  File "/usr/lib/python3.8/xmlrpc/client.py", line 1450, in __request
    response = self.__transport.request(
  File "/usr/lib/python3.8/xmlrpc/client.py", line 1153, in request
    return self.single_request(host, handler, request_body, verbose)
  File "/usr/lib/python3.8/xmlrpc/client.py", line 1165, in single_request
    http_conn = self.send_request(host, handler, request_body, verbose)
  File "/usr/lib/python3.8/xmlrpc/client.py", line 1278, in send_request
    self.send_content(connection, request_body)
  File "/usr/lib/python3.8/xmlrpc/client.py", line 1308, in send_content
    connection.endheaders(request_body)
  File "/usr/lib/python3.8/http/client.py", line 1251, in endheaders
    self._send_output(message_body, encode_chunked=encode_chunked)
  File "/usr/lib/python3.8/http/client.py", line 1011, in _send_output
    self.send(msg)
  File "/usr/lib/python3.8/http/client.py", line 951, in send
    self.connect()
  File "/usr/lib/python3.8/http/client.py", line 922, in connect
    self.sock = self._create_connection(
  File "/usr/lib/python3.8/socket.py", line 808, in create_connection
    raise err
  File "/usr/lib/python3.8/socket.py", line 796, in create_connection
    sock.connect(sa)
ConnectionRefusedError: [Errno 111] Connection refused

[rosmaster.master][INFO] 2026-03-11 23:04:52,638: publisherUpdate[/tf] -> http://rera:42949/ ['http://rera:41659/', 'http://rera:36643/', 'http://rera:37863/']: sec=0.00, exception=[Errno 111] Connection refused
[rosmaster.master][INFO] 2026-03-11 23:04:52,639: publisherUpdate[/tf] -> http://rera:35227/ ['http://rera:41659/', 'http://rera:36643/', 'http://rera:37863/']: sec=0.00, exception=[Errno 111] Connection refused
[rosmaster.threadpool][ERROR] 2026-03-11 23:04:52,640: Traceback (most recent call last):
  File "/opt/ros/noetic/lib/python3/dist-packages/rosmaster/threadpool.py", line 218, in run
    result = cmd(*args)
  File "/opt/ros/noetic/lib/python3/dist-packages/rosmaster/master_api.py", line 210, in publisher_update_task
    ret = xmlrpcapi(api).publisherUpdate('/master', topic, pub_uris)
  File "/usr/lib/python3.8/xmlrpc/client.py", line 1109, in __call__
    return self.__send(self.__name, args)
  File "/usr/lib/python3.8/xmlrpc/client.py", line 1450, in __request
    response = self.__transport.request(
  File "/usr/lib/python3.8/xmlrpc/client.py", line 1153, in request
    return self.single_request(host, handler, request_body, verbose)
  File "/usr/lib/python3.8/xmlrpc/client.py", line 1165, in single_request
    http_conn = self.send_request(host, handler, request_body, verbose)
  File "/usr/lib/python3.8/xmlrpc/client.py", line 1278, in send_request
    self.send_content(connection, request_body)
  File "/usr/lib/python3.8/xmlrpc/client.py", line 1308, in send_content
    connection.endheaders(request_body)
  File "/usr/lib/python3.8/http/client.py", line 1251, in endheaders
    self._send_output(message_body, encode_chunked=encode_chunked)
  File "/usr/lib/python3.8/http/client.py", line 1011, in _send_output
    self.send(msg)
  File "/usr/lib/python3.8/http/client.py", line 951, in send
    self.connect()
  File "/usr/lib/python3.8/http/client.py", line 922, in connect
    self.sock = self._create_connection(
  File "/usr/lib/python3.8/socket.py", line 808, in create_connection
    raise err
  File "/usr/lib/python3.8/socket.py", line 796, in create_connection
    sock.connect(sa)
ConnectionRefusedError: [Errno 111] Connection refused

[rosmaster.threadpool][ERROR] 2026-03-11 23:04:52,640: Traceback (most recent call last):
  File "/opt/ros/noetic/lib/python3/dist-packages/rosmaster/threadpool.py", line 218, in run
    result = cmd(*args)
  File "/opt/ros/noetic/lib/python3/dist-packages/rosmaster/master_api.py", line 210, in publisher_update_task
    ret = xmlrpcapi(api).publisherUpdate('/master', topic, pub_uris)
  File "/usr/lib/python3.8/xmlrpc/client.py", line 1109, in __call__
    return self.__send(self.__name, args)
  File "/usr/lib/python3.8/xmlrpc/client.py", line 1450, in __request
    response = self.__transport.request(
  File "/usr/lib/python3.8/xmlrpc/client.py", line 1153, in request
    return self.single_request(host, handler, request_body, verbose)
  File "/usr/lib/python3.8/xmlrpc/client.py", line 1165, in single_request
    http_conn = self.send_request(host, handler, request_body, verbose)
  File "/usr/lib/python3.8/xmlrpc/client.py", line 1278, in send_request
    self.send_content(connection, request_body)
  File "/usr/lib/python3.8/xmlrpc/client.py", line 1308, in send_content
    connection.endheaders(request_body)
  File "/usr/lib/python3.8/http/client.py", line 1251, in endheaders
    self._send_output(message_body, encode_chunked=encode_chunked)
  File "/usr/lib/python3.8/http/client.py", line 1011, in _send_output
    self.send(msg)
  File "/usr/lib/python3.8/http/client.py", line 951, in send
    self.connect()
  File "/usr/lib/python3.8/http/client.py", line 922, in connect
    self.sock = self._create_connection(
  File "/usr/lib/python3.8/socket.py", line 808, in create_connection
    raise err
  File "/usr/lib/python3.8/socket.py", line 796, in create_connection
    sock.connect(sa)
ConnectionRefusedError: [Errno 111] Connection refused

[rosmaster.master][INFO] 2026-03-11 23:04:53,137: +PUB [/rosout] /spawn_model http://rera:36771/
[rosmaster.master][INFO] 2026-03-11 23:04:53,140: +SUB [/clock] /spawn_model http://rera:36771/
[rosmaster.master][INFO] 2026-03-11 23:04:53,142: +SERVICE [/spawn_model/get_loggers] /spawn_model http://rera:36771/
[rosmaster.master][INFO] 2026-03-11 23:04:53,144: +SERVICE [/spawn_model/set_logger_level] /spawn_model http://rera:36771/
[rosmaster.master][INFO] 2026-03-11 23:04:53,145: +CACHEDPARAM [/rosout_disable_topics_generation] by /spawn_model
[rosmaster.master][INFO] 2026-03-11 23:04:53,148: +CACHEDPARAM [/rosout_disable_topics_generation] by /spawn_model
[rosmaster.master][INFO] 2026-03-11 23:04:53,151: +CACHEDPARAM [/rosout_disable_topics_generation] by /spawn_model
[rosmaster.master][INFO] 2026-03-11 23:04:53,290: +PUB [/rosout] /gazebo http://rera:40475/
[rosmaster.master][INFO] 2026-03-11 23:04:53,291: +SERVICE [/gazebo/get_loggers] /gazebo http://rera:40475/
[rosmaster.master][INFO] 2026-03-11 23:04:53,291: +SERVICE [/gazebo/set_logger_level] /gazebo http://rera:40475/
[rosmaster.master][INFO] 2026-03-11 23:04:53,295: +SUB [/clock] /gazebo http://rera:40475/
[rosmaster.master][INFO] 2026-03-11 23:04:53,299: +CACHEDPARAM [/rosout_disable_topics_generation] by /gazebo
[rosmaster.master][INFO] 2026-03-11 23:04:53,331: +SERVICE [/fake_joint_calibration/get_loggers] /fake_joint_calibration http://rera:37481/
[rosmaster.master][INFO] 2026-03-11 23:04:53,332: +SERVICE [/fake_joint_calibration/set_logger_level] /fake_joint_calibration http://rera:37481/
[rosmaster.master][INFO] 2026-03-11 23:04:53,333: +PUB [/calibrated] /fake_joint_calibration http://rera:37481/
[rosmaster.master][INFO] 2026-03-11 23:04:53,337: +PUB [/rosout] /gazebo_gui http://rera:38039/
[rosmaster.master][INFO] 2026-03-11 23:04:53,338: +SERVICE [/gazebo_gui/get_loggers] /gazebo_gui http://rera:38039/
[rosmaster.master][INFO] 2026-03-11 23:04:53,338: +SERVICE [/gazebo_gui/set_logger_level] /gazebo_gui http://rera:38039/
[rosmaster.master][INFO] 2026-03-11 23:04:53,342: +SUB [/clock] /gazebo_gui http://rera:38039/
[rosmaster.master][INFO] 2026-03-11 23:04:53,346: +CACHEDPARAM [/rosout_disable_topics_generation] by /gazebo_gui
[rosmaster.master][INFO] 2026-03-11 23:04:53,953: +PUB [/clock] /gazebo http://rera:40475/
[rosmaster.master][INFO] 2026-03-11 23:04:53,955: +SERVICE [/gazebo/spawn_sdf_model] /gazebo http://rera:40475/
[rosmaster.master][INFO] 2026-03-11 23:04:53,956: +SERVICE [/gazebo/spawn_urdf_model] /gazebo http://rera:40475/
[rosmaster.master][INFO] 2026-03-11 23:04:53,957: +SERVICE [/gazebo/delete_model] /gazebo http://rera:40475/
[rosmaster.master][INFO] 2026-03-11 23:04:53,957: +SERVICE [/gazebo/delete_light] /gazebo http://rera:40475/
[rosmaster.master][INFO] 2026-03-11 23:04:53,958: +SERVICE [/gazebo/get_model_properties] /gazebo http://rera:40475/
[rosmaster.master][INFO] 2026-03-11 23:04:53,958: +SERVICE [/gazebo/get_model_state] /gazebo http://rera:40475/
[rosmaster.master][INFO] 2026-03-11 23:04:53,958: +SERVICE [/gazebo/get_world_properties] /gazebo http://rera:40475/
[rosmaster.master][INFO] 2026-03-11 23:04:53,959: +SERVICE [/gazebo/get_joint_properties] /gazebo http://rera:40475/
[rosmaster.master][INFO] 2026-03-11 23:04:53,959: +SERVICE [/gazebo/get_link_properties] /gazebo http://rera:40475/
[rosmaster.master][INFO] 2026-03-11 23:04:53,959: +SERVICE [/gazebo/get_link_state] /gazebo http://rera:40475/
[rosmaster.master][INFO] 2026-03-11 23:04:53,960: +SERVICE [/gazebo/get_light_properties] /gazebo http://rera:40475/
[rosmaster.master][INFO] 2026-03-11 23:04:53,960: +SERVICE [/gazebo/set_light_properties] /gazebo http://rera:40475/
[rosmaster.master][INFO] 2026-03-11 23:04:53,960: +SERVICE [/gazebo/get_physics_properties] /gazebo http://rera:40475/
[rosmaster.master][INFO] 2026-03-11 23:04:53,961: +PUB [/gazebo/link_states] /gazebo http://rera:40475/
[rosmaster.master][INFO] 2026-03-11 23:04:53,961: +PUB [/gazebo/model_states] /gazebo http://rera:40475/
[rosmaster.master][INFO] 2026-03-11 23:04:53,962: +PUB [/gazebo/performance_metrics] /gazebo http://rera:40475/
[rosmaster.master][INFO] 2026-03-11 23:04:53,962: +SERVICE [/gazebo/set_link_properties] /gazebo http://rera:40475/
[rosmaster.master][INFO] 2026-03-11 23:04:53,963: +SERVICE [/gazebo/set_physics_properties] /gazebo http://rera:40475/
[rosmaster.master][INFO] 2026-03-11 23:04:53,963: +SERVICE [/gazebo/set_model_state] /gazebo http://rera:40475/
[rosmaster.master][INFO] 2026-03-11 23:04:53,964: +SERVICE [/gazebo/set_model_configuration] /gazebo http://rera:40475/
[rosmaster.master][INFO] 2026-03-11 23:04:53,965: +SERVICE [/gazebo/set_joint_properties] /gazebo http://rera:40475/
[rosmaster.master][INFO] 2026-03-11 23:04:53,969: +SERVICE [/gazebo/set_link_state] /gazebo http://rera:40475/
[rosmaster.master][INFO] 2026-03-11 23:04:53,970: +SERVICE [/gazebo/set_parameters] /gazebo http://rera:40475/
[rosmaster.master][INFO] 2026-03-11 23:04:53,973: +SUB [/gazebo/set_link_state] /gazebo http://rera:40475/
[rosmaster.master][INFO] 2026-03-11 23:04:53,975: +SUB [/gazebo/set_model_state] /gazebo http://rera:40475/
[rosmaster.master][INFO] 2026-03-11 23:04:53,976: +SERVICE [/gazebo/pause_physics] /gazebo http://rera:40475/
[rosmaster.master][INFO] 2026-03-11 23:04:53,976: +PUB [/gazebo/parameter_descriptions] /gazebo http://rera:40475/
[rosmaster.master][INFO] 2026-03-11 23:04:53,977: +SERVICE [/gazebo/unpause_physics] /gazebo http://rera:40475/
[rosmaster.master][INFO] 2026-03-11 23:04:53,977: +SERVICE [/gazebo/apply_body_wrench] /gazebo http://rera:40475/
[rosmaster.master][INFO] 2026-03-11 23:04:53,978: +PUB [/gazebo/parameter_updates] /gazebo http://rera:40475/
[rosmaster.master][INFO] 2026-03-11 23:04:53,978: +SERVICE [/gazebo/apply_joint_effort] /gazebo http://rera:40475/
[rosmaster.master][INFO] 2026-03-11 23:04:53,978: +SERVICE [/gazebo/clear_joint_forces] /gazebo http://rera:40475/
[rosmaster.master][INFO] 2026-03-11 23:04:53,979: +SERVICE [/gazebo/clear_body_wrenches] /gazebo http://rera:40475/
[rosmaster.master][INFO] 2026-03-11 23:04:53,980: +SERVICE [/gazebo/reset_simulation] /gazebo http://rera:40475/
[rosmaster.master][INFO] 2026-03-11 23:04:53,981: +SERVICE [/gazebo/reset_world] /gazebo http://rera:40475/
[rosmaster.master][INFO] 2026-03-11 23:04:53,986: +PARAM [/gazebo/time_step] by /gazebo
[rosmaster.master][INFO] 2026-03-11 23:04:53,986: +PARAM [/gazebo/max_update_rate] by /gazebo
[rosmaster.master][INFO] 2026-03-11 23:04:53,987: +PARAM [/gazebo/gravity_x] by /gazebo
[rosmaster.master][INFO] 2026-03-11 23:04:53,987: +PARAM [/gazebo/gravity_y] by /gazebo
[rosmaster.master][INFO] 2026-03-11 23:04:53,988: +PARAM [/gazebo/gravity_z] by /gazebo
[rosmaster.master][INFO] 2026-03-11 23:04:53,989: +PARAM [/gazebo/auto_disable_bodies] by /gazebo
[rosmaster.master][INFO] 2026-03-11 23:04:53,990: +PARAM [/gazebo/sor_pgs_precon_iters] by /gazebo
[rosmaster.master][INFO] 2026-03-11 23:04:53,990: +PARAM [/gazebo/sor_pgs_iters] by /gazebo
[rosmaster.master][INFO] 2026-03-11 23:04:53,991: +PARAM [/gazebo/sor_pgs_w] by /gazebo
[rosmaster.master][INFO] 2026-03-11 23:04:53,992: +PARAM [/gazebo/sor_pgs_rms_error_tol] by /gazebo
[rosmaster.master][INFO] 2026-03-11 23:04:53,993: +PARAM [/gazebo/cfm] by /gazebo
[rosmaster.master][INFO] 2026-03-11 23:04:53,993: +PARAM [/gazebo/erp] by /gazebo
[rosmaster.master][INFO] 2026-03-11 23:04:53,994: +PARAM [/gazebo/contact_surface_layer] by /gazebo
[rosmaster.master][INFO] 2026-03-11 23:04:53,995: +PARAM [/gazebo/contact_max_correcting_vel] by /gazebo
[rosmaster.master][INFO] 2026-03-11 23:04:53,995: +PARAM [/gazebo/max_contacts] by /gazebo
[rosmaster.master][INFO] 2026-03-11 23:04:53,998: +PARAM [/gazebo/time_step] by /gazebo
[rosmaster.master][INFO] 2026-03-11 23:04:53,999: +PARAM [/gazebo/max_update_rate] by /gazebo
[rosmaster.master][INFO] 2026-03-11 23:04:53,999: +PARAM [/gazebo/gravity_x] by /gazebo
[rosmaster.master][INFO] 2026-03-11 23:04:54,000: +PARAM [/gazebo/gravity_y] by /gazebo
[rosmaster.master][INFO] 2026-03-11 23:04:54,000: +PARAM [/gazebo/gravity_z] by /gazebo
[rosmaster.master][INFO] 2026-03-11 23:04:54,001: +PARAM [/gazebo/auto_disable_bodies] by /gazebo
[rosmaster.master][INFO] 2026-03-11 23:04:54,002: +PARAM [/gazebo/sor_pgs_precon_iters] by /gazebo
[rosmaster.master][INFO] 2026-03-11 23:04:54,002: +PARAM [/gazebo/sor_pgs_iters] by /gazebo
[rosmaster.master][INFO] 2026-03-11 23:04:54,003: +PARAM [/gazebo/sor_pgs_w] by /gazebo
[rosmaster.master][INFO] 2026-03-11 23:04:54,003: +PARAM [/gazebo/sor_pgs_rms_error_tol] by /gazebo
[rosmaster.master][INFO] 2026-03-11 23:04:54,004: +PARAM [/gazebo/cfm] by /gazebo
[rosmaster.master][INFO] 2026-03-11 23:04:54,004: +PARAM [/gazebo/erp] by /gazebo
[rosmaster.master][INFO] 2026-03-11 23:04:54,005: +PARAM [/gazebo/contact_surface_layer] by /gazebo
[rosmaster.master][INFO] 2026-03-11 23:04:54,005: +PARAM [/gazebo/contact_max_correcting_vel] by /gazebo
[rosmaster.master][INFO] 2026-03-11 23:04:54,006: +PARAM [/gazebo/max_contacts] by /gazebo
[rosmaster.master][INFO] 2026-03-11 23:04:54,045: publisherUpdate[/clock] -> http://rera:39197/ ['http://rera:40475/']
[rosmaster.master][INFO] 2026-03-11 23:04:54,046: publisherUpdate[/clock] -> http://rera:39197/ ['http://rera:40475/']: sec=0.00, exception=[Errno 111] Connection refused
[rosmaster.master][INFO] 2026-03-11 23:04:54,046: publisherUpdate[/clock] -> http://rera:38007/ ['http://rera:40475/']
[rosmaster.master][INFO] 2026-03-11 23:04:54,046: publisherUpdate[/clock] -> http://rera:46795/ ['http://rera:40475/']
[rosmaster.threadpool][ERROR] 2026-03-11 23:04:54,046: Traceback (most recent call last):
  File "/opt/ros/noetic/lib/python3/dist-packages/rosmaster/threadpool.py", line 218, in run
    result = cmd(*args)
  File "/opt/ros/noetic/lib/python3/dist-packages/rosmaster/master_api.py", line 210, in publisher_update_task
    ret = xmlrpcapi(api).publisherUpdate('/master', topic, pub_uris)
  File "/usr/lib/python3.8/xmlrpc/client.py", line 1109, in __call__
    return self.__send(self.__name, args)
  File "/usr/lib/python3.8/xmlrpc/client.py", line 1450, in __request
    response = self.__transport.request(
  File "/usr/lib/python3.8/xmlrpc/client.py", line 1153, in request
    return self.single_request(host, handler, request_body, verbose)
  File "/usr/lib/python3.8/xmlrpc/client.py", line 1165, in single_request
    http_conn = self.send_request(host, handler, request_body, verbose)
  File "/usr/lib/python3.8/xmlrpc/client.py", line 1278, in send_request
    self.send_content(connection, request_body)
  File "/usr/lib/python3.8/xmlrpc/client.py", line 1308, in send_content
    connection.endheaders(request_body)
  File "/usr/lib/python3.8/http/client.py", line 1251, in endheaders
    self._send_output(message_body, encode_chunked=encode_chunked)
  File "/usr/lib/python3.8/http/client.py", line 1011, in _send_output
    self.send(msg)
  File "/usr/lib/python3.8/http/client.py", line 951, in send
    self.connect()
  File "/usr/lib/python3.8/http/client.py", line 922, in connect
    self.sock = self._create_connection(
  File "/usr/lib/python3.8/socket.py", line 808, in create_connection
    raise err
  File "/usr/lib/python3.8/socket.py", line 796, in create_connection
    sock.connect(sa)
ConnectionRefusedError: [Errno 111] Connection refused

[rosmaster.master][INFO] 2026-03-11 23:04:54,047: publisherUpdate[/clock] -> http://rera:46795/ ['http://rera:40475/']: sec=0.00, exception=[Errno 111] Connection refused
[rosmaster.master][INFO] 2026-03-11 23:04:54,047: publisherUpdate[/clock] -> http://rera:38007/ ['http://rera:40475/']: sec=0.00, exception=[Errno 111] Connection refused
[rosmaster.master][INFO] 2026-03-11 23:04:54,048: publisherUpdate[/clock] -> http://rera:37135/ ['http://rera:40475/']
[rosmaster.threadpool][ERROR] 2026-03-11 23:04:54,048: Traceback (most recent call last):
  File "/opt/ros/noetic/lib/python3/dist-packages/rosmaster/threadpool.py", line 218, in run
    result = cmd(*args)
  File "/opt/ros/noetic/lib/python3/dist-packages/rosmaster/master_api.py", line 210, in publisher_update_task
    ret = xmlrpcapi(api).publisherUpdate('/master', topic, pub_uris)
  File "/usr/lib/python3.8/xmlrpc/client.py", line 1109, in __call__
    return self.__send(self.__name, args)
  File "/usr/lib/python3.8/xmlrpc/client.py", line 1450, in __request
    response = self.__transport.request(
  File "/usr/lib/python3.8/xmlrpc/client.py", line 1153, in request
    return self.single_request(host, handler, request_body, verbose)
  File "/usr/lib/python3.8/xmlrpc/client.py", line 1165, in single_request
    http_conn = self.send_request(host, handler, request_body, verbose)
  File "/usr/lib/python3.8/xmlrpc/client.py", line 1278, in send_request
    self.send_content(connection, request_body)
  File "/usr/lib/python3.8/xmlrpc/client.py", line 1308, in send_content
    connection.endheaders(request_body)
  File "/usr/lib/python3.8/http/client.py", line 1251, in endheaders
    self._send_output(message_body, encode_chunked=encode_chunked)
  File "/usr/lib/python3.8/http/client.py", line 1011, in _send_output
    self.send(msg)
  File "/usr/lib/python3.8/http/client.py", line 951, in send
    self.connect()
  File "/usr/lib/python3.8/http/client.py", line 922, in connect
    self.sock = self._create_connection(
  File "/usr/lib/python3.8/socket.py", line 808, in create_connection
    raise err
  File "/usr/lib/python3.8/socket.py", line 796, in create_connection
    sock.connect(sa)
ConnectionRefusedError: [Errno 111] Connection refused

[rosmaster.master][INFO] 2026-03-11 23:04:54,049: publisherUpdate[/clock] -> http://rera:41659/ ['http://rera:40475/']
[rosmaster.threadpool][ERROR] 2026-03-11 23:04:54,048: Traceback (most recent call last):
  File "/opt/ros/noetic/lib/python3/dist-packages/rosmaster/threadpool.py", line 218, in run
    result = cmd(*args)
  File "/opt/ros/noetic/lib/python3/dist-packages/rosmaster/master_api.py", line 210, in publisher_update_task
    ret = xmlrpcapi(api).publisherUpdate('/master', topic, pub_uris)
  File "/usr/lib/python3.8/xmlrpc/client.py", line 1109, in __call__
    return self.__send(self.__name, args)
  File "/usr/lib/python3.8/xmlrpc/client.py", line 1450, in __request
    response = self.__transport.request(
  File "/usr/lib/python3.8/xmlrpc/client.py", line 1153, in request
    return self.single_request(host, handler, request_body, verbose)
  File "/usr/lib/python3.8/xmlrpc/client.py", line 1165, in single_request
    http_conn = self.send_request(host, handler, request_body, verbose)
  File "/usr/lib/python3.8/xmlrpc/client.py", line 1278, in send_request
    self.send_content(connection, request_body)
  File "/usr/lib/python3.8/xmlrpc/client.py", line 1308, in send_content
    connection.endheaders(request_body)
  File "/usr/lib/python3.8/http/client.py", line 1251, in endheaders
    self._send_output(message_body, encode_chunked=encode_chunked)
  File "/usr/lib/python3.8/http/client.py", line 1011, in _send_output
    self.send(msg)
  File "/usr/lib/python3.8/http/client.py", line 951, in send
    self.connect()
  File "/usr/lib/python3.8/http/client.py", line 922, in connect
    self.sock = self._create_connection(
  File "/usr/lib/python3.8/socket.py", line 808, in create_connection
    raise err
  File "/usr/lib/python3.8/socket.py", line 796, in create_connection
    sock.connect(sa)
ConnectionRefusedError: [Errno 111] Connection refused

[rosmaster.master][INFO] 2026-03-11 23:04:54,050: publisherUpdate[/clock] -> http://rera:42949/ ['http://rera:40475/']
[rosmaster.master][INFO] 2026-03-11 23:04:54,050: publisherUpdate[/clock] -> http://rera:37135/ ['http://rera:40475/']: sec=0.00, exception=[Errno 111] Connection refused
[rosmaster.master][INFO] 2026-03-11 23:04:54,050: publisherUpdate[/clock] -> http://rera:41659/ ['http://rera:40475/']: sec=0.00, exception=[Errno 111] Connection refused
[rosmaster.master][INFO] 2026-03-11 23:04:54,050: publisherUpdate[/clock] -> http://rera:42949/ ['http://rera:40475/']: sec=0.00, exception=[Errno 111] Connection refused
[rosmaster.threadpool][ERROR] 2026-03-11 23:04:54,051: Traceback (most recent call last):
  File "/opt/ros/noetic/lib/python3/dist-packages/rosmaster/threadpool.py", line 218, in run
    result = cmd(*args)
  File "/opt/ros/noetic/lib/python3/dist-packages/rosmaster/master_api.py", line 210, in publisher_update_task
    ret = xmlrpcapi(api).publisherUpdate('/master', topic, pub_uris)
  File "/usr/lib/python3.8/xmlrpc/client.py", line 1109, in __call__
    return self.__send(self.__name, args)
  File "/usr/lib/python3.8/xmlrpc/client.py", line 1450, in __request
    response = self.__transport.request(
  File "/usr/lib/python3.8/xmlrpc/client.py", line 1153, in request
    return self.single_request(host, handler, request_body, verbose)
  File "/usr/lib/python3.8/xmlrpc/client.py", line 1165, in single_request
    http_conn = self.send_request(host, handler, request_body, verbose)
  File "/usr/lib/python3.8/xmlrpc/client.py", line 1278, in send_request
    self.send_content(connection, request_body)
  File "/usr/lib/python3.8/xmlrpc/client.py", line 1308, in send_content
    connection.endheaders(request_body)
  File "/usr/lib/python3.8/http/client.py", line 1251, in endheaders
    self._send_output(message_body, encode_chunked=encode_chunked)
  File "/usr/lib/python3.8/http/client.py", line 1011, in _send_output
    self.send(msg)
  File "/usr/lib/python3.8/http/client.py", line 951, in send
    self.connect()
  File "/usr/lib/python3.8/http/client.py", line 922, in connect
    self.sock = self._create_connection(
  File "/usr/lib/python3.8/socket.py", line 808, in create_connection
    raise err
  File "/usr/lib/python3.8/socket.py", line 796, in create_connection
    sock.connect(sa)
ConnectionRefusedError: [Errno 111] Connection refused

[rosmaster.threadpool][ERROR] 2026-03-11 23:04:54,051: Traceback (most recent call last):
  File "/opt/ros/noetic/lib/python3/dist-packages/rosmaster/threadpool.py", line 218, in run
    result = cmd(*args)
  File "/opt/ros/noetic/lib/python3/dist-packages/rosmaster/master_api.py", line 210, in publisher_update_task
    ret = xmlrpcapi(api).publisherUpdate('/master', topic, pub_uris)
  File "/usr/lib/python3.8/xmlrpc/client.py", line 1109, in __call__
    return self.__send(self.__name, args)
  File "/usr/lib/python3.8/xmlrpc/client.py", line 1450, in __request
    response = self.__transport.request(
  File "/usr/lib/python3.8/xmlrpc/client.py", line 1153, in request
    return self.single_request(host, handler, request_body, verbose)
  File "/usr/lib/python3.8/xmlrpc/client.py", line 1165, in single_request
    http_conn = self.send_request(host, handler, request_body, verbose)
  File "/usr/lib/python3.8/xmlrpc/client.py", line 1278, in send_request
    self.send_content(connection, request_body)
  File "/usr/lib/python3.8/xmlrpc/client.py", line 1308, in send_content
    connection.endheaders(request_body)
  File "/usr/lib/python3.8/http/client.py", line 1251, in endheaders
    self._send_output(message_body, encode_chunked=encode_chunked)
  File "/usr/lib/python3.8/http/client.py", line 1011, in _send_output
    self.send(msg)
  File "/usr/lib/python3.8/http/client.py", line 951, in send
    self.connect()
  File "/usr/lib/python3.8/http/client.py", line 922, in connect
    self.sock = self._create_connection(
  File "/usr/lib/python3.8/socket.py", line 808, in create_connection
    raise err
  File "/usr/lib/python3.8/socket.py", line 796, in create_connection
    sock.connect(sa)
ConnectionRefusedError: [Errno 111] Connection refused

[rosmaster.master][INFO] 2026-03-11 23:04:54,052: publisherUpdate[/clock] -> http://rera:43459/ ['http://rera:40475/']
[rosmaster.master][INFO] 2026-03-11 23:04:54,052: publisherUpdate[/clock] -> http://rera:35227/ ['http://rera:40475/']
[rosmaster.threadpool][ERROR] 2026-03-11 23:04:54,052: Traceback (most recent call last):
  File "/opt/ros/noetic/lib/python3/dist-packages/rosmaster/threadpool.py", line 218, in run
    result = cmd(*args)
  File "/opt/ros/noetic/lib/python3/dist-packages/rosmaster/master_api.py", line 210, in publisher_update_task
    ret = xmlrpcapi(api).publisherUpdate('/master', topic, pub_uris)
  File "/usr/lib/python3.8/xmlrpc/client.py", line 1109, in __call__
    return self.__send(self.__name, args)
  File "/usr/lib/python3.8/xmlrpc/client.py", line 1450, in __request
    response = self.__transport.request(
  File "/usr/lib/python3.8/xmlrpc/client.py", line 1153, in request
    return self.single_request(host, handler, request_body, verbose)
  File "/usr/lib/python3.8/xmlrpc/client.py", line 1165, in single_request
    http_conn = self.send_request(host, handler, request_body, verbose)
  File "/usr/lib/python3.8/xmlrpc/client.py", line 1278, in send_request
    self.send_content(connection, request_body)
  File "/usr/lib/python3.8/xmlrpc/client.py", line 1308, in send_content
    connection.endheaders(request_body)
  File "/usr/lib/python3.8/http/client.py", line 1251, in endheaders
    self._send_output(message_body, encode_chunked=encode_chunked)
  File "/usr/lib/python3.8/http/client.py", line 1011, in _send_output
    self.send(msg)
  File "/usr/lib/python3.8/http/client.py", line 951, in send
    self.connect()
  File "/usr/lib/python3.8/http/client.py", line 922, in connect
    self.sock = self._create_connection(
  File "/usr/lib/python3.8/socket.py", line 808, in create_connection
    raise err
  File "/usr/lib/python3.8/socket.py", line 796, in create_connection
    sock.connect(sa)
ConnectionRefusedError: [Errno 111] Connection refused

[rosmaster.master][INFO] 2026-03-11 23:04:54,053: publisherUpdate[/clock] -> http://rera:36643/ ['http://rera:40475/']
[rosmaster.master][INFO] 2026-03-11 23:04:54,053: publisherUpdate[/clock] -> http://rera:43459/ ['http://rera:40475/']: sec=0.00, exception=[Errno 111] Connection refused
[rosmaster.master][INFO] 2026-03-11 23:04:54,053: publisherUpdate[/clock] -> http://rera:35227/ ['http://rera:40475/']: sec=0.00, exception=[Errno 111] Connection refused
[rosmaster.threadpool][ERROR] 2026-03-11 23:04:54,054: Traceback (most recent call last):
  File "/opt/ros/noetic/lib/python3/dist-packages/rosmaster/threadpool.py", line 218, in run
    result = cmd(*args)
  File "/opt/ros/noetic/lib/python3/dist-packages/rosmaster/master_api.py", line 210, in publisher_update_task
    ret = xmlrpcapi(api).publisherUpdate('/master', topic, pub_uris)
  File "/usr/lib/python3.8/xmlrpc/client.py", line 1109, in __call__
    return self.__send(self.__name, args)
  File "/usr/lib/python3.8/xmlrpc/client.py", line 1450, in __request
    response = self.__transport.request(
  File "/usr/lib/python3.8/xmlrpc/client.py", line 1153, in request
    return self.single_request(host, handler, request_body, verbose)
  File "/usr/lib/python3.8/xmlrpc/client.py", line 1165, in single_request
    http_conn = self.send_request(host, handler, request_body, verbose)
  File "/usr/lib/python3.8/xmlrpc/client.py", line 1278, in send_request
    self.send_content(connection, request_body)
  File "/usr/lib/python3.8/xmlrpc/client.py", line 1308, in send_content
    connection.endheaders(request_body)
  File "/usr/lib/python3.8/http/client.py", line 1251, in endheaders
    self._send_output(message_body, encode_chunked=encode_chunked)
  File "/usr/lib/python3.8/http/client.py", line 1011, in _send_output
    self.send(msg)
  File "/usr/lib/python3.8/http/client.py", line 951, in send
    self.connect()
  File "/usr/lib/python3.8/http/client.py", line 922, in connect
    self.sock = self._create_connection(
  File "/usr/lib/python3.8/socket.py", line 808, in create_connection
    raise err
  File "/usr/lib/python3.8/socket.py", line 796, in create_connection
    sock.connect(sa)
ConnectionRefusedError: [Errno 111] Connection refused

[rosmaster.master][INFO] 2026-03-11 23:04:54,055: publisherUpdate[/clock] -> http://rera:36643/ ['http://rera:40475/']: sec=0.00, result=[1, '', 0]
[rosmaster.threadpool][ERROR] 2026-03-11 23:04:54,055: Traceback (most recent call last):
  File "/opt/ros/noetic/lib/python3/dist-packages/rosmaster/threadpool.py", line 218, in run
    result = cmd(*args)
  File "/opt/ros/noetic/lib/python3/dist-packages/rosmaster/master_api.py", line 210, in publisher_update_task
    ret = xmlrpcapi(api).publisherUpdate('/master', topic, pub_uris)
  File "/usr/lib/python3.8/xmlrpc/client.py", line 1109, in __call__
    return self.__send(self.__name, args)
  File "/usr/lib/python3.8/xmlrpc/client.py", line 1450, in __request
    response = self.__transport.request(
  File "/usr/lib/python3.8/xmlrpc/client.py", line 1153, in request
    return self.single_request(host, handler, request_body, verbose)
  File "/usr/lib/python3.8/xmlrpc/client.py", line 1165, in single_request
    http_conn = self.send_request(host, handler, request_body, verbose)
  File "/usr/lib/python3.8/xmlrpc/client.py", line 1278, in send_request
    self.send_content(connection, request_body)
  File "/usr/lib/python3.8/xmlrpc/client.py", line 1308, in send_content
    connection.endheaders(request_body)
  File "/usr/lib/python3.8/http/client.py", line 1251, in endheaders
    self._send_output(message_body, encode_chunked=encode_chunked)
  File "/usr/lib/python3.8/http/client.py", line 1011, in _send_output
    self.send(msg)
  File "/usr/lib/python3.8/http/client.py", line 951, in send
    self.connect()
  File "/usr/lib/python3.8/http/client.py", line 922, in connect
    self.sock = self._create_connection(
  File "/usr/lib/python3.8/socket.py", line 808, in create_connection
    raise err
  File "/usr/lib/python3.8/socket.py", line 796, in create_connection
    sock.connect(sa)
ConnectionRefusedError: [Errno 111] Connection refused

[rosmaster.master][INFO] 2026-03-11 23:04:54,056: publisherUpdate[/clock] -> http://rera:40475/ ['http://rera:40475/']
[rosmaster.master][INFO] 2026-03-11 23:04:54,056: publisherUpdate[/clock] -> http://rera:37863/ ['http://rera:40475/']
[rosmaster.master][INFO] 2026-03-11 23:04:54,056: publisherUpdate[/clock] -> http://rera:36771/ ['http://rera:40475/']
[rosmaster.master][INFO] 2026-03-11 23:04:54,057: +CACHEDPARAM [/rosout_disable_topics_generation] by /spawn_model
[rosmaster.master][INFO] 2026-03-11 23:04:54,058: publisherUpdate[/clock] -> http://rera:40475/ ['http://rera:40475/']: sec=0.00, result=[1, '', 0]
[rosmaster.master][INFO] 2026-03-11 23:04:54,058: publisherUpdate[/clock] -> http://rera:37863/ ['http://rera:40475/']: sec=0.00, result=[1, '', 0]
[rosmaster.master][INFO] 2026-03-11 23:04:54,059: publisherUpdate[/clock] -> http://rera:38039/ ['http://rera:40475/']
[rosmaster.master][INFO] 2026-03-11 23:04:54,060: publisherUpdate[/clock] -> http://rera:36771/ ['http://rera:40475/']: sec=0.00, result=[1, '', 0]
[rosmaster.master][INFO] 2026-03-11 23:04:54,060: publisherUpdate[/clock] -> http://rera:38039/ ['http://rera:40475/']: sec=0.00, result=[1, '', 0]
[rosmaster.master][INFO] 2026-03-11 23:04:54,061: +CACHEDPARAM [/rosout_disable_topics_generation] by /spawn_model
[rosmaster.master][INFO] 2026-03-11 23:04:55,909: +SERVICE [/camera/set_camera_info] /gazebo http://rera:40475/
[rosmaster.master][INFO] 2026-03-11 23:04:55,914: +SERVICE [/camera/set_parameters] /gazebo http://rera:40475/
[rosmaster.master][INFO] 2026-03-11 23:04:55,915: +PUB [/camera/parameter_descriptions] /gazebo http://rera:40475/
[rosmaster.master][INFO] 2026-03-11 23:04:55,916: +PUB [/camera/parameter_updates] /gazebo http://rera:40475/
[rosmaster.master][INFO] 2026-03-11 23:04:55,917: +PARAM [/camera/imager_rate] by /gazebo
[rosmaster.master][INFO] 2026-03-11 23:04:55,918: +PARAM [/camera/imager_rate] by /gazebo
[rosmaster.master][INFO] 2026-03-11 23:04:55,924: +PARAM [/camera/imager_rate] by /gazebo
[rosmaster.master][INFO] 2026-03-11 23:04:55,925: +PARAM [/camera/imager_rate] by /gazebo
[rosmaster.master][INFO] 2026-03-11 23:04:55,968: +PUB [/camera/color/image_raw/compressedDepth] /gazebo http://rera:40475/
[rosmaster.master][INFO] 2026-03-11 23:04:55,968: +PUB [/camera/depth/image_raw/compressedDepth] /gazebo http://rera:40475/
[rosmaster.master][INFO] 2026-03-11 23:04:55,969: +SERVICE [/camera/color/image_raw/compressedDepth/set_parameters] /gazebo http://rera:40475/
[rosmaster.master][INFO] 2026-03-11 23:04:55,971: +PUB [/camera/color/image_raw/compressedDepth/parameter_descriptions] /gazebo http://rera:40475/
[rosmaster.master][INFO] 2026-03-11 23:04:55,973: +SERVICE [/camera/depth/image_raw/compressedDepth/set_parameters] /gazebo http://rera:40475/
[rosmaster.master][INFO] 2026-03-11 23:04:55,973: +PUB [/camera/imu] /gazebo http://rera:40475/
[rosmaster.master][INFO] 2026-03-11 23:04:55,974: +PUB [/camera/color/image_raw/compressedDepth/parameter_updates] /gazebo http://rera:40475/
[rosmaster.master][INFO] 2026-03-11 23:04:55,975: +PUB [/camera/depth/image_raw/compressedDepth/parameter_descriptions] /gazebo http://rera:40475/
[rosmaster.master][INFO] 2026-03-11 23:04:55,976: +PUB [/camera/depth/image_raw/compressedDepth/parameter_updates] /gazebo http://rera:40475/
[rosmaster.master][INFO] 2026-03-11 23:04:55,978: +PARAM [/camera/color/image_raw/compressedDepth/format] by /gazebo
[rosmaster.master][INFO] 2026-03-11 23:04:55,979: +PARAM [/camera/color/image_raw/compressedDepth/depth_max] by /gazebo
[rosmaster.master][INFO] 2026-03-11 23:04:55,979: +PARAM [/camera/color/image_raw/compressedDepth/depth_quantization] by /gazebo
[rosmaster.master][INFO] 2026-03-11 23:04:55,980: +PARAM [/camera/color/image_raw/compressedDepth/png_level] by /gazebo
[rosmaster.master][INFO] 2026-03-11 23:04:55,980: +PARAM [/camera/color/image_raw/compressedDepth/format] by /gazebo
[rosmaster.master][INFO] 2026-03-11 23:04:55,981: +PARAM [/camera/color/image_raw/compressedDepth/depth_max] by /gazebo
[rosmaster.master][INFO] 2026-03-11 23:04:55,982: +PARAM [/camera/color/image_raw/compressedDepth/depth_quantization] by /gazebo
[rosmaster.master][INFO] 2026-03-11 23:04:55,983: +PARAM [/camera/color/image_raw/compressedDepth/png_level] by /gazebo
[rosmaster.master][INFO] 2026-03-11 23:04:55,984: +PARAM [/camera/depth/image_raw/compressedDepth/format] by /gazebo
[rosmaster.master][INFO] 2026-03-11 23:04:55,984: +PARAM [/camera/depth/image_raw/compressedDepth/depth_max] by /gazebo
[rosmaster.master][INFO] 2026-03-11 23:04:55,985: +PARAM [/camera/depth/image_raw/compressedDepth/depth_quantization] by /gazebo
[rosmaster.master][INFO] 2026-03-11 23:04:55,986: +PARAM [/camera/depth/image_raw/compressedDepth/png_level] by /gazebo
[rosmaster.master][INFO] 2026-03-11 23:04:55,986: +PUB [/camera/color/image_raw/compressed] /gazebo http://rera:40475/
[rosmaster.master][INFO] 2026-03-11 23:04:55,987: +PARAM [/camera/depth/image_raw/compressedDepth/format] by /gazebo
[rosmaster.master][INFO] 2026-03-11 23:04:55,988: +PARAM [/camera/depth/image_raw/compressedDepth/depth_max] by /gazebo
[rosmaster.master][INFO] 2026-03-11 23:04:55,988: +SERVICE [/camera/color/image_raw/compressed/set_parameters] /gazebo http://rera:40475/
[rosmaster.master][INFO] 2026-03-11 23:04:55,989: +PARAM [/camera/depth/image_raw/compressedDepth/depth_quantization] by /gazebo
[rosmaster.master][INFO] 2026-03-11 23:04:55,989: +PUB [/camera/color/image_raw/compressed/parameter_descriptions] /gazebo http://rera:40475/
[rosmaster.master][INFO] 2026-03-11 23:04:55,990: +PARAM [/camera/depth/image_raw/compressedDepth/png_level] by /gazebo
[rosmaster.master][INFO] 2026-03-11 23:04:55,990: +PUB [/camera/color/image_raw/compressed/parameter_updates] /gazebo http://rera:40475/
[rosmaster.master][INFO] 2026-03-11 23:04:55,991: +PUB [/camera/depth/image_raw/compressed] /gazebo http://rera:40475/
[rosmaster.master][INFO] 2026-03-11 23:04:55,991: +SERVICE [/camera/depth/image_raw/compressed/set_parameters] /gazebo http://rera:40475/
[rosmaster.master][INFO] 2026-03-11 23:04:55,992: +PUB [/camera/depth/image_raw/compressed/parameter_descriptions] /gazebo http://rera:40475/
[rosmaster.master][INFO] 2026-03-11 23:04:55,993: +PUB [/camera/depth/image_raw/compressed/parameter_updates] /gazebo http://rera:40475/
[rosmaster.master][INFO] 2026-03-11 23:04:55,994: +PARAM [/camera/color/image_raw/compressed/format] by /gazebo
[rosmaster.master][INFO] 2026-03-11 23:04:55,995: +PARAM [/camera/color/image_raw/compressed/jpeg_quality] by /gazebo
[rosmaster.master][INFO] 2026-03-11 23:04:55,995: +PARAM [/camera/color/image_raw/compressed/jpeg_progressive] by /gazebo
[rosmaster.master][INFO] 2026-03-11 23:04:55,996: +PARAM [/camera/color/image_raw/compressed/jpeg_optimize] by /gazebo
[rosmaster.master][INFO] 2026-03-11 23:04:55,996: +PARAM [/camera/color/image_raw/compressed/jpeg_restart_interval] by /gazebo
[rosmaster.master][INFO] 2026-03-11 23:04:55,997: +PARAM [/camera/color/image_raw/compressed/png_level] by /gazebo
[rosmaster.master][INFO] 2026-03-11 23:04:55,998: +PARAM [/camera/color/image_raw/compressed/format] by /gazebo
[rosmaster.master][INFO] 2026-03-11 23:04:55,999: +PARAM [/camera/color/image_raw/compressed/jpeg_quality] by /gazebo
[rosmaster.master][INFO] 2026-03-11 23:04:55,999: +PARAM [/camera/color/image_raw/compressed/jpeg_progressive] by /gazebo
[rosmaster.master][INFO] 2026-03-11 23:04:56,000: +PARAM [/camera/color/image_raw/compressed/jpeg_optimize] by /gazebo
[rosmaster.master][INFO] 2026-03-11 23:04:56,000: +PARAM [/camera/color/image_raw/compressed/jpeg_restart_interval] by /gazebo
[rosmaster.master][INFO] 2026-03-11 23:04:56,001: +PARAM [/camera/color/image_raw/compressed/png_level] by /gazebo
[rosmaster.master][INFO] 2026-03-11 23:04:56,002: +PARAM [/camera/depth/image_raw/compressed/format] by /gazebo
[rosmaster.master][INFO] 2026-03-11 23:04:56,003: +PARAM [/camera/depth/image_raw/compressed/jpeg_quality] by /gazebo
[rosmaster.master][INFO] 2026-03-11 23:04:56,004: +PUB [/camera/color/image_raw] /gazebo http://rera:40475/
[rosmaster.master][INFO] 2026-03-11 23:04:56,004: +PARAM [/camera/depth/image_raw/compressed/jpeg_progressive] by /gazebo
[rosmaster.master][INFO] 2026-03-11 23:04:56,005: +PARAM [/camera/depth/image_raw/compressed/jpeg_optimize] by /gazebo
[rosmaster.master][INFO] 2026-03-11 23:04:56,006: +PARAM [/camera/depth/image_raw/compressed/jpeg_restart_interval] by /gazebo
[rosmaster.master][INFO] 2026-03-11 23:04:56,006: +PARAM [/camera/depth/image_raw/compressed/png_level] by /gazebo
[rosmaster.master][INFO] 2026-03-11 23:04:56,007: +PUB [/camera/color/image_raw/theora] /gazebo http://rera:40475/
[rosmaster.master][INFO] 2026-03-11 23:04:56,007: +PARAM [/camera/depth/image_raw/compressed/format] by /gazebo
[rosmaster.master][INFO] 2026-03-11 23:04:56,008: +SERVICE [/camera/color/image_raw/theora/set_parameters] /gazebo http://rera:40475/
[rosmaster.master][INFO] 2026-03-11 23:04:56,009: +PARAM [/camera/depth/image_raw/compressed/jpeg_quality] by /gazebo
[rosmaster.master][INFO] 2026-03-11 23:04:56,009: +PUB [/camera/color/image_raw/theora/parameter_descriptions] /gazebo http://rera:40475/
[rosmaster.master][INFO] 2026-03-11 23:04:56,010: +PARAM [/camera/depth/image_raw/compressed/jpeg_progressive] by /gazebo
[rosmaster.master][INFO] 2026-03-11 23:04:56,010: +PUB [/camera/color/image_raw/theora/parameter_updates] /gazebo http://rera:40475/
[rosmaster.master][INFO] 2026-03-11 23:04:56,010: +PARAM [/camera/depth/image_raw/compressed/jpeg_optimize] by /gazebo
[rosmaster.master][INFO] 2026-03-11 23:04:56,012: +PARAM [/camera/depth/image_raw/compressed/jpeg_restart_interval] by /gazebo
[rosmaster.master][INFO] 2026-03-11 23:04:56,012: +PARAM [/camera/depth/image_raw/compressed/png_level] by /gazebo
[rosmaster.master][INFO] 2026-03-11 23:04:56,013: +PARAM [/camera/color/image_raw/theora/optimize_for] by /gazebo
[rosmaster.master][INFO] 2026-03-11 23:04:56,013: +PUB [/camera/depth/image_raw] /gazebo http://rera:40475/
[rosmaster.master][INFO] 2026-03-11 23:04:56,014: +PARAM [/camera/color/image_raw/theora/target_bitrate] by /gazebo
[rosmaster.master][INFO] 2026-03-11 23:04:56,014: +PARAM [/camera/color/image_raw/theora/quality] by /gazebo
[rosmaster.master][INFO] 2026-03-11 23:04:56,015: +PUB [/camera/depth/image_raw/theora] /gazebo http://rera:40475/
[rosmaster.master][INFO] 2026-03-11 23:04:56,015: +PARAM [/camera/color/image_raw/theora/keyframe_frequency] by /gazebo
[rosmaster.master][INFO] 2026-03-11 23:04:56,016: +SERVICE [/camera/depth/image_raw/theora/set_parameters] /gazebo http://rera:40475/
[rosmaster.master][INFO] 2026-03-11 23:04:56,016: +PARAM [/camera/color/image_raw/theora/optimize_for] by /gazebo
[rosmaster.master][INFO] 2026-03-11 23:04:56,017: +PUB [/camera/depth/image_raw/theora/parameter_descriptions] /gazebo http://rera:40475/
[rosmaster.master][INFO] 2026-03-11 23:04:56,017: +PARAM [/camera/color/image_raw/theora/target_bitrate] by /gazebo
[rosmaster.master][INFO] 2026-03-11 23:04:56,018: +PUB [/camera/depth/image_raw/theora/parameter_updates] /gazebo http://rera:40475/
[rosmaster.master][INFO] 2026-03-11 23:04:56,019: +PARAM [/camera/color/image_raw/theora/quality] by /gazebo
[rosmaster.master][INFO] 2026-03-11 23:04:56,020: +PARAM [/camera/color/image_raw/theora/keyframe_frequency] by /gazebo
[rosmaster.master][INFO] 2026-03-11 23:04:56,021: +PUB [/camera/color/camera_info] /gazebo http://rera:40475/
[rosmaster.master][INFO] 2026-03-11 23:04:56,021: +PARAM [/camera/depth/image_raw/theora/optimize_for] by /gazebo
[rosmaster.master][INFO] 2026-03-11 23:04:56,022: +PARAM [/camera/depth/image_raw/theora/target_bitrate] by /gazebo
[rosmaster.master][INFO] 2026-03-11 23:04:56,022: +PARAM [/camera/depth/image_raw/theora/quality] by /gazebo
[rosmaster.master][INFO] 2026-03-11 23:04:56,023: +PARAM [/camera/depth/image_raw/theora/keyframe_frequency] by /gazebo
[rosmaster.master][INFO] 2026-03-11 23:04:56,024: +PARAM [/camera/depth/image_raw/theora/optimize_for] by /gazebo
[rosmaster.master][INFO] 2026-03-11 23:04:56,024: +PARAM [/camera/depth/image_raw/theora/target_bitrate] by /gazebo
[rosmaster.master][INFO] 2026-03-11 23:04:56,025: +PARAM [/camera/depth/image_raw/theora/quality] by /gazebo
[rosmaster.master][INFO] 2026-03-11 23:04:56,025: +PARAM [/camera/depth/image_raw/theora/keyframe_frequency] by /gazebo
[rosmaster.master][INFO] 2026-03-11 23:04:56,026: +PUB [/camera/depth/camera_info] /gazebo http://rera:40475/
[rosmaster.master][INFO] 2026-03-11 23:04:56,027: +PUB [/camera/depth/points] /gazebo http://rera:40475/
[rosmaster.master][INFO] 2026-03-11 23:04:56,065: publisherUpdate[/camera/imu] -> http://rera:41659/ ['http://rera:40475/']
[rosmaster.master][INFO] 2026-03-11 23:04:56,065: publisherUpdate[/camera/imu] -> http://rera:41659/ ['http://rera:40475/']: sec=0.00, exception=[Errno 111] Connection refused
[rosmaster.threadpool][ERROR] 2026-03-11 23:04:56,065: Traceback (most recent call last):
  File "/opt/ros/noetic/lib/python3/dist-packages/rosmaster/threadpool.py", line 218, in run
    result = cmd(*args)
  File "/opt/ros/noetic/lib/python3/dist-packages/rosmaster/master_api.py", line 210, in publisher_update_task
    ret = xmlrpcapi(api).publisherUpdate('/master', topic, pub_uris)
  File "/usr/lib/python3.8/xmlrpc/client.py", line 1109, in __call__
    return self.__send(self.__name, args)
  File "/usr/lib/python3.8/xmlrpc/client.py", line 1450, in __request
    response = self.__transport.request(
  File "/usr/lib/python3.8/xmlrpc/client.py", line 1153, in request
    return self.single_request(host, handler, request_body, verbose)
  File "/usr/lib/python3.8/xmlrpc/client.py", line 1165, in single_request
    http_conn = self.send_request(host, handler, request_body, verbose)
  File "/usr/lib/python3.8/xmlrpc/client.py", line 1278, in send_request
    self.send_content(connection, request_body)
  File "/usr/lib/python3.8/xmlrpc/client.py", line 1308, in send_content
    connection.endheaders(request_body)
  File "/usr/lib/python3.8/http/client.py", line 1251, in endheaders
    self._send_output(message_body, encode_chunked=encode_chunked)
  File "/usr/lib/python3.8/http/client.py", line 1011, in _send_output
    self.send(msg)
  File "/usr/lib/python3.8/http/client.py", line 951, in send
    self.connect()
  File "/usr/lib/python3.8/http/client.py", line 922, in connect
    self.sock = self._create_connection(
  File "/usr/lib/python3.8/socket.py", line 808, in create_connection
    raise err
  File "/usr/lib/python3.8/socket.py", line 796, in create_connection
    sock.connect(sa)
ConnectionRefusedError: [Errno 111] Connection refused

[rosmaster.master][INFO] 2026-03-11 23:05:22,856: +PUB [/velodyne_points] /gazebo http://rera:40475/
[rosmaster.master][INFO] 2026-03-11 23:05:22,861: +CACHEDPARAM [/rosout_disable_topics_generation] by /spawn_model
[rosmaster.master][INFO] 2026-03-11 23:05:22,864: -SUB [/clock] /spawn_model http://rera:36771/
[rosmaster.master][INFO] 2026-03-11 23:05:22,864: -PUB [/rosout] /spawn_model http://rera:36771/
[rosmaster.master][INFO] 2026-03-11 23:05:22,864: -SERVICE [/spawn_model/get_loggers] /spawn_model rosrpc://rera:45741
[rosmaster.master][INFO] 2026-03-11 23:05:22,864: -SERVICE [/spawn_model/set_logger_level] /spawn_model rosrpc://rera:45741
[rosmaster.master][INFO] 2026-03-11 23:05:22,925: publisherUpdate[/velodyne_points] -> http://rera:41659/ ['http://rera:40475/']
[rosmaster.master][INFO] 2026-03-11 23:05:22,926: publisherUpdate[/velodyne_points] -> http://rera:41659/ ['http://rera:40475/']: sec=0.00, exception=[Errno 111] Connection refused
[rosmaster.threadpool][ERROR] 2026-03-11 23:05:22,926: Traceback (most recent call last):
  File "/opt/ros/noetic/lib/python3/dist-packages/rosmaster/threadpool.py", line 218, in run
    result = cmd(*args)
  File "/opt/ros/noetic/lib/python3/dist-packages/rosmaster/master_api.py", line 210, in publisher_update_task
    ret = xmlrpcapi(api).publisherUpdate('/master', topic, pub_uris)
  File "/usr/lib/python3.8/xmlrpc/client.py", line 1109, in __call__
    return self.__send(self.__name, args)
  File "/usr/lib/python3.8/xmlrpc/client.py", line 1450, in __request
    response = self.__transport.request(
  File "/usr/lib/python3.8/xmlrpc/client.py", line 1153, in request
    return self.single_request(host, handler, request_body, verbose)
  File "/usr/lib/python3.8/xmlrpc/client.py", line 1165, in single_request
    http_conn = self.send_request(host, handler, request_body, verbose)
  File "/usr/lib/python3.8/xmlrpc/client.py", line 1278, in send_request
    self.send_content(connection, request_body)
  File "/usr/lib/python3.8/xmlrpc/client.py", line 1308, in send_content
    connection.endheaders(request_body)
  File "/usr/lib/python3.8/http/client.py", line 1251, in endheaders
    self._send_output(message_body, encode_chunked=encode_chunked)
  File "/usr/lib/python3.8/http/client.py", line 1011, in _send_output
    self.send(msg)
  File "/usr/lib/python3.8/http/client.py", line 951, in send
    self.connect()
  File "/usr/lib/python3.8/http/client.py", line 922, in connect
    self.sock = self._create_connection(
  File "/usr/lib/python3.8/socket.py", line 808, in create_connection
    raise err
  File "/usr/lib/python3.8/socket.py", line 796, in create_connection
    sock.connect(sa)
ConnectionRefusedError: [Errno 111] Connection refused

[rosmaster.master][ERROR] 2026-03-11 23:05:25,280: Traceback (most recent call last):
  File "/opt/ros/noetic/lib/python3/dist-packages/rosmaster/master_api.py", line 177, in validated_f
    code, msg, val = f(*newArgs, **kwds)
  File "/opt/ros/noetic/lib/python3/dist-packages/rosmaster/master_api.py", line 435, in searchParam
    search_key = self.param_server.search_param(caller_id, key)
  File "/opt/ros/noetic/lib/python3/dist-packages/rosmaster/paramserver.py", line 116, in search_param
    raise ValueError("namespace must be global")
ValueError: namespace must be global

[rosmaster.master][INFO] 2026-03-11 23:05:25,283: +PUB [/tf] /gazebo http://rera:40475/
[rosmaster.master][INFO] 2026-03-11 23:05:25,286: +SUB [/cmd_vel] /gazebo http://rera:40475/
[rosmaster.master][INFO] 2026-03-11 23:05:25,287: +PUB [/odom] /gazebo http://rera:40475/
[rosmaster.master][INFO] 2026-03-11 23:05:25,332: publisherUpdate[/tf] -> http://rera:39197/ ['http://rera:41659/', 'http://rera:36643/', 'http://rera:37863/', 'http://rera:40475/']
[rosmaster.master][INFO] 2026-03-11 23:05:25,333: publisherUpdate[/tf] -> http://rera:39197/ ['http://rera:41659/', 'http://rera:36643/', 'http://rera:37863/', 'http://rera:40475/']: sec=0.00, exception=[Errno 111] Connection refused
[rosmaster.threadpool][ERROR] 2026-03-11 23:05:25,333: Traceback (most recent call last):
  File "/opt/ros/noetic/lib/python3/dist-packages/rosmaster/threadpool.py", line 218, in run
    result = cmd(*args)
  File "/opt/ros/noetic/lib/python3/dist-packages/rosmaster/master_api.py", line 210, in publisher_update_task
    ret = xmlrpcapi(api).publisherUpdate('/master', topic, pub_uris)
  File "/usr/lib/python3.8/xmlrpc/client.py", line 1109, in __call__
    return self.__send(self.__name, args)
  File "/usr/lib/python3.8/xmlrpc/client.py", line 1450, in __request
    response = self.__transport.request(
  File "/usr/lib/python3.8/xmlrpc/client.py", line 1153, in request
    return self.single_request(host, handler, request_body, verbose)
  File "/usr/lib/python3.8/xmlrpc/client.py", line 1165, in single_request
    http_conn = self.send_request(host, handler, request_body, verbose)
  File "/usr/lib/python3.8/xmlrpc/client.py", line 1278, in send_request
    self.send_content(connection, request_body)
  File "/usr/lib/python3.8/xmlrpc/client.py", line 1308, in send_content
    connection.endheaders(request_body)
  File "/usr/lib/python3.8/http/client.py", line 1251, in endheaders
    self._send_output(message_body, encode_chunked=encode_chunked)
  File "/usr/lib/python3.8/http/client.py", line 1011, in _send_output
    self.send(msg)
  File "/usr/lib/python3.8/http/client.py", line 951, in send
    self.connect()
  File "/usr/lib/python3.8/http/client.py", line 922, in connect
    self.sock = self._create_connection(
  File "/usr/lib/python3.8/socket.py", line 808, in create_connection
    raise err
  File "/usr/lib/python3.8/socket.py", line 796, in create_connection
    sock.connect(sa)
ConnectionRefusedError: [Errno 111] Connection refused

[rosmaster.master][INFO] 2026-03-11 23:05:25,333: publisherUpdate[/tf] -> http://rera:38007/ ['http://rera:41659/', 'http://rera:36643/', 'http://rera:37863/', 'http://rera:40475/']
[rosmaster.master][INFO] 2026-03-11 23:05:25,333: publisherUpdate[/tf] -> http://rera:38007/ ['http://rera:41659/', 'http://rera:36643/', 'http://rera:37863/', 'http://rera:40475/']: sec=0.00, exception=[Errno 111] Connection refused
[rosmaster.threadpool][ERROR] 2026-03-11 23:05:25,334: Traceback (most recent call last):
  File "/opt/ros/noetic/lib/python3/dist-packages/rosmaster/threadpool.py", line 218, in run
    result = cmd(*args)
  File "/opt/ros/noetic/lib/python3/dist-packages/rosmaster/master_api.py", line 210, in publisher_update_task
    ret = xmlrpcapi(api).publisherUpdate('/master', topic, pub_uris)
  File "/usr/lib/python3.8/xmlrpc/client.py", line 1109, in __call__
    return self.__send(self.__name, args)
  File "/usr/lib/python3.8/xmlrpc/client.py", line 1450, in __request
    response = self.__transport.request(
  File "/usr/lib/python3.8/xmlrpc/client.py", line 1153, in request
    return self.single_request(host, handler, request_body, verbose)
  File "/usr/lib/python3.8/xmlrpc/client.py", line 1165, in single_request
    http_conn = self.send_request(host, handler, request_body, verbose)
  File "/usr/lib/python3.8/xmlrpc/client.py", line 1278, in send_request
    self.send_content(connection, request_body)
  File "/usr/lib/python3.8/xmlrpc/client.py", line 1308, in send_content
    connection.endheaders(request_body)
  File "/usr/lib/python3.8/http/client.py", line 1251, in endheaders
    self._send_output(message_body, encode_chunked=encode_chunked)
  File "/usr/lib/python3.8/http/client.py", line 1011, in _send_output
    self.send(msg)
  File "/usr/lib/python3.8/http/client.py", line 951, in send
    self.connect()
  File "/usr/lib/python3.8/http/client.py", line 922, in connect
    self.sock = self._create_connection(
  File "/usr/lib/python3.8/socket.py", line 808, in create_connection
    raise err
  File "/usr/lib/python3.8/socket.py", line 796, in create_connection
    sock.connect(sa)
ConnectionRefusedError: [Errno 111] Connection refused

[rosmaster.master][INFO] 2026-03-11 23:05:25,334: publisherUpdate[/tf] -> http://rera:46795/ ['http://rera:41659/', 'http://rera:36643/', 'http://rera:37863/', 'http://rera:40475/']
[rosmaster.master][INFO] 2026-03-11 23:05:25,334: publisherUpdate[/tf] -> http://rera:46795/ ['http://rera:41659/', 'http://rera:36643/', 'http://rera:37863/', 'http://rera:40475/']: sec=0.00, exception=[Errno 111] Connection refused
[rosmaster.threadpool][ERROR] 2026-03-11 23:05:25,334: Traceback (most recent call last):
  File "/opt/ros/noetic/lib/python3/dist-packages/rosmaster/threadpool.py", line 218, in run
    result = cmd(*args)
  File "/opt/ros/noetic/lib/python3/dist-packages/rosmaster/master_api.py", line 210, in publisher_update_task
    ret = xmlrpcapi(api).publisherUpdate('/master', topic, pub_uris)
  File "/usr/lib/python3.8/xmlrpc/client.py", line 1109, in __call__
    return self.__send(self.__name, args)
  File "/usr/lib/python3.8/xmlrpc/client.py", line 1450, in __request
    response = self.__transport.request(
  File "/usr/lib/python3.8/xmlrpc/client.py", line 1153, in request
    return self.single_request(host, handler, request_body, verbose)
  File "/usr/lib/python3.8/xmlrpc/client.py", line 1165, in single_request
    http_conn = self.send_request(host, handler, request_body, verbose)
  File "/usr/lib/python3.8/xmlrpc/client.py", line 1278, in send_request
    self.send_content(connection, request_body)
  File "/usr/lib/python3.8/xmlrpc/client.py", line 1308, in send_content
    connection.endheaders(request_body)
  File "/usr/lib/python3.8/http/client.py", line 1251, in endheaders
    self._send_output(message_body, encode_chunked=encode_chunked)
  File "/usr/lib/python3.8/http/client.py", line 1011, in _send_output
    self.send(msg)
  File "/usr/lib/python3.8/http/client.py", line 951, in send
    self.connect()
  File "/usr/lib/python3.8/http/client.py", line 922, in connect
    self.sock = self._create_connection(
  File "/usr/lib/python3.8/socket.py", line 808, in create_connection
    raise err
  File "/usr/lib/python3.8/socket.py", line 796, in create_connection
    sock.connect(sa)
ConnectionRefusedError: [Errno 111] Connection refused

[rosmaster.master][INFO] 2026-03-11 23:05:25,335: publisherUpdate[/tf] -> http://rera:42949/ ['http://rera:41659/', 'http://rera:36643/', 'http://rera:37863/', 'http://rera:40475/']
[rosmaster.master][INFO] 2026-03-11 23:05:25,335: publisherUpdate[/tf] -> http://rera:42949/ ['http://rera:41659/', 'http://rera:36643/', 'http://rera:37863/', 'http://rera:40475/']: sec=0.00, exception=[Errno 111] Connection refused
[rosmaster.threadpool][ERROR] 2026-03-11 23:05:25,335: Traceback (most recent call last):
  File "/opt/ros/noetic/lib/python3/dist-packages/rosmaster/threadpool.py", line 218, in run
    result = cmd(*args)
  File "/opt/ros/noetic/lib/python3/dist-packages/rosmaster/master_api.py", line 210, in publisher_update_task
    ret = xmlrpcapi(api).publisherUpdate('/master', topic, pub_uris)
  File "/usr/lib/python3.8/xmlrpc/client.py", line 1109, in __call__
    return self.__send(self.__name, args)
  File "/usr/lib/python3.8/xmlrpc/client.py", line 1450, in __request
    response = self.__transport.request(
  File "/usr/lib/python3.8/xmlrpc/client.py", line 1153, in request
    return self.single_request(host, handler, request_body, verbose)
  File "/usr/lib/python3.8/xmlrpc/client.py", line 1165, in single_request
    http_conn = self.send_request(host, handler, request_body, verbose)
  File "/usr/lib/python3.8/xmlrpc/client.py", line 1278, in send_request
    self.send_content(connection, request_body)
  File "/usr/lib/python3.8/xmlrpc/client.py", line 1308, in send_content
    connection.endheaders(request_body)
  File "/usr/lib/python3.8/http/client.py", line 1251, in endheaders
    self._send_output(message_body, encode_chunked=encode_chunked)
  File "/usr/lib/python3.8/http/client.py", line 1011, in _send_output
    self.send(msg)
  File "/usr/lib/python3.8/http/client.py", line 951, in send
    self.connect()
  File "/usr/lib/python3.8/http/client.py", line 922, in connect
    self.sock = self._create_connection(
  File "/usr/lib/python3.8/socket.py", line 808, in create_connection
    raise err
  File "/usr/lib/python3.8/socket.py", line 796, in create_connection
    sock.connect(sa)
ConnectionRefusedError: [Errno 111] Connection refused

[rosmaster.master][INFO] 2026-03-11 23:05:25,335: publisherUpdate[/tf] -> http://rera:43459/ ['http://rera:41659/', 'http://rera:36643/', 'http://rera:37863/', 'http://rera:40475/']
[rosmaster.master][INFO] 2026-03-11 23:05:25,336: publisherUpdate[/tf] -> http://rera:43459/ ['http://rera:41659/', 'http://rera:36643/', 'http://rera:37863/', 'http://rera:40475/']: sec=0.00, exception=[Errno 111] Connection refused
[rosmaster.threadpool][ERROR] 2026-03-11 23:05:25,336: Traceback (most recent call last):
  File "/opt/ros/noetic/lib/python3/dist-packages/rosmaster/threadpool.py", line 218, in run
    result = cmd(*args)
  File "/opt/ros/noetic/lib/python3/dist-packages/rosmaster/master_api.py", line 210, in publisher_update_task
    ret = xmlrpcapi(api).publisherUpdate('/master', topic, pub_uris)
  File "/usr/lib/python3.8/xmlrpc/client.py", line 1109, in __call__
    return self.__send(self.__name, args)
  File "/usr/lib/python3.8/xmlrpc/client.py", line 1450, in __request
    response = self.__transport.request(
  File "/usr/lib/python3.8/xmlrpc/client.py", line 1153, in request
    return self.single_request(host, handler, request_body, verbose)
  File "/usr/lib/python3.8/xmlrpc/client.py", line 1165, in single_request
    http_conn = self.send_request(host, handler, request_body, verbose)
  File "/usr/lib/python3.8/xmlrpc/client.py", line 1278, in send_request
    self.send_content(connection, request_body)
  File "/usr/lib/python3.8/xmlrpc/client.py", line 1308, in send_content
    connection.endheaders(request_body)
  File "/usr/lib/python3.8/http/client.py", line 1251, in endheaders
    self._send_output(message_body, encode_chunked=encode_chunked)
  File "/usr/lib/python3.8/http/client.py", line 1011, in _send_output
    self.send(msg)
  File "/usr/lib/python3.8/http/client.py", line 951, in send
    self.connect()
  File "/usr/lib/python3.8/http/client.py", line 922, in connect
    self.sock = self._create_connection(
  File "/usr/lib/python3.8/socket.py", line 808, in create_connection
    raise err
  File "/usr/lib/python3.8/socket.py", line 796, in create_connection
    sock.connect(sa)
ConnectionRefusedError: [Errno 111] Connection refused

[rosmaster.master][INFO] 2026-03-11 23:05:25,336: publisherUpdate[/tf] -> http://rera:35227/ ['http://rera:41659/', 'http://rera:36643/', 'http://rera:37863/', 'http://rera:40475/']
[rosmaster.master][INFO] 2026-03-11 23:05:25,336: publisherUpdate[/tf] -> http://rera:35227/ ['http://rera:41659/', 'http://rera:36643/', 'http://rera:37863/', 'http://rera:40475/']: sec=0.00, exception=[Errno 111] Connection refused
[rosmaster.threadpool][ERROR] 2026-03-11 23:05:25,336: Traceback (most recent call last):
  File "/opt/ros/noetic/lib/python3/dist-packages/rosmaster/threadpool.py", line 218, in run
    result = cmd(*args)
  File "/opt/ros/noetic/lib/python3/dist-packages/rosmaster/master_api.py", line 210, in publisher_update_task
    ret = xmlrpcapi(api).publisherUpdate('/master', topic, pub_uris)
  File "/usr/lib/python3.8/xmlrpc/client.py", line 1109, in __call__
    return self.__send(self.__name, args)
  File "/usr/lib/python3.8/xmlrpc/client.py", line 1450, in __request
    response = self.__transport.request(
  File "/usr/lib/python3.8/xmlrpc/client.py", line 1153, in request
    return self.single_request(host, handler, request_body, verbose)
  File "/usr/lib/python3.8/xmlrpc/client.py", line 1165, in single_request
    http_conn = self.send_request(host, handler, request_body, verbose)
  File "/usr/lib/python3.8/xmlrpc/client.py", line 1278, in send_request
    self.send_content(connection, request_body)
  File "/usr/lib/python3.8/xmlrpc/client.py", line 1308, in send_content
    connection.endheaders(request_body)
  File "/usr/lib/python3.8/http/client.py", line 1251, in endheaders
    self._send_output(message_body, encode_chunked=encode_chunked)
  File "/usr/lib/python3.8/http/client.py", line 1011, in _send_output
    self.send(msg)
  File "/usr/lib/python3.8/http/client.py", line 951, in send
    self.connect()
  File "/usr/lib/python3.8/http/client.py", line 922, in connect
    self.sock = self._create_connection(
  File "/usr/lib/python3.8/socket.py", line 808, in create_connection
    raise err
  File "/usr/lib/python3.8/socket.py", line 796, in create_connection
    sock.connect(sa)
ConnectionRefusedError: [Errno 111] Connection refused

[rosmaster.master][INFO] 2026-03-11 23:05:42,913: +PARAM [/roslaunch/uris/host_rera__37137] by /roslaunch
[rosmaster.master][INFO] 2026-03-11 23:05:42,916: +PARAM [/rosversion] by /roslaunch
[rosmaster.master][INFO] 2026-03-11 23:05:42,917: +PARAM [/rosdistro] by /roslaunch
[rosmaster.master][INFO] 2026-03-11 23:05:42,917: +PARAM [/robot_description] by /roslaunch
[rosmaster.master][INFO] 2026-03-11 23:05:43,054: +PUB [/rosout] /robot_state_publisher http://rera:34257/
[rosmaster.master][INFO] 2026-03-11 23:05:43,055: +SERVICE [/robot_state_publisher/get_loggers] /robot_state_publisher http://rera:34257/
[rosmaster.master][INFO] 2026-03-11 23:05:43,056: +SERVICE [/robot_state_publisher/set_logger_level] /robot_state_publisher http://rera:34257/
[rosmaster.master][INFO] 2026-03-11 23:05:43,059: +SUB [/clock] /robot_state_publisher http://rera:34257/
[rosmaster.master][INFO] 2026-03-11 23:05:43,062: +CACHEDPARAM [/rosout_disable_topics_generation] by /robot_state_publisher
[rosmaster.master][INFO] 2026-03-11 23:05:43,064: +PUB [/tf] /robot_state_publisher http://rera:34257/
[rosmaster.master][INFO] 2026-03-11 23:05:43,065: +PUB [/tf_static] /robot_state_publisher http://rera:34257/
[rosmaster.master][INFO] 2026-03-11 23:05:43,070: +SUB [/joint_states] /robot_state_publisher http://rera:34257/
[rosmaster.master][INFO] 2026-03-11 23:05:43,081: publisherUpdate[/tf] -> http://rera:39197/ ['http://rera:41659/', 'http://rera:36643/', 'http://rera:37863/', 'http://rera:40475/', 'http://rera:34257/']
[rosmaster.master][INFO] 2026-03-11 23:05:43,081: publisherUpdate[/tf] -> http://rera:39197/ ['http://rera:41659/', 'http://rera:36643/', 'http://rera:37863/', 'http://rera:40475/', 'http://rera:34257/']: sec=0.00, exception=[Errno 111] Connection refused
[rosmaster.threadpool][ERROR] 2026-03-11 23:05:43,082: Traceback (most recent call last):
  File "/opt/ros/noetic/lib/python3/dist-packages/rosmaster/threadpool.py", line 218, in run
    result = cmd(*args)
  File "/opt/ros/noetic/lib/python3/dist-packages/rosmaster/master_api.py", line 210, in publisher_update_task
    ret = xmlrpcapi(api).publisherUpdate('/master', topic, pub_uris)
  File "/usr/lib/python3.8/xmlrpc/client.py", line 1109, in __call__
    return self.__send(self.__name, args)
  File "/usr/lib/python3.8/xmlrpc/client.py", line 1450, in __request
    response = self.__transport.request(
  File "/usr/lib/python3.8/xmlrpc/client.py", line 1153, in request
    return self.single_request(host, handler, request_body, verbose)
  File "/usr/lib/python3.8/xmlrpc/client.py", line 1165, in single_request
    http_conn = self.send_request(host, handler, request_body, verbose)
  File "/usr/lib/python3.8/xmlrpc/client.py", line 1278, in send_request
    self.send_content(connection, request_body)
  File "/usr/lib/python3.8/xmlrpc/client.py", line 1308, in send_content
    connection.endheaders(request_body)
  File "/usr/lib/python3.8/http/client.py", line 1251, in endheaders
    self._send_output(message_body, encode_chunked=encode_chunked)
  File "/usr/lib/python3.8/http/client.py", line 1011, in _send_output
    self.send(msg)
  File "/usr/lib/python3.8/http/client.py", line 951, in send
    self.connect()
  File "/usr/lib/python3.8/http/client.py", line 922, in connect
    self.sock = self._create_connection(
  File "/usr/lib/python3.8/socket.py", line 808, in create_connection
    raise err
  File "/usr/lib/python3.8/socket.py", line 796, in create_connection
    sock.connect(sa)
ConnectionRefusedError: [Errno 111] Connection refused

[rosmaster.master][INFO] 2026-03-11 23:05:43,082: publisherUpdate[/tf] -> http://rera:38007/ ['http://rera:41659/', 'http://rera:36643/', 'http://rera:37863/', 'http://rera:40475/', 'http://rera:34257/']
[rosmaster.master][INFO] 2026-03-11 23:05:43,082: publisherUpdate[/tf] -> http://rera:38007/ ['http://rera:41659/', 'http://rera:36643/', 'http://rera:37863/', 'http://rera:40475/', 'http://rera:34257/']: sec=0.00, exception=[Errno 111] Connection refused
[rosmaster.threadpool][ERROR] 2026-03-11 23:05:43,082: Traceback (most recent call last):
  File "/opt/ros/noetic/lib/python3/dist-packages/rosmaster/threadpool.py", line 218, in run
    result = cmd(*args)
  File "/opt/ros/noetic/lib/python3/dist-packages/rosmaster/master_api.py", line 210, in publisher_update_task
    ret = xmlrpcapi(api).publisherUpdate('/master', topic, pub_uris)
  File "/usr/lib/python3.8/xmlrpc/client.py", line 1109, in __call__
    return self.__send(self.__name, args)
  File "/usr/lib/python3.8/xmlrpc/client.py", line 1450, in __request
    response = self.__transport.request(
  File "/usr/lib/python3.8/xmlrpc/client.py", line 1153, in request
    return self.single_request(host, handler, request_body, verbose)
  File "/usr/lib/python3.8/xmlrpc/client.py", line 1165, in single_request
    http_conn = self.send_request(host, handler, request_body, verbose)
  File "/usr/lib/python3.8/xmlrpc/client.py", line 1278, in send_request
    self.send_content(connection, request_body)
  File "/usr/lib/python3.8/xmlrpc/client.py", line 1308, in send_content
    connection.endheaders(request_body)
  File "/usr/lib/python3.8/http/client.py", line 1251, in endheaders
    self._send_output(message_body, encode_chunked=encode_chunked)
  File "/usr/lib/python3.8/http/client.py", line 1011, in _send_output
    self.send(msg)
  File "/usr/lib/python3.8/http/client.py", line 951, in send
    self.connect()
  File "/usr/lib/python3.8/http/client.py", line 922, in connect
    self.sock = self._create_connection(
  File "/usr/lib/python3.8/socket.py", line 808, in create_connection
    raise err
  File "/usr/lib/python3.8/socket.py", line 796, in create_connection
    sock.connect(sa)
ConnectionRefusedError: [Errno 111] Connection refused

[rosmaster.master][INFO] 2026-03-11 23:05:43,082: publisherUpdate[/tf] -> http://rera:46795/ ['http://rera:41659/', 'http://rera:36643/', 'http://rera:37863/', 'http://rera:40475/', 'http://rera:34257/']
[rosmaster.master][INFO] 2026-03-11 23:05:43,083: publisherUpdate[/tf] -> http://rera:46795/ ['http://rera:41659/', 'http://rera:36643/', 'http://rera:37863/', 'http://rera:40475/', 'http://rera:34257/']: sec=0.00, exception=[Errno 111] Connection refused
[rosmaster.threadpool][ERROR] 2026-03-11 23:05:43,083: Traceback (most recent call last):
  File "/opt/ros/noetic/lib/python3/dist-packages/rosmaster/threadpool.py", line 218, in run
    result = cmd(*args)
  File "/opt/ros/noetic/lib/python3/dist-packages/rosmaster/master_api.py", line 210, in publisher_update_task
    ret = xmlrpcapi(api).publisherUpdate('/master', topic, pub_uris)
  File "/usr/lib/python3.8/xmlrpc/client.py", line 1109, in __call__
    return self.__send(self.__name, args)
  File "/usr/lib/python3.8/xmlrpc/client.py", line 1450, in __request
    response = self.__transport.request(
  File "/usr/lib/python3.8/xmlrpc/client.py", line 1153, in request
    return self.single_request(host, handler, request_body, verbose)
  File "/usr/lib/python3.8/xmlrpc/client.py", line 1165, in single_request
    http_conn = self.send_request(host, handler, request_body, verbose)
  File "/usr/lib/python3.8/xmlrpc/client.py", line 1278, in send_request
    self.send_content(connection, request_body)
  File "/usr/lib/python3.8/xmlrpc/client.py", line 1308, in send_content
    connection.endheaders(request_body)
  File "/usr/lib/python3.8/http/client.py", line 1251, in endheaders
    self._send_output(message_body, encode_chunked=encode_chunked)
  File "/usr/lib/python3.8/http/client.py", line 1011, in _send_output
    self.send(msg)
  File "/usr/lib/python3.8/http/client.py", line 951, in send
    self.connect()
  File "/usr/lib/python3.8/http/client.py", line 922, in connect
    self.sock = self._create_connection(
  File "/usr/lib/python3.8/socket.py", line 808, in create_connection
    raise err
  File "/usr/lib/python3.8/socket.py", line 796, in create_connection
    sock.connect(sa)
ConnectionRefusedError: [Errno 111] Connection refused

[rosmaster.master][INFO] 2026-03-11 23:05:43,083: publisherUpdate[/tf] -> http://rera:42949/ ['http://rera:41659/', 'http://rera:36643/', 'http://rera:37863/', 'http://rera:40475/', 'http://rera:34257/']
[rosmaster.master][INFO] 2026-03-11 23:05:43,083: publisherUpdate[/tf] -> http://rera:42949/ ['http://rera:41659/', 'http://rera:36643/', 'http://rera:37863/', 'http://rera:40475/', 'http://rera:34257/']: sec=0.00, exception=[Errno 111] Connection refused
[rosmaster.threadpool][ERROR] 2026-03-11 23:05:43,084: Traceback (most recent call last):
  File "/opt/ros/noetic/lib/python3/dist-packages/rosmaster/threadpool.py", line 218, in run
    result = cmd(*args)
  File "/opt/ros/noetic/lib/python3/dist-packages/rosmaster/master_api.py", line 210, in publisher_update_task
    ret = xmlrpcapi(api).publisherUpdate('/master', topic, pub_uris)
  File "/usr/lib/python3.8/xmlrpc/client.py", line 1109, in __call__
    return self.__send(self.__name, args)
  File "/usr/lib/python3.8/xmlrpc/client.py", line 1450, in __request
    response = self.__transport.request(
  File "/usr/lib/python3.8/xmlrpc/client.py", line 1153, in request
    return self.single_request(host, handler, request_body, verbose)
  File "/usr/lib/python3.8/xmlrpc/client.py", line 1165, in single_request
    http_conn = self.send_request(host, handler, request_body, verbose)
  File "/usr/lib/python3.8/xmlrpc/client.py", line 1278, in send_request
    self.send_content(connection, request_body)
  File "/usr/lib/python3.8/xmlrpc/client.py", line 1308, in send_content
    connection.endheaders(request_body)
  File "/usr/lib/python3.8/http/client.py", line 1251, in endheaders
    self._send_output(message_body, encode_chunked=encode_chunked)
  File "/usr/lib/python3.8/http/client.py", line 1011, in _send_output
    self.send(msg)
  File "/usr/lib/python3.8/http/client.py", line 951, in send
    self.connect()
  File "/usr/lib/python3.8/http/client.py", line 922, in connect
    self.sock = self._create_connection(
  File "/usr/lib/python3.8/socket.py", line 808, in create_connection
    raise err
  File "/usr/lib/python3.8/socket.py", line 796, in create_connection
    sock.connect(sa)
ConnectionRefusedError: [Errno 111] Connection refused

[rosmaster.master][INFO] 2026-03-11 23:05:43,084: publisherUpdate[/tf] -> http://rera:43459/ ['http://rera:41659/', 'http://rera:36643/', 'http://rera:37863/', 'http://rera:40475/', 'http://rera:34257/']
[rosmaster.master][INFO] 2026-03-11 23:05:43,084: publisherUpdate[/tf] -> http://rera:43459/ ['http://rera:41659/', 'http://rera:36643/', 'http://rera:37863/', 'http://rera:40475/', 'http://rera:34257/']: sec=0.00, exception=[Errno 111] Connection refused
[rosmaster.threadpool][ERROR] 2026-03-11 23:05:43,084: Traceback (most recent call last):
  File "/opt/ros/noetic/lib/python3/dist-packages/rosmaster/threadpool.py", line 218, in run
    result = cmd(*args)
  File "/opt/ros/noetic/lib/python3/dist-packages/rosmaster/master_api.py", line 210, in publisher_update_task
    ret = xmlrpcapi(api).publisherUpdate('/master', topic, pub_uris)
  File "/usr/lib/python3.8/xmlrpc/client.py", line 1109, in __call__
    return self.__send(self.__name, args)
  File "/usr/lib/python3.8/xmlrpc/client.py", line 1450, in __request
    response = self.__transport.request(
  File "/usr/lib/python3.8/xmlrpc/client.py", line 1153, in request
    return self.single_request(host, handler, request_body, verbose)
  File "/usr/lib/python3.8/xmlrpc/client.py", line 1165, in single_request
    http_conn = self.send_request(host, handler, request_body, verbose)
  File "/usr/lib/python3.8/xmlrpc/client.py", line 1278, in send_request
    self.send_content(connection, request_body)
  File "/usr/lib/python3.8/xmlrpc/client.py", line 1308, in send_content
    connection.endheaders(request_body)
  File "/usr/lib/python3.8/http/client.py", line 1251, in endheaders
    self._send_output(message_body, encode_chunked=encode_chunked)
  File "/usr/lib/python3.8/http/client.py", line 1011, in _send_output
    self.send(msg)
  File "/usr/lib/python3.8/http/client.py", line 951, in send
    self.connect()
  File "/usr/lib/python3.8/http/client.py", line 922, in connect
    self.sock = self._create_connection(
  File "/usr/lib/python3.8/socket.py", line 808, in create_connection
    raise err
  File "/usr/lib/python3.8/socket.py", line 796, in create_connection
    sock.connect(sa)
ConnectionRefusedError: [Errno 111] Connection refused

[rosmaster.master][INFO] 2026-03-11 23:05:43,084: publisherUpdate[/tf] -> http://rera:35227/ ['http://rera:41659/', 'http://rera:36643/', 'http://rera:37863/', 'http://rera:40475/', 'http://rera:34257/']
[rosmaster.master][INFO] 2026-03-11 23:05:43,085: publisherUpdate[/tf] -> http://rera:35227/ ['http://rera:41659/', 'http://rera:36643/', 'http://rera:37863/', 'http://rera:40475/', 'http://rera:34257/']: sec=0.00, exception=[Errno 111] Connection refused
[rosmaster.master][INFO] 2026-03-11 23:05:43,085: publisherUpdate[/tf_static] -> http://rera:39197/ ['http://rera:34257/']
[rosmaster.threadpool][ERROR] 2026-03-11 23:05:43,085: Traceback (most recent call last):
  File "/opt/ros/noetic/lib/python3/dist-packages/rosmaster/threadpool.py", line 218, in run
    result = cmd(*args)
  File "/opt/ros/noetic/lib/python3/dist-packages/rosmaster/master_api.py", line 210, in publisher_update_task
    ret = xmlrpcapi(api).publisherUpdate('/master', topic, pub_uris)
  File "/usr/lib/python3.8/xmlrpc/client.py", line 1109, in __call__
    return self.__send(self.__name, args)
  File "/usr/lib/python3.8/xmlrpc/client.py", line 1450, in __request
    response = self.__transport.request(
  File "/usr/lib/python3.8/xmlrpc/client.py", line 1153, in request
    return self.single_request(host, handler, request_body, verbose)
  File "/usr/lib/python3.8/xmlrpc/client.py", line 1165, in single_request
    http_conn = self.send_request(host, handler, request_body, verbose)
  File "/usr/lib/python3.8/xmlrpc/client.py", line 1278, in send_request
    self.send_content(connection, request_body)
  File "/usr/lib/python3.8/xmlrpc/client.py", line 1308, in send_content
    connection.endheaders(request_body)
  File "/usr/lib/python3.8/http/client.py", line 1251, in endheaders
    self._send_output(message_body, encode_chunked=encode_chunked)
  File "/usr/lib/python3.8/http/client.py", line 1011, in _send_output
    self.send(msg)
  File "/usr/lib/python3.8/http/client.py", line 951, in send
    self.connect()
  File "/usr/lib/python3.8/http/client.py", line 922, in connect
    self.sock = self._create_connection(
  File "/usr/lib/python3.8/socket.py", line 808, in create_connection
    raise err
  File "/usr/lib/python3.8/socket.py", line 796, in create_connection
    sock.connect(sa)
ConnectionRefusedError: [Errno 111] Connection refused

[rosmaster.master][INFO] 2026-03-11 23:05:43,086: publisherUpdate[/tf_static] -> http://rera:46795/ ['http://rera:34257/']
[rosmaster.master][INFO] 2026-03-11 23:05:43,085: publisherUpdate[/tf_static] -> http://rera:38007/ ['http://rera:34257/']
[rosmaster.master][INFO] 2026-03-11 23:05:43,086: publisherUpdate[/tf_static] -> http://rera:39197/ ['http://rera:34257/']: sec=0.00, exception=[Errno 111] Connection refused
[rosmaster.master][INFO] 2026-03-11 23:05:43,087: publisherUpdate[/tf_static] -> http://rera:46795/ ['http://rera:34257/']: sec=0.00, exception=[Errno 111] Connection refused
[rosmaster.threadpool][ERROR] 2026-03-11 23:05:43,088: Traceback (most recent call last):
  File "/opt/ros/noetic/lib/python3/dist-packages/rosmaster/threadpool.py", line 218, in run
    result = cmd(*args)
  File "/opt/ros/noetic/lib/python3/dist-packages/rosmaster/master_api.py", line 210, in publisher_update_task
    ret = xmlrpcapi(api).publisherUpdate('/master', topic, pub_uris)
  File "/usr/lib/python3.8/xmlrpc/client.py", line 1109, in __call__
    return self.__send(self.__name, args)
  File "/usr/lib/python3.8/xmlrpc/client.py", line 1450, in __request
    response = self.__transport.request(
  File "/usr/lib/python3.8/xmlrpc/client.py", line 1153, in request
    return self.single_request(host, handler, request_body, verbose)
  File "/usr/lib/python3.8/xmlrpc/client.py", line 1165, in single_request
    http_conn = self.send_request(host, handler, request_body, verbose)
  File "/usr/lib/python3.8/xmlrpc/client.py", line 1278, in send_request
    self.send_content(connection, request_body)
  File "/usr/lib/python3.8/xmlrpc/client.py", line 1308, in send_content
    connection.endheaders(request_body)
  File "/usr/lib/python3.8/http/client.py", line 1251, in endheaders
    self._send_output(message_body, encode_chunked=encode_chunked)
  File "/usr/lib/python3.8/http/client.py", line 1011, in _send_output
    self.send(msg)
  File "/usr/lib/python3.8/http/client.py", line 951, in send
    self.connect()
  File "/usr/lib/python3.8/http/client.py", line 922, in connect
    self.sock = self._create_connection(
  File "/usr/lib/python3.8/socket.py", line 808, in create_connection
    raise err
  File "/usr/lib/python3.8/socket.py", line 796, in create_connection
    sock.connect(sa)
ConnectionRefusedError: [Errno 111] Connection refused

[rosmaster.threadpool][ERROR] 2026-03-11 23:05:43,089: Traceback (most recent call last):
  File "/opt/ros/noetic/lib/python3/dist-packages/rosmaster/threadpool.py", line 218, in run
    result = cmd(*args)
  File "/opt/ros/noetic/lib/python3/dist-packages/rosmaster/master_api.py", line 210, in publisher_update_task
    ret = xmlrpcapi(api).publisherUpdate('/master', topic, pub_uris)
  File "/usr/lib/python3.8/xmlrpc/client.py", line 1109, in __call__
    return self.__send(self.__name, args)
  File "/usr/lib/python3.8/xmlrpc/client.py", line 1450, in __request
    response = self.__transport.request(
  File "/usr/lib/python3.8/xmlrpc/client.py", line 1153, in request
    return self.single_request(host, handler, request_body, verbose)
  File "/usr/lib/python3.8/xmlrpc/client.py", line 1165, in single_request
    http_conn = self.send_request(host, handler, request_body, verbose)
  File "/usr/lib/python3.8/xmlrpc/client.py", line 1278, in send_request
    self.send_content(connection, request_body)
  File "/usr/lib/python3.8/xmlrpc/client.py", line 1308, in send_content
    connection.endheaders(request_body)
  File "/usr/lib/python3.8/http/client.py", line 1251, in endheaders
    self._send_output(message_body, encode_chunked=encode_chunked)
  File "/usr/lib/python3.8/http/client.py", line 1011, in _send_output
    self.send(msg)
  File "/usr/lib/python3.8/http/client.py", line 951, in send
    self.connect()
  File "/usr/lib/python3.8/http/client.py", line 922, in connect
    self.sock = self._create_connection(
  File "/usr/lib/python3.8/socket.py", line 808, in create_connection
    raise err
  File "/usr/lib/python3.8/socket.py", line 796, in create_connection
    sock.connect(sa)
ConnectionRefusedError: [Errno 111] Connection refused

[rosmaster.master][INFO] 2026-03-11 23:05:43,089: publisherUpdate[/tf_static] -> http://rera:43459/ ['http://rera:34257/']
[rosmaster.master][INFO] 2026-03-11 23:05:43,089: publisherUpdate[/tf_static] -> http://rera:42949/ ['http://rera:34257/']
[rosmaster.master][INFO] 2026-03-11 23:05:43,089: publisherUpdate[/tf_static] -> http://rera:38007/ ['http://rera:34257/']: sec=0.00, exception=[Errno 111] Connection refused
[rosmaster.master][INFO] 2026-03-11 23:05:43,090: publisherUpdate[/tf_static] -> http://rera:43459/ ['http://rera:34257/']: sec=0.00, exception=[Errno 111] Connection refused
[rosmaster.threadpool][ERROR] 2026-03-11 23:05:43,091: Traceback (most recent call last):
  File "/opt/ros/noetic/lib/python3/dist-packages/rosmaster/threadpool.py", line 218, in run
    result = cmd(*args)
  File "/opt/ros/noetic/lib/python3/dist-packages/rosmaster/master_api.py", line 210, in publisher_update_task
    ret = xmlrpcapi(api).publisherUpdate('/master', topic, pub_uris)
  File "/usr/lib/python3.8/xmlrpc/client.py", line 1109, in __call__
    return self.__send(self.__name, args)
  File "/usr/lib/python3.8/xmlrpc/client.py", line 1450, in __request
    response = self.__transport.request(
  File "/usr/lib/python3.8/xmlrpc/client.py", line 1153, in request
    return self.single_request(host, handler, request_body, verbose)
  File "/usr/lib/python3.8/xmlrpc/client.py", line 1165, in single_request
    http_conn = self.send_request(host, handler, request_body, verbose)
  File "/usr/lib/python3.8/xmlrpc/client.py", line 1278, in send_request
    self.send_content(connection, request_body)
  File "/usr/lib/python3.8/xmlrpc/client.py", line 1308, in send_content
    connection.endheaders(request_body)
  File "/usr/lib/python3.8/http/client.py", line 1251, in endheaders
    self._send_output(message_body, encode_chunked=encode_chunked)
  File "/usr/lib/python3.8/http/client.py", line 1011, in _send_output
    self.send(msg)
  File "/usr/lib/python3.8/http/client.py", line 951, in send
    self.connect()
  File "/usr/lib/python3.8/http/client.py", line 922, in connect
    self.sock = self._create_connection(
  File "/usr/lib/python3.8/socket.py", line 808, in create_connection
    raise err
  File "/usr/lib/python3.8/socket.py", line 796, in create_connection
    sock.connect(sa)
ConnectionRefusedError: [Errno 111] Connection refused

[rosmaster.master][INFO] 2026-03-11 23:05:43,093: publisherUpdate[/tf_static] -> http://rera:35227/ ['http://rera:34257/']
[rosmaster.threadpool][ERROR] 2026-03-11 23:05:43,093: Traceback (most recent call last):
  File "/opt/ros/noetic/lib/python3/dist-packages/rosmaster/threadpool.py", line 218, in run
    result = cmd(*args)
  File "/opt/ros/noetic/lib/python3/dist-packages/rosmaster/master_api.py", line 210, in publisher_update_task
    ret = xmlrpcapi(api).publisherUpdate('/master', topic, pub_uris)
  File "/usr/lib/python3.8/xmlrpc/client.py", line 1109, in __call__
    return self.__send(self.__name, args)
  File "/usr/lib/python3.8/xmlrpc/client.py", line 1450, in __request
    response = self.__transport.request(
  File "/usr/lib/python3.8/xmlrpc/client.py", line 1153, in request
    return self.single_request(host, handler, request_body, verbose)
  File "/usr/lib/python3.8/xmlrpc/client.py", line 1165, in single_request
    http_conn = self.send_request(host, handler, request_body, verbose)
  File "/usr/lib/python3.8/xmlrpc/client.py", line 1278, in send_request
    self.send_content(connection, request_body)
  File "/usr/lib/python3.8/xmlrpc/client.py", line 1308, in send_content
    connection.endheaders(request_body)
  File "/usr/lib/python3.8/http/client.py", line 1251, in endheaders
    self._send_output(message_body, encode_chunked=encode_chunked)
  File "/usr/lib/python3.8/http/client.py", line 1011, in _send_output
    self.send(msg)
  File "/usr/lib/python3.8/http/client.py", line 951, in send
    self.connect()
  File "/usr/lib/python3.8/http/client.py", line 922, in connect
    self.sock = self._create_connection(
  File "/usr/lib/python3.8/socket.py", line 808, in create_connection
    raise err
  File "/usr/lib/python3.8/socket.py", line 796, in create_connection
    sock.connect(sa)
ConnectionRefusedError: [Errno 111] Connection refused

[rosmaster.master][INFO] 2026-03-11 23:05:43,094: publisherUpdate[/tf_static] -> http://rera:42949/ ['http://rera:34257/']: sec=0.00, exception=[Errno 111] Connection refused
[rosmaster.threadpool][ERROR] 2026-03-11 23:05:43,095: Traceback (most recent call last):
  File "/opt/ros/noetic/lib/python3/dist-packages/rosmaster/threadpool.py", line 218, in run
    result = cmd(*args)
  File "/opt/ros/noetic/lib/python3/dist-packages/rosmaster/master_api.py", line 210, in publisher_update_task
    ret = xmlrpcapi(api).publisherUpdate('/master', topic, pub_uris)
  File "/usr/lib/python3.8/xmlrpc/client.py", line 1109, in __call__
    return self.__send(self.__name, args)
  File "/usr/lib/python3.8/xmlrpc/client.py", line 1450, in __request
    response = self.__transport.request(
  File "/usr/lib/python3.8/xmlrpc/client.py", line 1153, in request
    return self.single_request(host, handler, request_body, verbose)
  File "/usr/lib/python3.8/xmlrpc/client.py", line 1165, in single_request
    http_conn = self.send_request(host, handler, request_body, verbose)
  File "/usr/lib/python3.8/xmlrpc/client.py", line 1278, in send_request
    self.send_content(connection, request_body)
  File "/usr/lib/python3.8/xmlrpc/client.py", line 1308, in send_content
    connection.endheaders(request_body)
  File "/usr/lib/python3.8/http/client.py", line 1251, in endheaders
    self._send_output(message_body, encode_chunked=encode_chunked)
  File "/usr/lib/python3.8/http/client.py", line 1011, in _send_output
    self.send(msg)
  File "/usr/lib/python3.8/http/client.py", line 951, in send
    self.connect()
  File "/usr/lib/python3.8/http/client.py", line 922, in connect
    self.sock = self._create_connection(
  File "/usr/lib/python3.8/socket.py", line 808, in create_connection
    raise err
  File "/usr/lib/python3.8/socket.py", line 796, in create_connection
    sock.connect(sa)
ConnectionRefusedError: [Errno 111] Connection refused

[rosmaster.master][INFO] 2026-03-11 23:05:43,095: publisherUpdate[/tf_static] -> http://rera:35227/ ['http://rera:34257/']: sec=0.00, exception=[Errno 111] Connection refused
[rosmaster.threadpool][ERROR] 2026-03-11 23:05:43,095: Traceback (most recent call last):
  File "/opt/ros/noetic/lib/python3/dist-packages/rosmaster/threadpool.py", line 218, in run
    result = cmd(*args)
  File "/opt/ros/noetic/lib/python3/dist-packages/rosmaster/master_api.py", line 210, in publisher_update_task
    ret = xmlrpcapi(api).publisherUpdate('/master', topic, pub_uris)
  File "/usr/lib/python3.8/xmlrpc/client.py", line 1109, in __call__
    return self.__send(self.__name, args)
  File "/usr/lib/python3.8/xmlrpc/client.py", line 1450, in __request
    response = self.__transport.request(
  File "/usr/lib/python3.8/xmlrpc/client.py", line 1153, in request
    return self.single_request(host, handler, request_body, verbose)
  File "/usr/lib/python3.8/xmlrpc/client.py", line 1165, in single_request
    http_conn = self.send_request(host, handler, request_body, verbose)
  File "/usr/lib/python3.8/xmlrpc/client.py", line 1278, in send_request
    self.send_content(connection, request_body)
  File "/usr/lib/python3.8/xmlrpc/client.py", line 1308, in send_content
    connection.endheaders(request_body)
  File "/usr/lib/python3.8/http/client.py", line 1251, in endheaders
    self._send_output(message_body, encode_chunked=encode_chunked)
  File "/usr/lib/python3.8/http/client.py", line 1011, in _send_output
    self.send(msg)
  File "/usr/lib/python3.8/http/client.py", line 951, in send
    self.connect()
  File "/usr/lib/python3.8/http/client.py", line 922, in connect
    self.sock = self._create_connection(
  File "/usr/lib/python3.8/socket.py", line 808, in create_connection
    raise err
  File "/usr/lib/python3.8/socket.py", line 796, in create_connection
    sock.connect(sa)
ConnectionRefusedError: [Errno 111] Connection refused

[rosmaster.master][INFO] 2026-03-11 23:05:43,591: +PUB [/rosout] /joint_state_publisher_gui http://rera:43887/
[rosmaster.master][INFO] 2026-03-11 23:05:43,594: +SUB [/clock] /joint_state_publisher_gui http://rera:43887/
[rosmaster.master][INFO] 2026-03-11 23:05:43,597: +SERVICE [/joint_state_publisher_gui/get_loggers] /joint_state_publisher_gui http://rera:43887/
[rosmaster.master][INFO] 2026-03-11 23:05:43,598: +SERVICE [/joint_state_publisher_gui/set_logger_level] /joint_state_publisher_gui http://rera:43887/
[rosmaster.master][INFO] 2026-03-11 23:05:43,824: +PUB [/joint_states] /joint_state_publisher_gui http://rera:43887/
[rosmaster.master][INFO] 2026-03-11 23:05:43,874: +CACHEDPARAM [/rosout_disable_topics_generation] by /joint_state_publisher_gui
[rosmaster.master][INFO] 2026-03-11 23:05:43,897: publisherUpdate[/joint_states] -> http://rera:34257/ ['http://rera:43887/']
[rosmaster.master][INFO] 2026-03-11 23:05:43,898: publisherUpdate[/joint_states] -> http://rera:34257/ ['http://rera:43887/']: sec=0.00, result=[1, '', 0]
[rosmaster.master][INFO] 2026-03-11 23:06:29,064: +PARAM [/roslaunch/uris/host_rera__41127] by /roslaunch
[rosmaster.master][INFO] 2026-03-11 23:06:29,068: +PARAM [/rosversion] by /roslaunch
[rosmaster.master][INFO] 2026-03-11 23:06:29,068: +PARAM [/rosdistro] by /roslaunch
[rosmaster.master][INFO] 2026-03-11 23:06:29,069: +PARAM [/common/lid_topic] by /roslaunch
[rosmaster.master][INFO] 2026-03-11 23:06:29,069: +PARAM [/common/imu_topic] by /roslaunch
[rosmaster.master][INFO] 2026-03-11 23:06:29,069: +PARAM [/common/time_sync_en] by /roslaunch
[rosmaster.master][INFO] 2026-03-11 23:06:29,069: +PARAM [/common/time_offset_lidar_to_imu] by /roslaunch
[rosmaster.master][INFO] 2026-03-11 23:06:29,069: +PARAM [/preprocess/lidar_type] by /roslaunch
[rosmaster.master][INFO] 2026-03-11 23:06:29,069: +PARAM [/preprocess/scan_line] by /roslaunch
[rosmaster.master][INFO] 2026-03-11 23:06:29,069: +PARAM [/preprocess/scan_rate] by /roslaunch
[rosmaster.master][INFO] 2026-03-11 23:06:29,069: +PARAM [/preprocess/timestamp_unit] by /roslaunch
[rosmaster.master][INFO] 2026-03-11 23:06:29,069: +PARAM [/preprocess/blind] by /roslaunch
[rosmaster.master][INFO] 2026-03-11 23:06:29,069: +PARAM [/mapping/acc_cov] by /roslaunch
[rosmaster.master][INFO] 2026-03-11 23:06:29,069: +PARAM [/mapping/gyr_cov] by /roslaunch
[rosmaster.master][INFO] 2026-03-11 23:06:29,070: +PARAM [/mapping/b_acc_cov] by /roslaunch
[rosmaster.master][INFO] 2026-03-11 23:06:29,070: +PARAM [/mapping/b_gyr_cov] by /roslaunch
[rosmaster.master][INFO] 2026-03-11 23:06:29,070: +PARAM [/mapping/fov_degree] by /roslaunch
[rosmaster.master][INFO] 2026-03-11 23:06:29,070: +PARAM [/mapping/det_range] by /roslaunch
[rosmaster.master][INFO] 2026-03-11 23:06:29,070: +PARAM [/mapping/extrinsic_est_en] by /roslaunch
[rosmaster.master][INFO] 2026-03-11 23:06:29,070: +PARAM [/mapping/extrinsic_T] by /roslaunch
[rosmaster.master][INFO] 2026-03-11 23:06:29,070: +PARAM [/mapping/extrinsic_R] by /roslaunch
[rosmaster.master][INFO] 2026-03-11 23:06:29,070: +PARAM [/publish/path_en] by /roslaunch
[rosmaster.master][INFO] 2026-03-11 23:06:29,070: +PARAM [/publish/scan_publish_en] by /roslaunch
[rosmaster.master][INFO] 2026-03-11 23:06:29,070: +PARAM [/publish/dense_publish_en] by /roslaunch
[rosmaster.master][INFO] 2026-03-11 23:06:29,070: +PARAM [/publish/scan_bodyframe_pub_en] by /roslaunch
[rosmaster.master][INFO] 2026-03-11 23:06:29,071: +PARAM [/pcd_save/pcd_save_en] by /roslaunch
[rosmaster.master][INFO] 2026-03-11 23:06:29,071: +PARAM [/pcd_save/interval] by /roslaunch
[rosmaster.master][INFO] 2026-03-11 23:06:29,071: +PARAM [/feature_extract_enable] by /roslaunch
[rosmaster.master][INFO] 2026-03-11 23:06:29,071: +PARAM [/point_filter_num] by /roslaunch
[rosmaster.master][INFO] 2026-03-11 23:06:29,071: +PARAM [/max_iteration] by /roslaunch
[rosmaster.master][INFO] 2026-03-11 23:06:29,071: +PARAM [/filter_size_surf] by /roslaunch
[rosmaster.master][INFO] 2026-03-11 23:06:29,071: +PARAM [/filter_size_map] by /roslaunch
[rosmaster.master][INFO] 2026-03-11 23:06:29,071: +PARAM [/cube_side_length] by /roslaunch
[rosmaster.master][INFO] 2026-03-11 23:06:29,071: +PARAM [/runtime_pos_log_enable] by /roslaunch
[rosmaster.master][INFO] 2026-03-11 23:06:29,580: +PUB [/rosout] /laserMapping http://rera:33547/
[rosmaster.master][INFO] 2026-03-11 23:06:29,580: +SERVICE [/laserMapping/get_loggers] /laserMapping http://rera:33547/
[rosmaster.master][INFO] 2026-03-11 23:06:29,581: +SERVICE [/laserMapping/set_logger_level] /laserMapping http://rera:33547/
[rosmaster.master][INFO] 2026-03-11 23:06:29,587: +SUB [/clock] /laserMapping http://rera:33547/
[rosmaster.master][INFO] 2026-03-11 23:06:29,629: +SUB [/velodyne_points] /laserMapping http://rera:33547/
[rosmaster.master][INFO] 2026-03-11 23:06:29,632: +SUB [/camera/imu] /laserMapping http://rera:33547/
[rosmaster.master][INFO] 2026-03-11 23:06:29,634: +PUB [/cloud_registered] /laserMapping http://rera:33547/
[rosmaster.master][INFO] 2026-03-11 23:06:29,635: +PUB [/cloud_registered_body] /laserMapping http://rera:33547/
[rosmaster.master][INFO] 2026-03-11 23:06:29,636: +PUB [/cloud_effected] /laserMapping http://rera:33547/
[rosmaster.master][INFO] 2026-03-11 23:06:29,637: +PUB [/Laser_map] /laserMapping http://rera:33547/
[rosmaster.master][INFO] 2026-03-11 23:06:29,637: +PUB [/Odometry] /laserMapping http://rera:33547/
[rosmaster.master][INFO] 2026-03-11 23:06:29,638: +PUB [/path] /laserMapping http://rera:33547/
[rosmaster.master][INFO] 2026-03-11 23:06:30,379: +CACHEDPARAM [/rosout_disable_topics_generation] by /laserMapping
[rosmaster.master][INFO] 2026-03-11 23:06:30,949: +PUB [/tf] /laserMapping http://rera:33547/
[rosmaster.master][INFO] 2026-03-11 23:06:31,022: publisherUpdate[/tf] -> http://rera:39197/ ['http://rera:36643/', 'http://rera:37863/', 'http://rera:40475/', 'http://rera:34257/', 'http://rera:33547/']
[rosmaster.master][INFO] 2026-03-11 23:06:31,023: publisherUpdate[/tf] -> http://rera:39197/ ['http://rera:36643/', 'http://rera:37863/', 'http://rera:40475/', 'http://rera:34257/', 'http://rera:33547/']: sec=0.00, exception=[Errno 111] Connection refused
[rosmaster.threadpool][ERROR] 2026-03-11 23:06:31,023: Traceback (most recent call last):
  File "/opt/ros/noetic/lib/python3/dist-packages/rosmaster/threadpool.py", line 218, in run
    result = cmd(*args)
  File "/opt/ros/noetic/lib/python3/dist-packages/rosmaster/master_api.py", line 210, in publisher_update_task
    ret = xmlrpcapi(api).publisherUpdate('/master', topic, pub_uris)
  File "/usr/lib/python3.8/xmlrpc/client.py", line 1109, in __call__
    return self.__send(self.__name, args)
  File "/usr/lib/python3.8/xmlrpc/client.py", line 1450, in __request
    response = self.__transport.request(
  File "/usr/lib/python3.8/xmlrpc/client.py", line 1153, in request
    return self.single_request(host, handler, request_body, verbose)
  File "/usr/lib/python3.8/xmlrpc/client.py", line 1165, in single_request
    http_conn = self.send_request(host, handler, request_body, verbose)
  File "/usr/lib/python3.8/xmlrpc/client.py", line 1278, in send_request
    self.send_content(connection, request_body)
  File "/usr/lib/python3.8/xmlrpc/client.py", line 1308, in send_content
    connection.endheaders(request_body)
  File "/usr/lib/python3.8/http/client.py", line 1251, in endheaders
    self._send_output(message_body, encode_chunked=encode_chunked)
  File "/usr/lib/python3.8/http/client.py", line 1011, in _send_output
    self.send(msg)
  File "/usr/lib/python3.8/http/client.py", line 951, in send
    self.connect()
  File "/usr/lib/python3.8/http/client.py", line 922, in connect
    self.sock = self._create_connection(
  File "/usr/lib/python3.8/socket.py", line 808, in create_connection
    raise err
  File "/usr/lib/python3.8/socket.py", line 796, in create_connection
    sock.connect(sa)
ConnectionRefusedError: [Errno 111] Connection refused

[rosmaster.master][INFO] 2026-03-11 23:06:31,023: publisherUpdate[/tf] -> http://rera:38007/ ['http://rera:36643/', 'http://rera:37863/', 'http://rera:40475/', 'http://rera:34257/', 'http://rera:33547/']
[rosmaster.master][INFO] 2026-03-11 23:06:31,023: publisherUpdate[/tf] -> http://rera:38007/ ['http://rera:36643/', 'http://rera:37863/', 'http://rera:40475/', 'http://rera:34257/', 'http://rera:33547/']: sec=0.00, exception=[Errno 111] Connection refused
[rosmaster.threadpool][ERROR] 2026-03-11 23:06:31,024: Traceback (most recent call last):
  File "/opt/ros/noetic/lib/python3/dist-packages/rosmaster/threadpool.py", line 218, in run
    result = cmd(*args)
  File "/opt/ros/noetic/lib/python3/dist-packages/rosmaster/master_api.py", line 210, in publisher_update_task
    ret = xmlrpcapi(api).publisherUpdate('/master', topic, pub_uris)
  File "/usr/lib/python3.8/xmlrpc/client.py", line 1109, in __call__
    return self.__send(self.__name, args)
  File "/usr/lib/python3.8/xmlrpc/client.py", line 1450, in __request
    response = self.__transport.request(
  File "/usr/lib/python3.8/xmlrpc/client.py", line 1153, in request
    return self.single_request(host, handler, request_body, verbose)
  File "/usr/lib/python3.8/xmlrpc/client.py", line 1165, in single_request
    http_conn = self.send_request(host, handler, request_body, verbose)
  File "/usr/lib/python3.8/xmlrpc/client.py", line 1278, in send_request
    self.send_content(connection, request_body)
  File "/usr/lib/python3.8/xmlrpc/client.py", line 1308, in send_content
    connection.endheaders(request_body)
  File "/usr/lib/python3.8/http/client.py", line 1251, in endheaders
    self._send_output(message_body, encode_chunked=encode_chunked)
  File "/usr/lib/python3.8/http/client.py", line 1011, in _send_output
    self.send(msg)
  File "/usr/lib/python3.8/http/client.py", line 951, in send
    self.connect()
  File "/usr/lib/python3.8/http/client.py", line 922, in connect
    self.sock = self._create_connection(
  File "/usr/lib/python3.8/socket.py", line 808, in create_connection
    raise err
  File "/usr/lib/python3.8/socket.py", line 796, in create_connection
    sock.connect(sa)
ConnectionRefusedError: [Errno 111] Connection refused

[rosmaster.master][INFO] 2026-03-11 23:06:31,024: publisherUpdate[/tf] -> http://rera:46795/ ['http://rera:36643/', 'http://rera:37863/', 'http://rera:40475/', 'http://rera:34257/', 'http://rera:33547/']
[rosmaster.master][INFO] 2026-03-11 23:06:31,024: publisherUpdate[/tf] -> http://rera:46795/ ['http://rera:36643/', 'http://rera:37863/', 'http://rera:40475/', 'http://rera:34257/', 'http://rera:33547/']: sec=0.00, exception=[Errno 111] Connection refused
[rosmaster.threadpool][ERROR] 2026-03-11 23:06:31,024: Traceback (most recent call last):
  File "/opt/ros/noetic/lib/python3/dist-packages/rosmaster/threadpool.py", line 218, in run
    result = cmd(*args)
  File "/opt/ros/noetic/lib/python3/dist-packages/rosmaster/master_api.py", line 210, in publisher_update_task
    ret = xmlrpcapi(api).publisherUpdate('/master', topic, pub_uris)
  File "/usr/lib/python3.8/xmlrpc/client.py", line 1109, in __call__
    return self.__send(self.__name, args)
  File "/usr/lib/python3.8/xmlrpc/client.py", line 1450, in __request
    response = self.__transport.request(
  File "/usr/lib/python3.8/xmlrpc/client.py", line 1153, in request
    return self.single_request(host, handler, request_body, verbose)
  File "/usr/lib/python3.8/xmlrpc/client.py", line 1165, in single_request
    http_conn = self.send_request(host, handler, request_body, verbose)
  File "/usr/lib/python3.8/xmlrpc/client.py", line 1278, in send_request
    self.send_content(connection, request_body)
  File "/usr/lib/python3.8/xmlrpc/client.py", line 1308, in send_content
    connection.endheaders(request_body)
  File "/usr/lib/python3.8/http/client.py", line 1251, in endheaders
    self._send_output(message_body, encode_chunked=encode_chunked)
  File "/usr/lib/python3.8/http/client.py", line 1011, in _send_output
    self.send(msg)
  File "/usr/lib/python3.8/http/client.py", line 951, in send
    self.connect()
  File "/usr/lib/python3.8/http/client.py", line 922, in connect
    self.sock = self._create_connection(
  File "/usr/lib/python3.8/socket.py", line 808, in create_connection
    raise err
  File "/usr/lib/python3.8/socket.py", line 796, in create_connection
    sock.connect(sa)
ConnectionRefusedError: [Errno 111] Connection refused

[rosmaster.master][INFO] 2026-03-11 23:06:31,025: publisherUpdate[/tf] -> http://rera:42949/ ['http://rera:36643/', 'http://rera:37863/', 'http://rera:40475/', 'http://rera:34257/', 'http://rera:33547/']
[rosmaster.master][INFO] 2026-03-11 23:06:31,025: publisherUpdate[/tf] -> http://rera:42949/ ['http://rera:36643/', 'http://rera:37863/', 'http://rera:40475/', 'http://rera:34257/', 'http://rera:33547/']: sec=0.00, exception=[Errno 111] Connection refused
[rosmaster.threadpool][ERROR] 2026-03-11 23:06:31,025: Traceback (most recent call last):
  File "/opt/ros/noetic/lib/python3/dist-packages/rosmaster/threadpool.py", line 218, in run
    result = cmd(*args)
  File "/opt/ros/noetic/lib/python3/dist-packages/rosmaster/master_api.py", line 210, in publisher_update_task
    ret = xmlrpcapi(api).publisherUpdate('/master', topic, pub_uris)
  File "/usr/lib/python3.8/xmlrpc/client.py", line 1109, in __call__
    return self.__send(self.__name, args)
  File "/usr/lib/python3.8/xmlrpc/client.py", line 1450, in __request
    response = self.__transport.request(
  File "/usr/lib/python3.8/xmlrpc/client.py", line 1153, in request
    return self.single_request(host, handler, request_body, verbose)
  File "/usr/lib/python3.8/xmlrpc/client.py", line 1165, in single_request
    http_conn = self.send_request(host, handler, request_body, verbose)
  File "/usr/lib/python3.8/xmlrpc/client.py", line 1278, in send_request
    self.send_content(connection, request_body)
  File "/usr/lib/python3.8/xmlrpc/client.py", line 1308, in send_content
    connection.endheaders(request_body)
  File "/usr/lib/python3.8/http/client.py", line 1251, in endheaders
    self._send_output(message_body, encode_chunked=encode_chunked)
  File "/usr/lib/python3.8/http/client.py", line 1011, in _send_output
    self.send(msg)
  File "/usr/lib/python3.8/http/client.py", line 951, in send
    self.connect()
  File "/usr/lib/python3.8/http/client.py", line 922, in connect
    self.sock = self._create_connection(
  File "/usr/lib/python3.8/socket.py", line 808, in create_connection
    raise err
  File "/usr/lib/python3.8/socket.py", line 796, in create_connection
    sock.connect(sa)
ConnectionRefusedError: [Errno 111] Connection refused

[rosmaster.master][INFO] 2026-03-11 23:06:31,025: publisherUpdate[/tf] -> http://rera:43459/ ['http://rera:36643/', 'http://rera:37863/', 'http://rera:40475/', 'http://rera:34257/', 'http://rera:33547/']
[rosmaster.master][INFO] 2026-03-11 23:06:31,026: publisherUpdate[/tf] -> http://rera:43459/ ['http://rera:36643/', 'http://rera:37863/', 'http://rera:40475/', 'http://rera:34257/', 'http://rera:33547/']: sec=0.00, exception=[Errno 111] Connection refused
[rosmaster.threadpool][ERROR] 2026-03-11 23:06:31,026: Traceback (most recent call last):
  File "/opt/ros/noetic/lib/python3/dist-packages/rosmaster/threadpool.py", line 218, in run
    result = cmd(*args)
  File "/opt/ros/noetic/lib/python3/dist-packages/rosmaster/master_api.py", line 210, in publisher_update_task
    ret = xmlrpcapi(api).publisherUpdate('/master', topic, pub_uris)
  File "/usr/lib/python3.8/xmlrpc/client.py", line 1109, in __call__
    return self.__send(self.__name, args)
  File "/usr/lib/python3.8/xmlrpc/client.py", line 1450, in __request
    response = self.__transport.request(
  File "/usr/lib/python3.8/xmlrpc/client.py", line 1153, in request
    return self.single_request(host, handler, request_body, verbose)
  File "/usr/lib/python3.8/xmlrpc/client.py", line 1165, in single_request
    http_conn = self.send_request(host, handler, request_body, verbose)
  File "/usr/lib/python3.8/xmlrpc/client.py", line 1278, in send_request
    self.send_content(connection, request_body)
  File "/usr/lib/python3.8/xmlrpc/client.py", line 1308, in send_content
    connection.endheaders(request_body)
  File "/usr/lib/python3.8/http/client.py", line 1251, in endheaders
    self._send_output(message_body, encode_chunked=encode_chunked)
  File "/usr/lib/python3.8/http/client.py", line 1011, in _send_output
    self.send(msg)
  File "/usr/lib/python3.8/http/client.py", line 951, in send
    self.connect()
  File "/usr/lib/python3.8/http/client.py", line 922, in connect
    self.sock = self._create_connection(
  File "/usr/lib/python3.8/socket.py", line 808, in create_connection
    raise err
  File "/usr/lib/python3.8/socket.py", line 796, in create_connection
    sock.connect(sa)
ConnectionRefusedError: [Errno 111] Connection refused

[rosmaster.master][INFO] 2026-03-11 23:06:31,026: publisherUpdate[/tf] -> http://rera:35227/ ['http://rera:36643/', 'http://rera:37863/', 'http://rera:40475/', 'http://rera:34257/', 'http://rera:33547/']
[rosmaster.master][INFO] 2026-03-11 23:06:31,027: publisherUpdate[/tf] -> http://rera:35227/ ['http://rera:36643/', 'http://rera:37863/', 'http://rera:40475/', 'http://rera:34257/', 'http://rera:33547/']: sec=0.00, exception=[Errno 111] Connection refused
[rosmaster.threadpool][ERROR] 2026-03-11 23:06:31,027: Traceback (most recent call last):
  File "/opt/ros/noetic/lib/python3/dist-packages/rosmaster/threadpool.py", line 218, in run
    result = cmd(*args)
  File "/opt/ros/noetic/lib/python3/dist-packages/rosmaster/master_api.py", line 210, in publisher_update_task
    ret = xmlrpcapi(api).publisherUpdate('/master', topic, pub_uris)
  File "/usr/lib/python3.8/xmlrpc/client.py", line 1109, in __call__
    return self.__send(self.__name, args)
  File "/usr/lib/python3.8/xmlrpc/client.py", line 1450, in __request
    response = self.__transport.request(
  File "/usr/lib/python3.8/xmlrpc/client.py", line 1153, in request
    return self.single_request(host, handler, request_body, verbose)
  File "/usr/lib/python3.8/xmlrpc/client.py", line 1165, in single_request
    http_conn = self.send_request(host, handler, request_body, verbose)
  File "/usr/lib/python3.8/xmlrpc/client.py", line 1278, in send_request
    self.send_content(connection, request_body)
  File "/usr/lib/python3.8/xmlrpc/client.py", line 1308, in send_content
    connection.endheaders(request_body)
  File "/usr/lib/python3.8/http/client.py", line 1251, in endheaders
    self._send_output(message_body, encode_chunked=encode_chunked)
  File "/usr/lib/python3.8/http/client.py", line 1011, in _send_output
    self.send(msg)
  File "/usr/lib/python3.8/http/client.py", line 951, in send
    self.connect()
  File "/usr/lib/python3.8/http/client.py", line 922, in connect
    self.sock = self._create_connection(
  File "/usr/lib/python3.8/socket.py", line 808, in create_connection
    raise err
  File "/usr/lib/python3.8/socket.py", line 796, in create_connection
    sock.connect(sa)
ConnectionRefusedError: [Errno 111] Connection refused

[rosmaster.master][INFO] 2026-03-11 23:07:18,606: -PUB [/path] /laserMapping http://rera:33547/
[rosmaster.master][INFO] 2026-03-11 23:07:18,606: -PUB [/Odometry] /laserMapping http://rera:33547/
[rosmaster.master][INFO] 2026-03-11 23:07:18,607: -PUB [/Laser_map] /laserMapping http://rera:33547/
[rosmaster.master][INFO] 2026-03-11 23:07:18,608: -PUB [/cloud_effected] /laserMapping http://rera:33547/
[rosmaster.master][INFO] 2026-03-11 23:07:18,608: -PUB [/cloud_registered_body] /laserMapping http://rera:33547/
[rosmaster.master][INFO] 2026-03-11 23:07:18,609: -PUB [/cloud_registered] /laserMapping http://rera:33547/
[rosmaster.master][INFO] 2026-03-11 23:07:18,610: -SUB [/camera/imu] /laserMapping http://rera:33547/
[rosmaster.master][INFO] 2026-03-11 23:07:18,610: -SUB [/velodyne_points] /laserMapping http://rera:33547/
[rosmaster.master][INFO] 2026-03-11 23:07:18,611: -PUB [/tf] /laserMapping http://rera:33547/
[rosmaster.master][INFO] 2026-03-11 23:07:18,653: publisherUpdate[/tf] -> http://rera:39197/ ['http://rera:36643/', 'http://rera:37863/', 'http://rera:40475/', 'http://rera:34257/']
[rosmaster.master][INFO] 2026-03-11 23:07:18,654: publisherUpdate[/tf] -> http://rera:39197/ ['http://rera:36643/', 'http://rera:37863/', 'http://rera:40475/', 'http://rera:34257/']: sec=0.00, exception=[Errno 111] Connection refused
[rosmaster.threadpool][ERROR] 2026-03-11 23:07:18,654: Traceback (most recent call last):
  File "/opt/ros/noetic/lib/python3/dist-packages/rosmaster/threadpool.py", line 218, in run
    result = cmd(*args)
  File "/opt/ros/noetic/lib/python3/dist-packages/rosmaster/master_api.py", line 210, in publisher_update_task
    ret = xmlrpcapi(api).publisherUpdate('/master', topic, pub_uris)
  File "/usr/lib/python3.8/xmlrpc/client.py", line 1109, in __call__
    return self.__send(self.__name, args)
  File "/usr/lib/python3.8/xmlrpc/client.py", line 1450, in __request
    response = self.__transport.request(
  File "/usr/lib/python3.8/xmlrpc/client.py", line 1153, in request
    return self.single_request(host, handler, request_body, verbose)
  File "/usr/lib/python3.8/xmlrpc/client.py", line 1165, in single_request
    http_conn = self.send_request(host, handler, request_body, verbose)
  File "/usr/lib/python3.8/xmlrpc/client.py", line 1278, in send_request
    self.send_content(connection, request_body)
  File "/usr/lib/python3.8/xmlrpc/client.py", line 1308, in send_content
    connection.endheaders(request_body)
  File "/usr/lib/python3.8/http/client.py", line 1251, in endheaders
    self._send_output(message_body, encode_chunked=encode_chunked)
  File "/usr/lib/python3.8/http/client.py", line 1011, in _send_output
    self.send(msg)
  File "/usr/lib/python3.8/http/client.py", line 951, in send
    self.connect()
  File "/usr/lib/python3.8/http/client.py", line 922, in connect
    self.sock = self._create_connection(
  File "/usr/lib/python3.8/socket.py", line 808, in create_connection
    raise err
  File "/usr/lib/python3.8/socket.py", line 796, in create_connection
    sock.connect(sa)
ConnectionRefusedError: [Errno 111] Connection refused

[rosmaster.master][INFO] 2026-03-11 23:07:18,654: publisherUpdate[/tf] -> http://rera:38007/ ['http://rera:36643/', 'http://rera:37863/', 'http://rera:40475/', 'http://rera:34257/']
[rosmaster.master][INFO] 2026-03-11 23:07:18,655: publisherUpdate[/tf] -> http://rera:38007/ ['http://rera:36643/', 'http://rera:37863/', 'http://rera:40475/', 'http://rera:34257/']: sec=0.00, exception=[Errno 111] Connection refused
[rosmaster.threadpool][ERROR] 2026-03-11 23:07:18,655: Traceback (most recent call last):
  File "/opt/ros/noetic/lib/python3/dist-packages/rosmaster/threadpool.py", line 218, in run
    result = cmd(*args)
  File "/opt/ros/noetic/lib/python3/dist-packages/rosmaster/master_api.py", line 210, in publisher_update_task
    ret = xmlrpcapi(api).publisherUpdate('/master', topic, pub_uris)
  File "/usr/lib/python3.8/xmlrpc/client.py", line 1109, in __call__
    return self.__send(self.__name, args)
  File "/usr/lib/python3.8/xmlrpc/client.py", line 1450, in __request
    response = self.__transport.request(
  File "/usr/lib/python3.8/xmlrpc/client.py", line 1153, in request
    return self.single_request(host, handler, request_body, verbose)
  File "/usr/lib/python3.8/xmlrpc/client.py", line 1165, in single_request
    http_conn = self.send_request(host, handler, request_body, verbose)
  File "/usr/lib/python3.8/xmlrpc/client.py", line 1278, in send_request
    self.send_content(connection, request_body)
  File "/usr/lib/python3.8/xmlrpc/client.py", line 1308, in send_content
    connection.endheaders(request_body)
  File "/usr/lib/python3.8/http/client.py", line 1251, in endheaders
    self._send_output(message_body, encode_chunked=encode_chunked)
  File "/usr/lib/python3.8/http/client.py", line 1011, in _send_output
    self.send(msg)
  File "/usr/lib/python3.8/http/client.py", line 951, in send
    self.connect()
  File "/usr/lib/python3.8/http/client.py", line 922, in connect
    self.sock = self._create_connection(
  File "/usr/lib/python3.8/socket.py", line 808, in create_connection
    raise err
  File "/usr/lib/python3.8/socket.py", line 796, in create_connection
    sock.connect(sa)
ConnectionRefusedError: [Errno 111] Connection refused

[rosmaster.master][INFO] 2026-03-11 23:07:18,655: publisherUpdate[/tf] -> http://rera:46795/ ['http://rera:36643/', 'http://rera:37863/', 'http://rera:40475/', 'http://rera:34257/']
[rosmaster.master][INFO] 2026-03-11 23:07:18,655: publisherUpdate[/tf] -> http://rera:46795/ ['http://rera:36643/', 'http://rera:37863/', 'http://rera:40475/', 'http://rera:34257/']: sec=0.00, exception=[Errno 111] Connection refused
[rosmaster.threadpool][ERROR] 2026-03-11 23:07:18,656: Traceback (most recent call last):
  File "/opt/ros/noetic/lib/python3/dist-packages/rosmaster/threadpool.py", line 218, in run
    result = cmd(*args)
  File "/opt/ros/noetic/lib/python3/dist-packages/rosmaster/master_api.py", line 210, in publisher_update_task
    ret = xmlrpcapi(api).publisherUpdate('/master', topic, pub_uris)
  File "/usr/lib/python3.8/xmlrpc/client.py", line 1109, in __call__
    return self.__send(self.__name, args)
  File "/usr/lib/python3.8/xmlrpc/client.py", line 1450, in __request
    response = self.__transport.request(
  File "/usr/lib/python3.8/xmlrpc/client.py", line 1153, in request
    return self.single_request(host, handler, request_body, verbose)
  File "/usr/lib/python3.8/xmlrpc/client.py", line 1165, in single_request
    http_conn = self.send_request(host, handler, request_body, verbose)
  File "/usr/lib/python3.8/xmlrpc/client.py", line 1278, in send_request
    self.send_content(connection, request_body)
  File "/usr/lib/python3.8/xmlrpc/client.py", line 1308, in send_content
    connection.endheaders(request_body)
  File "/usr/lib/python3.8/http/client.py", line 1251, in endheaders
    self._send_output(message_body, encode_chunked=encode_chunked)
  File "/usr/lib/python3.8/http/client.py", line 1011, in _send_output
    self.send(msg)
  File "/usr/lib/python3.8/http/client.py", line 951, in send
    self.connect()
  File "/usr/lib/python3.8/http/client.py", line 922, in connect
    self.sock = self._create_connection(
  File "/usr/lib/python3.8/socket.py", line 808, in create_connection
    raise err
  File "/usr/lib/python3.8/socket.py", line 796, in create_connection
    sock.connect(sa)
ConnectionRefusedError: [Errno 111] Connection refused

[rosmaster.master][INFO] 2026-03-11 23:07:18,656: publisherUpdate[/tf] -> http://rera:42949/ ['http://rera:36643/', 'http://rera:37863/', 'http://rera:40475/', 'http://rera:34257/']
[rosmaster.master][INFO] 2026-03-11 23:07:18,656: publisherUpdate[/tf] -> http://rera:42949/ ['http://rera:36643/', 'http://rera:37863/', 'http://rera:40475/', 'http://rera:34257/']: sec=0.00, exception=[Errno 111] Connection refused
[rosmaster.threadpool][ERROR] 2026-03-11 23:07:18,656: Traceback (most recent call last):
  File "/opt/ros/noetic/lib/python3/dist-packages/rosmaster/threadpool.py", line 218, in run
    result = cmd(*args)
  File "/opt/ros/noetic/lib/python3/dist-packages/rosmaster/master_api.py", line 210, in publisher_update_task
    ret = xmlrpcapi(api).publisherUpdate('/master', topic, pub_uris)
  File "/usr/lib/python3.8/xmlrpc/client.py", line 1109, in __call__
    return self.__send(self.__name, args)
  File "/usr/lib/python3.8/xmlrpc/client.py", line 1450, in __request
    response = self.__transport.request(
  File "/usr/lib/python3.8/xmlrpc/client.py", line 1153, in request
    return self.single_request(host, handler, request_body, verbose)
  File "/usr/lib/python3.8/xmlrpc/client.py", line 1165, in single_request
    http_conn = self.send_request(host, handler, request_body, verbose)
  File "/usr/lib/python3.8/xmlrpc/client.py", line 1278, in send_request
    self.send_content(connection, request_body)
  File "/usr/lib/python3.8/xmlrpc/client.py", line 1308, in send_content
    connection.endheaders(request_body)
  File "/usr/lib/python3.8/http/client.py", line 1251, in endheaders
    self._send_output(message_body, encode_chunked=encode_chunked)
  File "/usr/lib/python3.8/http/client.py", line 1011, in _send_output
    self.send(msg)
  File "/usr/lib/python3.8/http/client.py", line 951, in send
    self.connect()
  File "/usr/lib/python3.8/http/client.py", line 922, in connect
    self.sock = self._create_connection(
  File "/usr/lib/python3.8/socket.py", line 808, in create_connection
    raise err
  File "/usr/lib/python3.8/socket.py", line 796, in create_connection
    sock.connect(sa)
ConnectionRefusedError: [Errno 111] Connection refused

[rosmaster.master][INFO] 2026-03-11 23:07:18,656: publisherUpdate[/tf] -> http://rera:43459/ ['http://rera:36643/', 'http://rera:37863/', 'http://rera:40475/', 'http://rera:34257/']
[rosmaster.master][INFO] 2026-03-11 23:07:18,657: publisherUpdate[/tf] -> http://rera:35227/ ['http://rera:36643/', 'http://rera:37863/', 'http://rera:40475/', 'http://rera:34257/']
[rosmaster.master][INFO] 2026-03-11 23:07:18,657: publisherUpdate[/tf] -> http://rera:43459/ ['http://rera:36643/', 'http://rera:37863/', 'http://rera:40475/', 'http://rera:34257/']: sec=0.00, exception=[Errno 111] Connection refused
[rosmaster.master][INFO] 2026-03-11 23:07:18,657: publisherUpdate[/tf] -> http://rera:35227/ ['http://rera:36643/', 'http://rera:37863/', 'http://rera:40475/', 'http://rera:34257/']: sec=0.00, exception=[Errno 111] Connection refused
[rosmaster.threadpool][ERROR] 2026-03-11 23:07:18,658: Traceback (most recent call last):
  File "/opt/ros/noetic/lib/python3/dist-packages/rosmaster/threadpool.py", line 218, in run
    result = cmd(*args)
  File "/opt/ros/noetic/lib/python3/dist-packages/rosmaster/master_api.py", line 210, in publisher_update_task
    ret = xmlrpcapi(api).publisherUpdate('/master', topic, pub_uris)
  File "/usr/lib/python3.8/xmlrpc/client.py", line 1109, in __call__
    return self.__send(self.__name, args)
  File "/usr/lib/python3.8/xmlrpc/client.py", line 1450, in __request
    response = self.__transport.request(
  File "/usr/lib/python3.8/xmlrpc/client.py", line 1153, in request
    return self.single_request(host, handler, request_body, verbose)
  File "/usr/lib/python3.8/xmlrpc/client.py", line 1165, in single_request
    http_conn = self.send_request(host, handler, request_body, verbose)
  File "/usr/lib/python3.8/xmlrpc/client.py", line 1278, in send_request
    self.send_content(connection, request_body)
  File "/usr/lib/python3.8/xmlrpc/client.py", line 1308, in send_content
    connection.endheaders(request_body)
  File "/usr/lib/python3.8/http/client.py", line 1251, in endheaders
    self._send_output(message_body, encode_chunked=encode_chunked)
  File "/usr/lib/python3.8/http/client.py", line 1011, in _send_output
    self.send(msg)
  File "/usr/lib/python3.8/http/client.py", line 951, in send
    self.connect()
  File "/usr/lib/python3.8/http/client.py", line 922, in connect
    self.sock = self._create_connection(
  File "/usr/lib/python3.8/socket.py", line 808, in create_connection
    raise err
  File "/usr/lib/python3.8/socket.py", line 796, in create_connection
    sock.connect(sa)
ConnectionRefusedError: [Errno 111] Connection refused

[rosmaster.threadpool][ERROR] 2026-03-11 23:07:18,658: Traceback (most recent call last):
  File "/opt/ros/noetic/lib/python3/dist-packages/rosmaster/threadpool.py", line 218, in run
    result = cmd(*args)
  File "/opt/ros/noetic/lib/python3/dist-packages/rosmaster/master_api.py", line 210, in publisher_update_task
    ret = xmlrpcapi(api).publisherUpdate('/master', topic, pub_uris)
  File "/usr/lib/python3.8/xmlrpc/client.py", line 1109, in __call__
    return self.__send(self.__name, args)
  File "/usr/lib/python3.8/xmlrpc/client.py", line 1450, in __request
    response = self.__transport.request(
  File "/usr/lib/python3.8/xmlrpc/client.py", line 1153, in request
    return self.single_request(host, handler, request_body, verbose)
  File "/usr/lib/python3.8/xmlrpc/client.py", line 1165, in single_request
    http_conn = self.send_request(host, handler, request_body, verbose)
  File "/usr/lib/python3.8/xmlrpc/client.py", line 1278, in send_request
    self.send_content(connection, request_body)
  File "/usr/lib/python3.8/xmlrpc/client.py", line 1308, in send_content
    connection.endheaders(request_body)
  File "/usr/lib/python3.8/http/client.py", line 1251, in endheaders
    self._send_output(message_body, encode_chunked=encode_chunked)
  File "/usr/lib/python3.8/http/client.py", line 1011, in _send_output
    self.send(msg)
  File "/usr/lib/python3.8/http/client.py", line 951, in send
    self.connect()
  File "/usr/lib/python3.8/http/client.py", line 922, in connect
    self.sock = self._create_connection(
  File "/usr/lib/python3.8/socket.py", line 808, in create_connection
    raise err
  File "/usr/lib/python3.8/socket.py", line 796, in create_connection
    sock.connect(sa)
ConnectionRefusedError: [Errno 111] Connection refused

[rosmaster.master][INFO] 2026-03-11 23:07:18,710: -PUB [/rosout] /laserMapping http://rera:33547/
[rosmaster.master][INFO] 2026-03-11 23:07:18,711: -SUB [/clock] /laserMapping http://rera:33547/
[rosmaster.master][INFO] 2026-03-11 23:07:18,712: -SERVICE [/laserMapping/get_loggers] /laserMapping rosrpc://rera:48877
[rosmaster.master][INFO] 2026-03-11 23:07:18,712: -SERVICE [/laserMapping/set_logger_level] /laserMapping rosrpc://rera:48877
[rosmaster.master][INFO] 2026-03-11 23:07:18,713: -CACHEDPARAM [/rosout_disable_topics_generation] by /laserMapping
[rosmaster.master][INFO] 2026-03-11 23:07:24,710: +PARAM [/roslaunch/uris/host_rera__41619] by /roslaunch
[rosmaster.master][INFO] 2026-03-11 23:07:24,719: +PARAM [/rosversion] by /roslaunch
[rosmaster.master][INFO] 2026-03-11 23:07:24,719: +PARAM [/rosdistro] by /roslaunch
[rosmaster.master][INFO] 2026-03-11 23:07:24,719: +PARAM [/common/lid_topic] by /roslaunch
[rosmaster.master][INFO] 2026-03-11 23:07:24,720: +PARAM [/common/imu_topic] by /roslaunch
[rosmaster.master][INFO] 2026-03-11 23:07:24,720: +PARAM [/common/time_sync_en] by /roslaunch
[rosmaster.master][INFO] 2026-03-11 23:07:24,720: +PARAM [/common/time_offset_lidar_to_imu] by /roslaunch
[rosmaster.master][INFO] 2026-03-11 23:07:24,720: +PARAM [/preprocess/lidar_type] by /roslaunch
[rosmaster.master][INFO] 2026-03-11 23:07:24,720: +PARAM [/preprocess/scan_line] by /roslaunch
[rosmaster.master][INFO] 2026-03-11 23:07:24,721: +PARAM [/preprocess/scan_rate] by /roslaunch
[rosmaster.master][INFO] 2026-03-11 23:07:24,721: +PARAM [/preprocess/timestamp_unit] by /roslaunch
[rosmaster.master][INFO] 2026-03-11 23:07:24,721: +PARAM [/preprocess/blind] by /roslaunch
[rosmaster.master][INFO] 2026-03-11 23:07:24,724: +PARAM [/mapping/acc_cov] by /roslaunch
[rosmaster.master][INFO] 2026-03-11 23:07:24,724: +PARAM [/mapping/gyr_cov] by /roslaunch
[rosmaster.master][INFO] 2026-03-11 23:07:24,724: +PARAM [/mapping/b_acc_cov] by /roslaunch
[rosmaster.master][INFO] 2026-03-11 23:07:24,725: +PARAM [/mapping/b_gyr_cov] by /roslaunch
[rosmaster.master][INFO] 2026-03-11 23:07:24,725: +PARAM [/mapping/fov_degree] by /roslaunch
[rosmaster.master][INFO] 2026-03-11 23:07:24,725: +PARAM [/mapping/det_range] by /roslaunch
[rosmaster.master][INFO] 2026-03-11 23:07:24,725: +PARAM [/mapping/extrinsic_est_en] by /roslaunch
[rosmaster.master][INFO] 2026-03-11 23:07:24,725: +PARAM [/mapping/extrinsic_T] by /roslaunch
[rosmaster.master][INFO] 2026-03-11 23:07:24,726: +PARAM [/mapping/extrinsic_R] by /roslaunch
[rosmaster.master][INFO] 2026-03-11 23:07:24,726: +PARAM [/publish/path_en] by /roslaunch
[rosmaster.master][INFO] 2026-03-11 23:07:24,726: +PARAM [/publish/scan_publish_en] by /roslaunch
[rosmaster.master][INFO] 2026-03-11 23:07:24,726: +PARAM [/publish/dense_publish_en] by /roslaunch
[rosmaster.master][INFO] 2026-03-11 23:07:24,727: +PARAM [/publish/scan_bodyframe_pub_en] by /roslaunch
[rosmaster.master][INFO] 2026-03-11 23:07:24,727: +PARAM [/pcd_save/pcd_save_en] by /roslaunch
[rosmaster.master][INFO] 2026-03-11 23:07:24,727: +PARAM [/pcd_save/interval] by /roslaunch
[rosmaster.master][INFO] 2026-03-11 23:07:24,727: +PARAM [/feature_extract_enable] by /roslaunch
[rosmaster.master][INFO] 2026-03-11 23:07:24,727: +PARAM [/point_filter_num] by /roslaunch
[rosmaster.master][INFO] 2026-03-11 23:07:24,728: +PARAM [/max_iteration] by /roslaunch
[rosmaster.master][INFO] 2026-03-11 23:07:24,728: +PARAM [/filter_size_surf] by /roslaunch
[rosmaster.master][INFO] 2026-03-11 23:07:24,728: +PARAM [/filter_size_map] by /roslaunch
[rosmaster.master][INFO] 2026-03-11 23:07:24,728: +PARAM [/cube_side_length] by /roslaunch
[rosmaster.master][INFO] 2026-03-11 23:07:24,729: +PARAM [/runtime_pos_log_enable] by /roslaunch
[rosmaster.master][INFO] 2026-03-11 23:07:25,177: +PUB [/rosout] /laserMapping http://rera:42431/
[rosmaster.master][INFO] 2026-03-11 23:07:25,178: +SERVICE [/laserMapping/get_loggers] /laserMapping http://rera:42431/
[rosmaster.master][INFO] 2026-03-11 23:07:25,179: +SERVICE [/laserMapping/set_logger_level] /laserMapping http://rera:42431/
[rosmaster.master][INFO] 2026-03-11 23:07:25,184: +SUB [/clock] /laserMapping http://rera:42431/
[rosmaster.master][INFO] 2026-03-11 23:07:25,238: +SUB [/velodyne_points] /laserMapping http://rera:42431/
[rosmaster.master][INFO] 2026-03-11 23:07:25,244: +SUB [/camera/imu] /laserMapping http://rera:42431/
[rosmaster.master][INFO] 2026-03-11 23:07:25,245: +PUB [/cloud_registered] /laserMapping http://rera:42431/
[rosmaster.master][INFO] 2026-03-11 23:07:25,247: +PUB [/cloud_registered_body] /laserMapping http://rera:42431/
[rosmaster.master][INFO] 2026-03-11 23:07:25,248: +PUB [/cloud_effected] /laserMapping http://rera:42431/
[rosmaster.master][INFO] 2026-03-11 23:07:25,249: +PUB [/Laser_map] /laserMapping http://rera:42431/
[rosmaster.master][INFO] 2026-03-11 23:07:25,251: +PUB [/Odometry] /laserMapping http://rera:42431/
[rosmaster.master][INFO] 2026-03-11 23:07:25,251: +PUB [/path] /laserMapping http://rera:42431/
[rosmaster.master][INFO] 2026-03-11 23:07:25,689: +CACHEDPARAM [/rosout_disable_topics_generation] by /laserMapping
[rosmaster.master][INFO] 2026-03-11 23:07:26,062: +PUB [/tf] /laserMapping http://rera:42431/
[rosmaster.master][INFO] 2026-03-11 23:07:26,080: publisherUpdate[/tf] -> http://rera:39197/ ['http://rera:36643/', 'http://rera:37863/', 'http://rera:40475/', 'http://rera:34257/', 'http://rera:42431/']
[rosmaster.master][INFO] 2026-03-11 23:07:26,080: publisherUpdate[/tf] -> http://rera:39197/ ['http://rera:36643/', 'http://rera:37863/', 'http://rera:40475/', 'http://rera:34257/', 'http://rera:42431/']: sec=0.00, exception=[Errno 111] Connection refused
[rosmaster.threadpool][ERROR] 2026-03-11 23:07:26,080: Traceback (most recent call last):
  File "/opt/ros/noetic/lib/python3/dist-packages/rosmaster/threadpool.py", line 218, in run
    result = cmd(*args)
  File "/opt/ros/noetic/lib/python3/dist-packages/rosmaster/master_api.py", line 210, in publisher_update_task
    ret = xmlrpcapi(api).publisherUpdate('/master', topic, pub_uris)
  File "/usr/lib/python3.8/xmlrpc/client.py", line 1109, in __call__
    return self.__send(self.__name, args)
  File "/usr/lib/python3.8/xmlrpc/client.py", line 1450, in __request
    response = self.__transport.request(
  File "/usr/lib/python3.8/xmlrpc/client.py", line 1153, in request
    return self.single_request(host, handler, request_body, verbose)
  File "/usr/lib/python3.8/xmlrpc/client.py", line 1165, in single_request
    http_conn = self.send_request(host, handler, request_body, verbose)
  File "/usr/lib/python3.8/xmlrpc/client.py", line 1278, in send_request
    self.send_content(connection, request_body)
  File "/usr/lib/python3.8/xmlrpc/client.py", line 1308, in send_content
    connection.endheaders(request_body)
  File "/usr/lib/python3.8/http/client.py", line 1251, in endheaders
    self._send_output(message_body, encode_chunked=encode_chunked)
  File "/usr/lib/python3.8/http/client.py", line 1011, in _send_output
    self.send(msg)
  File "/usr/lib/python3.8/http/client.py", line 951, in send
    self.connect()
  File "/usr/lib/python3.8/http/client.py", line 922, in connect
    self.sock = self._create_connection(
  File "/usr/lib/python3.8/socket.py", line 808, in create_connection
    raise err
  File "/usr/lib/python3.8/socket.py", line 796, in create_connection
    sock.connect(sa)
ConnectionRefusedError: [Errno 111] Connection refused

[rosmaster.master][INFO] 2026-03-11 23:07:26,081: publisherUpdate[/tf] -> http://rera:38007/ ['http://rera:36643/', 'http://rera:37863/', 'http://rera:40475/', 'http://rera:34257/', 'http://rera:42431/']
[rosmaster.master][INFO] 2026-03-11 23:07:26,081: publisherUpdate[/tf] -> http://rera:38007/ ['http://rera:36643/', 'http://rera:37863/', 'http://rera:40475/', 'http://rera:34257/', 'http://rera:42431/']: sec=0.00, exception=[Errno 111] Connection refused
[rosmaster.threadpool][ERROR] 2026-03-11 23:07:26,081: Traceback (most recent call last):
  File "/opt/ros/noetic/lib/python3/dist-packages/rosmaster/threadpool.py", line 218, in run
    result = cmd(*args)
  File "/opt/ros/noetic/lib/python3/dist-packages/rosmaster/master_api.py", line 210, in publisher_update_task
    ret = xmlrpcapi(api).publisherUpdate('/master', topic, pub_uris)
  File "/usr/lib/python3.8/xmlrpc/client.py", line 1109, in __call__
    return self.__send(self.__name, args)
  File "/usr/lib/python3.8/xmlrpc/client.py", line 1450, in __request
    response = self.__transport.request(
  File "/usr/lib/python3.8/xmlrpc/client.py", line 1153, in request
    return self.single_request(host, handler, request_body, verbose)
  File "/usr/lib/python3.8/xmlrpc/client.py", line 1165, in single_request
    http_conn = self.send_request(host, handler, request_body, verbose)
  File "/usr/lib/python3.8/xmlrpc/client.py", line 1278, in send_request
    self.send_content(connection, request_body)
  File "/usr/lib/python3.8/xmlrpc/client.py", line 1308, in send_content
    connection.endheaders(request_body)
  File "/usr/lib/python3.8/http/client.py", line 1251, in endheaders
    self._send_output(message_body, encode_chunked=encode_chunked)
  File "/usr/lib/python3.8/http/client.py", line 1011, in _send_output
    self.send(msg)
  File "/usr/lib/python3.8/http/client.py", line 951, in send
    self.connect()
  File "/usr/lib/python3.8/http/client.py", line 922, in connect
    self.sock = self._create_connection(
  File "/usr/lib/python3.8/socket.py", line 808, in create_connection
    raise err
  File "/usr/lib/python3.8/socket.py", line 796, in create_connection
    sock.connect(sa)
ConnectionRefusedError: [Errno 111] Connection refused

[rosmaster.master][INFO] 2026-03-11 23:07:26,081: publisherUpdate[/tf] -> http://rera:46795/ ['http://rera:36643/', 'http://rera:37863/', 'http://rera:40475/', 'http://rera:34257/', 'http://rera:42431/']
[rosmaster.master][INFO] 2026-03-11 23:07:26,081: publisherUpdate[/tf] -> http://rera:46795/ ['http://rera:36643/', 'http://rera:37863/', 'http://rera:40475/', 'http://rera:34257/', 'http://rera:42431/']: sec=0.00, exception=[Errno 111] Connection refused
[rosmaster.threadpool][ERROR] 2026-03-11 23:07:26,082: Traceback (most recent call last):
  File "/opt/ros/noetic/lib/python3/dist-packages/rosmaster/threadpool.py", line 218, in run
    result = cmd(*args)
  File "/opt/ros/noetic/lib/python3/dist-packages/rosmaster/master_api.py", line 210, in publisher_update_task
    ret = xmlrpcapi(api).publisherUpdate('/master', topic, pub_uris)
  File "/usr/lib/python3.8/xmlrpc/client.py", line 1109, in __call__
    return self.__send(self.__name, args)
  File "/usr/lib/python3.8/xmlrpc/client.py", line 1450, in __request
    response = self.__transport.request(
  File "/usr/lib/python3.8/xmlrpc/client.py", line 1153, in request
    return self.single_request(host, handler, request_body, verbose)
  File "/usr/lib/python3.8/xmlrpc/client.py", line 1165, in single_request
    http_conn = self.send_request(host, handler, request_body, verbose)
  File "/usr/lib/python3.8/xmlrpc/client.py", line 1278, in send_request
    self.send_content(connection, request_body)
  File "/usr/lib/python3.8/xmlrpc/client.py", line 1308, in send_content
    connection.endheaders(request_body)
  File "/usr/lib/python3.8/http/client.py", line 1251, in endheaders
    self._send_output(message_body, encode_chunked=encode_chunked)
  File "/usr/lib/python3.8/http/client.py", line 1011, in _send_output
    self.send(msg)
  File "/usr/lib/python3.8/http/client.py", line 951, in send
    self.connect()
  File "/usr/lib/python3.8/http/client.py", line 922, in connect
    self.sock = self._create_connection(
  File "/usr/lib/python3.8/socket.py", line 808, in create_connection
    raise err
  File "/usr/lib/python3.8/socket.py", line 796, in create_connection
    sock.connect(sa)
ConnectionRefusedError: [Errno 111] Connection refused

[rosmaster.master][INFO] 2026-03-11 23:07:26,082: publisherUpdate[/tf] -> http://rera:42949/ ['http://rera:36643/', 'http://rera:37863/', 'http://rera:40475/', 'http://rera:34257/', 'http://rera:42431/']
[rosmaster.master][INFO] 2026-03-11 23:07:26,082: publisherUpdate[/tf] -> http://rera:42949/ ['http://rera:36643/', 'http://rera:37863/', 'http://rera:40475/', 'http://rera:34257/', 'http://rera:42431/']: sec=0.00, exception=[Errno 111] Connection refused
[rosmaster.threadpool][ERROR] 2026-03-11 23:07:26,082: Traceback (most recent call last):
  File "/opt/ros/noetic/lib/python3/dist-packages/rosmaster/threadpool.py", line 218, in run
    result = cmd(*args)
  File "/opt/ros/noetic/lib/python3/dist-packages/rosmaster/master_api.py", line 210, in publisher_update_task
    ret = xmlrpcapi(api).publisherUpdate('/master', topic, pub_uris)
  File "/usr/lib/python3.8/xmlrpc/client.py", line 1109, in __call__
    return self.__send(self.__name, args)
  File "/usr/lib/python3.8/xmlrpc/client.py", line 1450, in __request
    response = self.__transport.request(
  File "/usr/lib/python3.8/xmlrpc/client.py", line 1153, in request
    return self.single_request(host, handler, request_body, verbose)
  File "/usr/lib/python3.8/xmlrpc/client.py", line 1165, in single_request
    http_conn = self.send_request(host, handler, request_body, verbose)
  File "/usr/lib/python3.8/xmlrpc/client.py", line 1278, in send_request
    self.send_content(connection, request_body)
  File "/usr/lib/python3.8/xmlrpc/client.py", line 1308, in send_content
    connection.endheaders(request_body)
  File "/usr/lib/python3.8/http/client.py", line 1251, in endheaders
    self._send_output(message_body, encode_chunked=encode_chunked)
  File "/usr/lib/python3.8/http/client.py", line 1011, in _send_output
    self.send(msg)
  File "/usr/lib/python3.8/http/client.py", line 951, in send
    self.connect()
  File "/usr/lib/python3.8/http/client.py", line 922, in connect
    self.sock = self._create_connection(
  File "/usr/lib/python3.8/socket.py", line 808, in create_connection
    raise err
  File "/usr/lib/python3.8/socket.py", line 796, in create_connection
    sock.connect(sa)
ConnectionRefusedError: [Errno 111] Connection refused

[rosmaster.master][INFO] 2026-03-11 23:07:26,082: publisherUpdate[/tf] -> http://rera:43459/ ['http://rera:36643/', 'http://rera:37863/', 'http://rera:40475/', 'http://rera:34257/', 'http://rera:42431/']
[rosmaster.master][INFO] 2026-03-11 23:07:26,083: publisherUpdate[/tf] -> http://rera:43459/ ['http://rera:36643/', 'http://rera:37863/', 'http://rera:40475/', 'http://rera:34257/', 'http://rera:42431/']: sec=0.00, exception=[Errno 111] Connection refused
[rosmaster.threadpool][ERROR] 2026-03-11 23:07:26,083: Traceback (most recent call last):
  File "/opt/ros/noetic/lib/python3/dist-packages/rosmaster/threadpool.py", line 218, in run
    result = cmd(*args)
  File "/opt/ros/noetic/lib/python3/dist-packages/rosmaster/master_api.py", line 210, in publisher_update_task
    ret = xmlrpcapi(api).publisherUpdate('/master', topic, pub_uris)
  File "/usr/lib/python3.8/xmlrpc/client.py", line 1109, in __call__
    return self.__send(self.__name, args)
  File "/usr/lib/python3.8/xmlrpc/client.py", line 1450, in __request
    response = self.__transport.request(
  File "/usr/lib/python3.8/xmlrpc/client.py", line 1153, in request
    return self.single_request(host, handler, request_body, verbose)
  File "/usr/lib/python3.8/xmlrpc/client.py", line 1165, in single_request
    http_conn = self.send_request(host, handler, request_body, verbose)
  File "/usr/lib/python3.8/xmlrpc/client.py", line 1278, in send_request
    self.send_content(connection, request_body)
  File "/usr/lib/python3.8/xmlrpc/client.py", line 1308, in send_content
    connection.endheaders(request_body)
  File "/usr/lib/python3.8/http/client.py", line 1251, in endheaders
    self._send_output(message_body, encode_chunked=encode_chunked)
  File "/usr/lib/python3.8/http/client.py", line 1011, in _send_output
    self.send(msg)
  File "/usr/lib/python3.8/http/client.py", line 951, in send
    self.connect()
  File "/usr/lib/python3.8/http/client.py", line 922, in connect
    self.sock = self._create_connection(
  File "/usr/lib/python3.8/socket.py", line 808, in create_connection
    raise err
  File "/usr/lib/python3.8/socket.py", line 796, in create_connection
    sock.connect(sa)
ConnectionRefusedError: [Errno 111] Connection refused

[rosmaster.master][INFO] 2026-03-11 23:07:26,083: publisherUpdate[/tf] -> http://rera:35227/ ['http://rera:36643/', 'http://rera:37863/', 'http://rera:40475/', 'http://rera:34257/', 'http://rera:42431/']
[rosmaster.master][INFO] 2026-03-11 23:07:26,084: publisherUpdate[/tf] -> http://rera:35227/ ['http://rera:36643/', 'http://rera:37863/', 'http://rera:40475/', 'http://rera:34257/', 'http://rera:42431/']: sec=0.00, exception=[Errno 111] Connection refused
[rosmaster.threadpool][ERROR] 2026-03-11 23:07:26,084: Traceback (most recent call last):
  File "/opt/ros/noetic/lib/python3/dist-packages/rosmaster/threadpool.py", line 218, in run
    result = cmd(*args)
  File "/opt/ros/noetic/lib/python3/dist-packages/rosmaster/master_api.py", line 210, in publisher_update_task
    ret = xmlrpcapi(api).publisherUpdate('/master', topic, pub_uris)
  File "/usr/lib/python3.8/xmlrpc/client.py", line 1109, in __call__
    return self.__send(self.__name, args)
  File "/usr/lib/python3.8/xmlrpc/client.py", line 1450, in __request
    response = self.__transport.request(
  File "/usr/lib/python3.8/xmlrpc/client.py", line 1153, in request
    return self.single_request(host, handler, request_body, verbose)
  File "/usr/lib/python3.8/xmlrpc/client.py", line 1165, in single_request
    http_conn = self.send_request(host, handler, request_body, verbose)
  File "/usr/lib/python3.8/xmlrpc/client.py", line 1278, in send_request
    self.send_content(connection, request_body)
  File "/usr/lib/python3.8/xmlrpc/client.py", line 1308, in send_content
    connection.endheaders(request_body)
  File "/usr/lib/python3.8/http/client.py", line 1251, in endheaders
    self._send_output(message_body, encode_chunked=encode_chunked)
  File "/usr/lib/python3.8/http/client.py", line 1011, in _send_output
    self.send(msg)
  File "/usr/lib/python3.8/http/client.py", line 951, in send
    self.connect()
  File "/usr/lib/python3.8/http/client.py", line 922, in connect
    self.sock = self._create_connection(
  File "/usr/lib/python3.8/socket.py", line 808, in create_connection
    raise err
  File "/usr/lib/python3.8/socket.py", line 796, in create_connection
    sock.connect(sa)
ConnectionRefusedError: [Errno 111] Connection refused

[rosmaster.master][INFO] 2026-03-11 23:18:38,353: -PUB [/path] /laserMapping http://rera:42431/
[rosmaster.master][INFO] 2026-03-11 23:18:38,354: -PUB [/Odometry] /laserMapping http://rera:42431/
[rosmaster.master][INFO] 2026-03-11 23:18:38,358: -PUB [/Laser_map] /laserMapping http://rera:42431/
[rosmaster.master][INFO] 2026-03-11 23:18:38,359: -PUB [/cloud_effected] /laserMapping http://rera:42431/
[rosmaster.master][INFO] 2026-03-11 23:18:38,360: -PUB [/cloud_registered_body] /laserMapping http://rera:42431/
[rosmaster.master][INFO] 2026-03-11 23:18:38,361: -PUB [/cloud_registered] /laserMapping http://rera:42431/
[rosmaster.master][INFO] 2026-03-11 23:18:38,362: -SUB [/camera/imu] /laserMapping http://rera:42431/
[rosmaster.master][INFO] 2026-03-11 23:18:38,364: -SUB [/velodyne_points] /laserMapping http://rera:42431/
[rosmaster.master][INFO] 2026-03-11 23:18:38,365: -PUB [/tf] /laserMapping http://rera:42431/
[rosmaster.master][INFO] 2026-03-11 23:18:38,395: -PUB [/calibrated] /fake_joint_calibration http://rera:37481/
[rosmaster.master][INFO] 2026-03-11 23:18:38,396: -SERVICE [/fake_joint_calibration/get_loggers] /fake_joint_calibration rosrpc://rera:37215
[rosmaster.master][INFO] 2026-03-11 23:18:38,396: -SERVICE [/fake_joint_calibration/set_logger_level] /fake_joint_calibration rosrpc://rera:37215
[rosmaster.master][INFO] 2026-03-11 23:18:38,417: publisherUpdate[/tf] -> http://rera:39197/ ['http://rera:36643/', 'http://rera:37863/', 'http://rera:40475/', 'http://rera:34257/']
[rosmaster.master][INFO] 2026-03-11 23:18:38,419: publisherUpdate[/tf] -> http://rera:39197/ ['http://rera:36643/', 'http://rera:37863/', 'http://rera:40475/', 'http://rera:34257/']: sec=0.00, exception=[Errno 111] Connection refused
[rosmaster.threadpool][ERROR] 2026-03-11 23:18:38,419: Traceback (most recent call last):
  File "/opt/ros/noetic/lib/python3/dist-packages/rosmaster/threadpool.py", line 218, in run
    result = cmd(*args)
  File "/opt/ros/noetic/lib/python3/dist-packages/rosmaster/master_api.py", line 210, in publisher_update_task
    ret = xmlrpcapi(api).publisherUpdate('/master', topic, pub_uris)
  File "/usr/lib/python3.8/xmlrpc/client.py", line 1109, in __call__
    return self.__send(self.__name, args)
  File "/usr/lib/python3.8/xmlrpc/client.py", line 1450, in __request
    response = self.__transport.request(
  File "/usr/lib/python3.8/xmlrpc/client.py", line 1153, in request
    return self.single_request(host, handler, request_body, verbose)
  File "/usr/lib/python3.8/xmlrpc/client.py", line 1165, in single_request
    http_conn = self.send_request(host, handler, request_body, verbose)
  File "/usr/lib/python3.8/xmlrpc/client.py", line 1278, in send_request
    self.send_content(connection, request_body)
  File "/usr/lib/python3.8/xmlrpc/client.py", line 1308, in send_content
    connection.endheaders(request_body)
  File "/usr/lib/python3.8/http/client.py", line 1251, in endheaders
    self._send_output(message_body, encode_chunked=encode_chunked)
  File "/usr/lib/python3.8/http/client.py", line 1011, in _send_output
    self.send(msg)
  File "/usr/lib/python3.8/http/client.py", line 951, in send
    self.connect()
  File "/usr/lib/python3.8/http/client.py", line 922, in connect
    self.sock = self._create_connection(
  File "/usr/lib/python3.8/socket.py", line 808, in create_connection
    raise err
  File "/usr/lib/python3.8/socket.py", line 796, in create_connection
    sock.connect(sa)
ConnectionRefusedError: [Errno 111] Connection refused

[rosmaster.master][INFO] 2026-03-11 23:18:38,420: publisherUpdate[/tf] -> http://rera:38007/ ['http://rera:36643/', 'http://rera:37863/', 'http://rera:40475/', 'http://rera:34257/']
[rosmaster.master][INFO] 2026-03-11 23:18:38,420: publisherUpdate[/tf] -> http://rera:46795/ ['http://rera:36643/', 'http://rera:37863/', 'http://rera:40475/', 'http://rera:34257/']
[rosmaster.master][INFO] 2026-03-11 23:18:38,422: publisherUpdate[/tf] -> http://rera:46795/ ['http://rera:36643/', 'http://rera:37863/', 'http://rera:40475/', 'http://rera:34257/']: sec=0.00, exception=[Errno 111] Connection refused
[rosmaster.threadpool][ERROR] 2026-03-11 23:18:38,423: Traceback (most recent call last):
  File "/opt/ros/noetic/lib/python3/dist-packages/rosmaster/threadpool.py", line 218, in run
    result = cmd(*args)
  File "/opt/ros/noetic/lib/python3/dist-packages/rosmaster/master_api.py", line 210, in publisher_update_task
    ret = xmlrpcapi(api).publisherUpdate('/master', topic, pub_uris)
  File "/usr/lib/python3.8/xmlrpc/client.py", line 1109, in __call__
    return self.__send(self.__name, args)
  File "/usr/lib/python3.8/xmlrpc/client.py", line 1450, in __request
    response = self.__transport.request(
  File "/usr/lib/python3.8/xmlrpc/client.py", line 1153, in request
    return self.single_request(host, handler, request_body, verbose)
  File "/usr/lib/python3.8/xmlrpc/client.py", line 1165, in single_request
    http_conn = self.send_request(host, handler, request_body, verbose)
  File "/usr/lib/python3.8/xmlrpc/client.py", line 1278, in send_request
    self.send_content(connection, request_body)
  File "/usr/lib/python3.8/xmlrpc/client.py", line 1308, in send_content
    connection.endheaders(request_body)
  File "/usr/lib/python3.8/http/client.py", line 1251, in endheaders
    self._send_output(message_body, encode_chunked=encode_chunked)
  File "/usr/lib/python3.8/http/client.py", line 1011, in _send_output
    self.send(msg)
  File "/usr/lib/python3.8/http/client.py", line 951, in send
    self.connect()
  File "/usr/lib/python3.8/http/client.py", line 922, in connect
    self.sock = self._create_connection(
  File "/usr/lib/python3.8/socket.py", line 808, in create_connection
    raise err
  File "/usr/lib/python3.8/socket.py", line 796, in create_connection
    sock.connect(sa)
ConnectionRefusedError: [Errno 111] Connection refused

[rosmaster.master][INFO] 2026-03-11 23:18:38,424: publisherUpdate[/tf] -> http://rera:42949/ ['http://rera:36643/', 'http://rera:37863/', 'http://rera:40475/', 'http://rera:34257/']
[rosmaster.master][INFO] 2026-03-11 23:18:38,425: publisherUpdate[/tf] -> http://rera:38007/ ['http://rera:36643/', 'http://rera:37863/', 'http://rera:40475/', 'http://rera:34257/']: sec=0.00, exception=[Errno 111] Connection refused
[rosmaster.master][INFO] 2026-03-11 23:18:38,426: publisherUpdate[/tf] -> http://rera:42949/ ['http://rera:36643/', 'http://rera:37863/', 'http://rera:40475/', 'http://rera:34257/']: sec=0.00, exception=[Errno 111] Connection refused
[rosmaster.threadpool][ERROR] 2026-03-11 23:18:38,427: Traceback (most recent call last):
  File "/opt/ros/noetic/lib/python3/dist-packages/rosmaster/threadpool.py", line 218, in run
    result = cmd(*args)
  File "/opt/ros/noetic/lib/python3/dist-packages/rosmaster/master_api.py", line 210, in publisher_update_task
    ret = xmlrpcapi(api).publisherUpdate('/master', topic, pub_uris)
  File "/usr/lib/python3.8/xmlrpc/client.py", line 1109, in __call__
    return self.__send(self.__name, args)
  File "/usr/lib/python3.8/xmlrpc/client.py", line 1450, in __request
    response = self.__transport.request(
  File "/usr/lib/python3.8/xmlrpc/client.py", line 1153, in request
    return self.single_request(host, handler, request_body, verbose)
  File "/usr/lib/python3.8/xmlrpc/client.py", line 1165, in single_request
    http_conn = self.send_request(host, handler, request_body, verbose)
  File "/usr/lib/python3.8/xmlrpc/client.py", line 1278, in send_request
    self.send_content(connection, request_body)
  File "/usr/lib/python3.8/xmlrpc/client.py", line 1308, in send_content
    connection.endheaders(request_body)
  File "/usr/lib/python3.8/http/client.py", line 1251, in endheaders
    self._send_output(message_body, encode_chunked=encode_chunked)
  File "/usr/lib/python3.8/http/client.py", line 1011, in _send_output
    self.send(msg)
  File "/usr/lib/python3.8/http/client.py", line 951, in send
    self.connect()
  File "/usr/lib/python3.8/http/client.py", line 922, in connect
    self.sock = self._create_connection(
  File "/usr/lib/python3.8/socket.py", line 808, in create_connection
    raise err
  File "/usr/lib/python3.8/socket.py", line 796, in create_connection
    sock.connect(sa)
ConnectionRefusedError: [Errno 111] Connection refused

[rosmaster.master][INFO] 2026-03-11 23:18:38,429: publisherUpdate[/tf] -> http://rera:43459/ ['http://rera:36643/', 'http://rera:37863/', 'http://rera:40475/', 'http://rera:34257/']
[rosmaster.threadpool][ERROR] 2026-03-11 23:18:38,428: Traceback (most recent call last):
  File "/opt/ros/noetic/lib/python3/dist-packages/rosmaster/threadpool.py", line 218, in run
    result = cmd(*args)
  File "/opt/ros/noetic/lib/python3/dist-packages/rosmaster/master_api.py", line 210, in publisher_update_task
    ret = xmlrpcapi(api).publisherUpdate('/master', topic, pub_uris)
  File "/usr/lib/python3.8/xmlrpc/client.py", line 1109, in __call__
    return self.__send(self.__name, args)
  File "/usr/lib/python3.8/xmlrpc/client.py", line 1450, in __request
    response = self.__transport.request(
  File "/usr/lib/python3.8/xmlrpc/client.py", line 1153, in request
    return self.single_request(host, handler, request_body, verbose)
  File "/usr/lib/python3.8/xmlrpc/client.py", line 1165, in single_request
    http_conn = self.send_request(host, handler, request_body, verbose)
  File "/usr/lib/python3.8/xmlrpc/client.py", line 1278, in send_request
    self.send_content(connection, request_body)
  File "/usr/lib/python3.8/xmlrpc/client.py", line 1308, in send_content
    connection.endheaders(request_body)
  File "/usr/lib/python3.8/http/client.py", line 1251, in endheaders
    self._send_output(message_body, encode_chunked=encode_chunked)
  File "/usr/lib/python3.8/http/client.py", line 1011, in _send_output
    self.send(msg)
  File "/usr/lib/python3.8/http/client.py", line 951, in send
    self.connect()
  File "/usr/lib/python3.8/http/client.py", line 922, in connect
    self.sock = self._create_connection(
  File "/usr/lib/python3.8/socket.py", line 808, in create_connection
    raise err
  File "/usr/lib/python3.8/socket.py", line 796, in create_connection
    sock.connect(sa)
ConnectionRefusedError: [Errno 111] Connection refused

[rosmaster.master][INFO] 2026-03-11 23:18:38,430: publisherUpdate[/tf] -> http://rera:35227/ ['http://rera:36643/', 'http://rera:37863/', 'http://rera:40475/', 'http://rera:34257/']
[rosmaster.master][INFO] 2026-03-11 23:18:38,429: publisherUpdate[/tf] -> http://rera:43459/ ['http://rera:36643/', 'http://rera:37863/', 'http://rera:40475/', 'http://rera:34257/']: sec=0.00, exception=[Errno 111] Connection refused
[rosmaster.master][INFO] 2026-03-11 23:18:38,432: publisherUpdate[/tf] -> http://rera:35227/ ['http://rera:36643/', 'http://rera:37863/', 'http://rera:40475/', 'http://rera:34257/']: sec=0.00, exception=[Errno 111] Connection refused
[rosmaster.threadpool][ERROR] 2026-03-11 23:18:38,433: Traceback (most recent call last):
  File "/opt/ros/noetic/lib/python3/dist-packages/rosmaster/threadpool.py", line 218, in run
    result = cmd(*args)
  File "/opt/ros/noetic/lib/python3/dist-packages/rosmaster/master_api.py", line 210, in publisher_update_task
    ret = xmlrpcapi(api).publisherUpdate('/master', topic, pub_uris)
  File "/usr/lib/python3.8/xmlrpc/client.py", line 1109, in __call__
    return self.__send(self.__name, args)
  File "/usr/lib/python3.8/xmlrpc/client.py", line 1450, in __request
    response = self.__transport.request(
  File "/usr/lib/python3.8/xmlrpc/client.py", line 1153, in request
    return self.single_request(host, handler, request_body, verbose)
  File "/usr/lib/python3.8/xmlrpc/client.py", line 1165, in single_request
    http_conn = self.send_request(host, handler, request_body, verbose)
  File "/usr/lib/python3.8/xmlrpc/client.py", line 1278, in send_request
    self.send_content(connection, request_body)
  File "/usr/lib/python3.8/xmlrpc/client.py", line 1308, in send_content
    connection.endheaders(request_body)
  File "/usr/lib/python3.8/http/client.py", line 1251, in endheaders
    self._send_output(message_body, encode_chunked=encode_chunked)
  File "/usr/lib/python3.8/http/client.py", line 1011, in _send_output
    self.send(msg)
  File "/usr/lib/python3.8/http/client.py", line 951, in send
    self.connect()
  File "/usr/lib/python3.8/http/client.py", line 922, in connect
    self.sock = self._create_connection(
  File "/usr/lib/python3.8/socket.py", line 808, in create_connection
    raise err
  File "/usr/lib/python3.8/socket.py", line 796, in create_connection
    sock.connect(sa)
ConnectionRefusedError: [Errno 111] Connection refused

[rosmaster.threadpool][ERROR] 2026-03-11 23:18:38,435: Traceback (most recent call last):
  File "/opt/ros/noetic/lib/python3/dist-packages/rosmaster/threadpool.py", line 218, in run
    result = cmd(*args)
  File "/opt/ros/noetic/lib/python3/dist-packages/rosmaster/master_api.py", line 210, in publisher_update_task
    ret = xmlrpcapi(api).publisherUpdate('/master', topic, pub_uris)
  File "/usr/lib/python3.8/xmlrpc/client.py", line 1109, in __call__
    return self.__send(self.__name, args)
  File "/usr/lib/python3.8/xmlrpc/client.py", line 1450, in __request
    response = self.__transport.request(
  File "/usr/lib/python3.8/xmlrpc/client.py", line 1153, in request
    return self.single_request(host, handler, request_body, verbose)
  File "/usr/lib/python3.8/xmlrpc/client.py", line 1165, in single_request
    http_conn = self.send_request(host, handler, request_body, verbose)
  File "/usr/lib/python3.8/xmlrpc/client.py", line 1278, in send_request
    self.send_content(connection, request_body)
  File "/usr/lib/python3.8/xmlrpc/client.py", line 1308, in send_content
    connection.endheaders(request_body)
  File "/usr/lib/python3.8/http/client.py", line 1251, in endheaders
    self._send_output(message_body, encode_chunked=encode_chunked)
  File "/usr/lib/python3.8/http/client.py", line 1011, in _send_output
    self.send(msg)
  File "/usr/lib/python3.8/http/client.py", line 951, in send
    self.connect()
  File "/usr/lib/python3.8/http/client.py", line 922, in connect
    self.sock = self._create_connection(
  File "/usr/lib/python3.8/socket.py", line 808, in create_connection
    raise err
  File "/usr/lib/python3.8/socket.py", line 796, in create_connection
    sock.connect(sa)
ConnectionRefusedError: [Errno 111] Connection refused

[rosmaster.master][INFO] 2026-03-11 23:18:38,488: -PUB [/rosout] /laserMapping http://rera:42431/
[rosmaster.master][INFO] 2026-03-11 23:18:38,489: -SUB [/clock] /laserMapping http://rera:42431/
[rosmaster.master][INFO] 2026-03-11 23:18:38,491: -SERVICE [/laserMapping/get_loggers] /laserMapping rosrpc://rera:35731
[rosmaster.master][INFO] 2026-03-11 23:18:38,491: -SERVICE [/laserMapping/set_logger_level] /laserMapping rosrpc://rera:35731
[rosmaster.master][INFO] 2026-03-11 23:18:38,492: -CACHEDPARAM [/rosout_disable_topics_generation] by /laserMapping
[rosmaster.master][INFO] 2026-03-11 23:18:38,597: -PUB [/rosout] /robot_state_publisher http://rera:34257/
[rosmaster.master][INFO] 2026-03-11 23:18:38,598: -PUB [/tf] /robot_state_publisher http://rera:34257/
[rosmaster.master][INFO] 2026-03-11 23:18:38,599: -PUB [/tf_static] /robot_state_publisher http://rera:34257/
[rosmaster.master][INFO] 2026-03-11 23:18:38,601: -SUB [/clock] /robot_state_publisher http://rera:34257/
[rosmaster.master][INFO] 2026-03-11 23:18:38,603: -SUB [/joint_states] /robot_state_publisher http://rera:34257/
[rosmaster.master][INFO] 2026-03-11 23:18:38,604: -SERVICE [/robot_state_publisher/get_loggers] /robot_state_publisher rosrpc://rera:38599
[rosmaster.master][INFO] 2026-03-11 23:18:38,606: -SERVICE [/robot_state_publisher/set_logger_level] /robot_state_publisher rosrpc://rera:38599
[rosmaster.master][INFO] 2026-03-11 23:18:38,608: -CACHEDPARAM [/rosout_disable_topics_generation] by /robot_state_publisher
[rosmaster.master][INFO] 2026-03-11 23:18:38,633: publisherUpdate[/tf] -> http://rera:39197/ ['http://rera:36643/', 'http://rera:37863/', 'http://rera:40475/']
[rosmaster.master][INFO] 2026-03-11 23:18:38,635: publisherUpdate[/tf] -> http://rera:39197/ ['http://rera:36643/', 'http://rera:37863/', 'http://rera:40475/']: sec=0.00, exception=[Errno 111] Connection refused
[rosmaster.threadpool][ERROR] 2026-03-11 23:18:38,635: Traceback (most recent call last):
  File "/opt/ros/noetic/lib/python3/dist-packages/rosmaster/threadpool.py", line 218, in run
    result = cmd(*args)
  File "/opt/ros/noetic/lib/python3/dist-packages/rosmaster/master_api.py", line 210, in publisher_update_task
    ret = xmlrpcapi(api).publisherUpdate('/master', topic, pub_uris)
  File "/usr/lib/python3.8/xmlrpc/client.py", line 1109, in __call__
    return self.__send(self.__name, args)
  File "/usr/lib/python3.8/xmlrpc/client.py", line 1450, in __request
    response = self.__transport.request(
  File "/usr/lib/python3.8/xmlrpc/client.py", line 1153, in request
    return self.single_request(host, handler, request_body, verbose)
  File "/usr/lib/python3.8/xmlrpc/client.py", line 1165, in single_request
    http_conn = self.send_request(host, handler, request_body, verbose)
  File "/usr/lib/python3.8/xmlrpc/client.py", line 1278, in send_request
    self.send_content(connection, request_body)
  File "/usr/lib/python3.8/xmlrpc/client.py", line 1308, in send_content
    connection.endheaders(request_body)
  File "/usr/lib/python3.8/http/client.py", line 1251, in endheaders
    self._send_output(message_body, encode_chunked=encode_chunked)
  File "/usr/lib/python3.8/http/client.py", line 1011, in _send_output
    self.send(msg)
  File "/usr/lib/python3.8/http/client.py", line 951, in send
    self.connect()
  File "/usr/lib/python3.8/http/client.py", line 922, in connect
    self.sock = self._create_connection(
  File "/usr/lib/python3.8/socket.py", line 808, in create_connection
    raise err
  File "/usr/lib/python3.8/socket.py", line 796, in create_connection
    sock.connect(sa)
ConnectionRefusedError: [Errno 111] Connection refused

[rosmaster.master][INFO] 2026-03-11 23:18:38,636: publisherUpdate[/tf] -> http://rera:38007/ ['http://rera:36643/', 'http://rera:37863/', 'http://rera:40475/']
[rosmaster.master][INFO] 2026-03-11 23:18:38,636: publisherUpdate[/tf] -> http://rera:46795/ ['http://rera:36643/', 'http://rera:37863/', 'http://rera:40475/']
[rosmaster.master][INFO] 2026-03-11 23:18:38,637: publisherUpdate[/tf] -> http://rera:42949/ ['http://rera:36643/', 'http://rera:37863/', 'http://rera:40475/']
[rosmaster.master][INFO] 2026-03-11 23:18:38,641: publisherUpdate[/tf] -> http://rera:38007/ ['http://rera:36643/', 'http://rera:37863/', 'http://rera:40475/']: sec=0.00, exception=[Errno 111] Connection refused
[rosmaster.threadpool][ERROR] 2026-03-11 23:18:38,644: Traceback (most recent call last):
  File "/opt/ros/noetic/lib/python3/dist-packages/rosmaster/threadpool.py", line 218, in run
    result = cmd(*args)
  File "/opt/ros/noetic/lib/python3/dist-packages/rosmaster/master_api.py", line 210, in publisher_update_task
    ret = xmlrpcapi(api).publisherUpdate('/master', topic, pub_uris)
  File "/usr/lib/python3.8/xmlrpc/client.py", line 1109, in __call__
    return self.__send(self.__name, args)
  File "/usr/lib/python3.8/xmlrpc/client.py", line 1450, in __request
    response = self.__transport.request(
  File "/usr/lib/python3.8/xmlrpc/client.py", line 1153, in request
    return self.single_request(host, handler, request_body, verbose)
  File "/usr/lib/python3.8/xmlrpc/client.py", line 1165, in single_request
    http_conn = self.send_request(host, handler, request_body, verbose)
  File "/usr/lib/python3.8/xmlrpc/client.py", line 1278, in send_request
    self.send_content(connection, request_body)
  File "/usr/lib/python3.8/xmlrpc/client.py", line 1308, in send_content
    connection.endheaders(request_body)
  File "/usr/lib/python3.8/http/client.py", line 1251, in endheaders
    self._send_output(message_body, encode_chunked=encode_chunked)
  File "/usr/lib/python3.8/http/client.py", line 1011, in _send_output
    self.send(msg)
  File "/usr/lib/python3.8/http/client.py", line 951, in send
    self.connect()
  File "/usr/lib/python3.8/http/client.py", line 922, in connect
    self.sock = self._create_connection(
  File "/usr/lib/python3.8/socket.py", line 808, in create_connection
    raise err
  File "/usr/lib/python3.8/socket.py", line 796, in create_connection
    sock.connect(sa)
ConnectionRefusedError: [Errno 111] Connection refused

[rosmaster.master][INFO] 2026-03-11 23:18:38,643: publisherUpdate[/tf] -> http://rera:42949/ ['http://rera:36643/', 'http://rera:37863/', 'http://rera:40475/']: sec=0.00, exception=[Errno 111] Connection refused
[rosmaster.threadpool][ERROR] 2026-03-11 23:18:38,645: Traceback (most recent call last):
  File "/opt/ros/noetic/lib/python3/dist-packages/rosmaster/threadpool.py", line 218, in run
    result = cmd(*args)
  File "/opt/ros/noetic/lib/python3/dist-packages/rosmaster/master_api.py", line 210, in publisher_update_task
    ret = xmlrpcapi(api).publisherUpdate('/master', topic, pub_uris)
  File "/usr/lib/python3.8/xmlrpc/client.py", line 1109, in __call__
    return self.__send(self.__name, args)
  File "/usr/lib/python3.8/xmlrpc/client.py", line 1450, in __request
    response = self.__transport.request(
  File "/usr/lib/python3.8/xmlrpc/client.py", line 1153, in request
    return self.single_request(host, handler, request_body, verbose)
  File "/usr/lib/python3.8/xmlrpc/client.py", line 1165, in single_request
    http_conn = self.send_request(host, handler, request_body, verbose)
  File "/usr/lib/python3.8/xmlrpc/client.py", line 1278, in send_request
    self.send_content(connection, request_body)
  File "/usr/lib/python3.8/xmlrpc/client.py", line 1308, in send_content
    connection.endheaders(request_body)
  File "/usr/lib/python3.8/http/client.py", line 1251, in endheaders
    self._send_output(message_body, encode_chunked=encode_chunked)
  File "/usr/lib/python3.8/http/client.py", line 1011, in _send_output
    self.send(msg)
  File "/usr/lib/python3.8/http/client.py", line 951, in send
    self.connect()
  File "/usr/lib/python3.8/http/client.py", line 922, in connect
    self.sock = self._create_connection(
  File "/usr/lib/python3.8/socket.py", line 808, in create_connection
    raise err
  File "/usr/lib/python3.8/socket.py", line 796, in create_connection
    sock.connect(sa)
ConnectionRefusedError: [Errno 111] Connection refused

[rosmaster.master][INFO] 2026-03-11 23:18:38,645: publisherUpdate[/tf] -> http://rera:35227/ ['http://rera:36643/', 'http://rera:37863/', 'http://rera:40475/']
[rosmaster.master][INFO] 2026-03-11 23:18:38,641: publisherUpdate[/tf] -> http://rera:46795/ ['http://rera:36643/', 'http://rera:37863/', 'http://rera:40475/']: sec=0.00, exception=[Errno 111] Connection refused
[rosmaster.master][INFO] 2026-03-11 23:18:38,644: publisherUpdate[/tf] -> http://rera:43459/ ['http://rera:36643/', 'http://rera:37863/', 'http://rera:40475/']
[rosmaster.master][INFO] 2026-03-11 23:18:38,646: publisherUpdate[/tf] -> http://rera:35227/ ['http://rera:36643/', 'http://rera:37863/', 'http://rera:40475/']: sec=0.00, exception=[Errno 111] Connection refused
[rosmaster.threadpool][ERROR] 2026-03-11 23:18:38,647: Traceback (most recent call last):
  File "/opt/ros/noetic/lib/python3/dist-packages/rosmaster/threadpool.py", line 218, in run
    result = cmd(*args)
  File "/opt/ros/noetic/lib/python3/dist-packages/rosmaster/master_api.py", line 210, in publisher_update_task
    ret = xmlrpcapi(api).publisherUpdate('/master', topic, pub_uris)
  File "/usr/lib/python3.8/xmlrpc/client.py", line 1109, in __call__
    return self.__send(self.__name, args)
  File "/usr/lib/python3.8/xmlrpc/client.py", line 1450, in __request
    response = self.__transport.request(
  File "/usr/lib/python3.8/xmlrpc/client.py", line 1153, in request
    return self.single_request(host, handler, request_body, verbose)
  File "/usr/lib/python3.8/xmlrpc/client.py", line 1165, in single_request
    http_conn = self.send_request(host, handler, request_body, verbose)
  File "/usr/lib/python3.8/xmlrpc/client.py", line 1278, in send_request
    self.send_content(connection, request_body)
  File "/usr/lib/python3.8/xmlrpc/client.py", line 1308, in send_content
    connection.endheaders(request_body)
  File "/usr/lib/python3.8/http/client.py", line 1251, in endheaders
    self._send_output(message_body, encode_chunked=encode_chunked)
  File "/usr/lib/python3.8/http/client.py", line 1011, in _send_output
    self.send(msg)
  File "/usr/lib/python3.8/http/client.py", line 951, in send
    self.connect()
  File "/usr/lib/python3.8/http/client.py", line 922, in connect
    self.sock = self._create_connection(
  File "/usr/lib/python3.8/socket.py", line 808, in create_connection
    raise err
  File "/usr/lib/python3.8/socket.py", line 796, in create_connection
    sock.connect(sa)
ConnectionRefusedError: [Errno 111] Connection refused

[rosmaster.master][INFO] 2026-03-11 23:18:38,649: publisherUpdate[/tf] -> http://rera:43459/ ['http://rera:36643/', 'http://rera:37863/', 'http://rera:40475/']: sec=0.00, exception=[Errno 111] Connection refused
[rosmaster.master][INFO] 2026-03-11 23:18:38,650: publisherUpdate[/tf_static] -> http://rera:39197/ []
[rosmaster.threadpool][ERROR] 2026-03-11 23:18:38,652: Traceback (most recent call last):
  File "/opt/ros/noetic/lib/python3/dist-packages/rosmaster/threadpool.py", line 218, in run
    result = cmd(*args)
  File "/opt/ros/noetic/lib/python3/dist-packages/rosmaster/master_api.py", line 210, in publisher_update_task
    ret = xmlrpcapi(api).publisherUpdate('/master', topic, pub_uris)
  File "/usr/lib/python3.8/xmlrpc/client.py", line 1109, in __call__
    return self.__send(self.__name, args)
  File "/usr/lib/python3.8/xmlrpc/client.py", line 1450, in __request
    response = self.__transport.request(
  File "/usr/lib/python3.8/xmlrpc/client.py", line 1153, in request
    return self.single_request(host, handler, request_body, verbose)
  File "/usr/lib/python3.8/xmlrpc/client.py", line 1165, in single_request
    http_conn = self.send_request(host, handler, request_body, verbose)
  File "/usr/lib/python3.8/xmlrpc/client.py", line 1278, in send_request
    self.send_content(connection, request_body)
  File "/usr/lib/python3.8/xmlrpc/client.py", line 1308, in send_content
    connection.endheaders(request_body)
  File "/usr/lib/python3.8/http/client.py", line 1251, in endheaders
    self._send_output(message_body, encode_chunked=encode_chunked)
  File "/usr/lib/python3.8/http/client.py", line 1011, in _send_output
    self.send(msg)
  File "/usr/lib/python3.8/http/client.py", line 951, in send
    self.connect()
  File "/usr/lib/python3.8/http/client.py", line 922, in connect
    self.sock = self._create_connection(
  File "/usr/lib/python3.8/socket.py", line 808, in create_connection
    raise err
  File "/usr/lib/python3.8/socket.py", line 796, in create_connection
    sock.connect(sa)
ConnectionRefusedError: [Errno 111] Connection refused

[rosmaster.master][INFO] 2026-03-11 23:18:38,653: publisherUpdate[/tf_static] -> http://rera:38007/ []
[rosmaster.master][INFO] 2026-03-11 23:18:38,655: publisherUpdate[/tf_static] -> http://rera:39197/ []: sec=0.00, exception=[Errno 111] Connection refused
[rosmaster.master][INFO] 2026-03-11 23:18:38,656: -SUB [/gazebo/set_link_state] /gazebo http://rera:40475/
[rosmaster.threadpool][ERROR] 2026-03-11 23:18:38,659: Traceback (most recent call last):
  File "/opt/ros/noetic/lib/python3/dist-packages/rosmaster/threadpool.py", line 218, in run
    result = cmd(*args)
  File "/opt/ros/noetic/lib/python3/dist-packages/rosmaster/master_api.py", line 210, in publisher_update_task
    ret = xmlrpcapi(api).publisherUpdate('/master', topic, pub_uris)
  File "/usr/lib/python3.8/xmlrpc/client.py", line 1109, in __call__
    return self.__send(self.__name, args)
  File "/usr/lib/python3.8/xmlrpc/client.py", line 1450, in __request
    response = self.__transport.request(
  File "/usr/lib/python3.8/xmlrpc/client.py", line 1153, in request
    return self.single_request(host, handler, request_body, verbose)
  File "/usr/lib/python3.8/xmlrpc/client.py", line 1165, in single_request
    http_conn = self.send_request(host, handler, request_body, verbose)
  File "/usr/lib/python3.8/xmlrpc/client.py", line 1278, in send_request
    self.send_content(connection, request_body)
  File "/usr/lib/python3.8/xmlrpc/client.py", line 1308, in send_content
    connection.endheaders(request_body)
  File "/usr/lib/python3.8/http/client.py", line 1251, in endheaders
    self._send_output(message_body, encode_chunked=encode_chunked)
  File "/usr/lib/python3.8/http/client.py", line 1011, in _send_output
    self.send(msg)
  File "/usr/lib/python3.8/http/client.py", line 951, in send
    self.connect()
  File "/usr/lib/python3.8/http/client.py", line 922, in connect
    self.sock = self._create_connection(
  File "/usr/lib/python3.8/socket.py", line 808, in create_connection
    raise err
  File "/usr/lib/python3.8/socket.py", line 796, in create_connection
    sock.connect(sa)
ConnectionRefusedError: [Errno 111] Connection refused

[rosmaster.master][INFO] 2026-03-11 23:18:38,665: publisherUpdate[/tf_static] -> http://rera:46795/ []
[rosmaster.threadpool][ERROR] 2026-03-11 23:18:38,663: Traceback (most recent call last):
  File "/opt/ros/noetic/lib/python3/dist-packages/rosmaster/threadpool.py", line 218, in run
    result = cmd(*args)
  File "/opt/ros/noetic/lib/python3/dist-packages/rosmaster/master_api.py", line 210, in publisher_update_task
    ret = xmlrpcapi(api).publisherUpdate('/master', topic, pub_uris)
  File "/usr/lib/python3.8/xmlrpc/client.py", line 1109, in __call__
    return self.__send(self.__name, args)
  File "/usr/lib/python3.8/xmlrpc/client.py", line 1450, in __request
    response = self.__transport.request(
  File "/usr/lib/python3.8/xmlrpc/client.py", line 1153, in request
    return self.single_request(host, handler, request_body, verbose)
  File "/usr/lib/python3.8/xmlrpc/client.py", line 1165, in single_request
    http_conn = self.send_request(host, handler, request_body, verbose)
  File "/usr/lib/python3.8/xmlrpc/client.py", line 1278, in send_request
    self.send_content(connection, request_body)
  File "/usr/lib/python3.8/xmlrpc/client.py", line 1308, in send_content
    connection.endheaders(request_body)
  File "/usr/lib/python3.8/http/client.py", line 1251, in endheaders
    self._send_output(message_body, encode_chunked=encode_chunked)
  File "/usr/lib/python3.8/http/client.py", line 1011, in _send_output
    self.send(msg)
  File "/usr/lib/python3.8/http/client.py", line 951, in send
    self.connect()
  File "/usr/lib/python3.8/http/client.py", line 922, in connect
    self.sock = self._create_connection(
  File "/usr/lib/python3.8/socket.py", line 808, in create_connection
    raise err
  File "/usr/lib/python3.8/socket.py", line 796, in create_connection
    sock.connect(sa)
ConnectionRefusedError: [Errno 111] Connection refused

[rosmaster.master][INFO] 2026-03-11 23:18:38,666: publisherUpdate[/tf_static] -> http://rera:42949/ []
[rosmaster.master][INFO] 2026-03-11 23:18:38,664: -SUB [/gazebo/set_model_state] /gazebo http://rera:40475/
[rosmaster.master][INFO] 2026-03-11 23:18:38,666: publisherUpdate[/tf_static] -> http://rera:46795/ []: sec=0.00, exception=[Errno 111] Connection refused
[rosmaster.master][INFO] 2026-03-11 23:18:38,659: publisherUpdate[/tf_static] -> http://rera:38007/ []: sec=0.00, exception=[Errno 111] Connection refused
[rosmaster.threadpool][ERROR] 2026-03-11 23:18:38,673: Traceback (most recent call last):
  File "/opt/ros/noetic/lib/python3/dist-packages/rosmaster/threadpool.py", line 218, in run
    result = cmd(*args)
  File "/opt/ros/noetic/lib/python3/dist-packages/rosmaster/master_api.py", line 210, in publisher_update_task
    ret = xmlrpcapi(api).publisherUpdate('/master', topic, pub_uris)
  File "/usr/lib/python3.8/xmlrpc/client.py", line 1109, in __call__
    return self.__send(self.__name, args)
  File "/usr/lib/python3.8/xmlrpc/client.py", line 1450, in __request
    response = self.__transport.request(
  File "/usr/lib/python3.8/xmlrpc/client.py", line 1153, in request
    return self.single_request(host, handler, request_body, verbose)
  File "/usr/lib/python3.8/xmlrpc/client.py", line 1165, in single_request
    http_conn = self.send_request(host, handler, request_body, verbose)
  File "/usr/lib/python3.8/xmlrpc/client.py", line 1278, in send_request
    self.send_content(connection, request_body)
  File "/usr/lib/python3.8/xmlrpc/client.py", line 1308, in send_content
    connection.endheaders(request_body)
  File "/usr/lib/python3.8/http/client.py", line 1251, in endheaders
    self._send_output(message_body, encode_chunked=encode_chunked)
  File "/usr/lib/python3.8/http/client.py", line 1011, in _send_output
    self.send(msg)
  File "/usr/lib/python3.8/http/client.py", line 951, in send
    self.connect()
  File "/usr/lib/python3.8/http/client.py", line 922, in connect
    self.sock = self._create_connection(
  File "/usr/lib/python3.8/socket.py", line 808, in create_connection
    raise err
  File "/usr/lib/python3.8/socket.py", line 796, in create_connection
    sock.connect(sa)
ConnectionRefusedError: [Errno 111] Connection refused

[rosmaster.master][INFO] 2026-03-11 23:18:38,676: publisherUpdate[/tf_static] -> http://rera:43459/ []
[rosmaster.master][INFO] 2026-03-11 23:18:38,676: -PUB [/rosout] /tf_body_footprint http://rera:37863/
[rosmaster.master][INFO] 2026-03-11 23:18:38,676: publisherUpdate[/tf_static] -> http://rera:42949/ []: sec=0.01, exception=[Errno 111] Connection refused
[rosmaster.threadpool][ERROR] 2026-03-11 23:18:38,677: Traceback (most recent call last):
  File "/opt/ros/noetic/lib/python3/dist-packages/rosmaster/threadpool.py", line 218, in run
    result = cmd(*args)
  File "/opt/ros/noetic/lib/python3/dist-packages/rosmaster/master_api.py", line 210, in publisher_update_task
    ret = xmlrpcapi(api).publisherUpdate('/master', topic, pub_uris)
  File "/usr/lib/python3.8/xmlrpc/client.py", line 1109, in __call__
    return self.__send(self.__name, args)
  File "/usr/lib/python3.8/xmlrpc/client.py", line 1450, in __request
    response = self.__transport.request(
  File "/usr/lib/python3.8/xmlrpc/client.py", line 1153, in request
    return self.single_request(host, handler, request_body, verbose)
  File "/usr/lib/python3.8/xmlrpc/client.py", line 1165, in single_request
    http_conn = self.send_request(host, handler, request_body, verbose)
  File "/usr/lib/python3.8/xmlrpc/client.py", line 1278, in send_request
    self.send_content(connection, request_body)
  File "/usr/lib/python3.8/xmlrpc/client.py", line 1308, in send_content
    connection.endheaders(request_body)
  File "/usr/lib/python3.8/http/client.py", line 1251, in endheaders
    self._send_output(message_body, encode_chunked=encode_chunked)
  File "/usr/lib/python3.8/http/client.py", line 1011, in _send_output
    self.send(msg)
  File "/usr/lib/python3.8/http/client.py", line 951, in send
    self.connect()
  File "/usr/lib/python3.8/http/client.py", line 922, in connect
    self.sock = self._create_connection(
  File "/usr/lib/python3.8/socket.py", line 808, in create_connection
    raise err
  File "/usr/lib/python3.8/socket.py", line 796, in create_connection
    sock.connect(sa)
ConnectionRefusedError: [Errno 111] Connection refused

[rosmaster.master][INFO] 2026-03-11 23:18:38,683: publisherUpdate[/tf_static] -> http://rera:35227/ []
[rosmaster.master][INFO] 2026-03-11 23:18:38,681: -PUB [/clock] /gazebo http://rera:40475/
[rosmaster.threadpool][ERROR] 2026-03-11 23:18:38,682: Traceback (most recent call last):
  File "/opt/ros/noetic/lib/python3/dist-packages/rosmaster/threadpool.py", line 218, in run
    result = cmd(*args)
  File "/opt/ros/noetic/lib/python3/dist-packages/rosmaster/master_api.py", line 210, in publisher_update_task
    ret = xmlrpcapi(api).publisherUpdate('/master', topic, pub_uris)
  File "/usr/lib/python3.8/xmlrpc/client.py", line 1109, in __call__
    return self.__send(self.__name, args)
  File "/usr/lib/python3.8/xmlrpc/client.py", line 1450, in __request
    response = self.__transport.request(
  File "/usr/lib/python3.8/xmlrpc/client.py", line 1153, in request
    return self.single_request(host, handler, request_body, verbose)
  File "/usr/lib/python3.8/xmlrpc/client.py", line 1165, in single_request
    http_conn = self.send_request(host, handler, request_body, verbose)
  File "/usr/lib/python3.8/xmlrpc/client.py", line 1278, in send_request
    self.send_content(connection, request_body)
  File "/usr/lib/python3.8/xmlrpc/client.py", line 1308, in send_content
    connection.endheaders(request_body)
  File "/usr/lib/python3.8/http/client.py", line 1251, in endheaders
    self._send_output(message_body, encode_chunked=encode_chunked)
  File "/usr/lib/python3.8/http/client.py", line 1011, in _send_output
    self.send(msg)
  File "/usr/lib/python3.8/http/client.py", line 951, in send
    self.connect()
  File "/usr/lib/python3.8/http/client.py", line 922, in connect
    self.sock = self._create_connection(
  File "/usr/lib/python3.8/socket.py", line 808, in create_connection
    raise err
  File "/usr/lib/python3.8/socket.py", line 796, in create_connection
    sock.connect(sa)
ConnectionRefusedError: [Errno 111] Connection refused

[rosmaster.master][INFO] 2026-03-11 23:18:38,687: publisherUpdate[/clock] -> http://rera:39197/ []
[rosmaster.master][INFO] 2026-03-11 23:18:38,685: publisherUpdate[/tf_static] -> http://rera:35227/ []: sec=0.00, exception=[Errno 111] Connection refused
[rosmaster.master][INFO] 2026-03-11 23:18:38,678: publisherUpdate[/tf_static] -> http://rera:43459/ []: sec=0.00, exception=[Errno 111] Connection refused
[rosmaster.threadpool][ERROR] 2026-03-11 23:18:38,691: Traceback (most recent call last):
  File "/opt/ros/noetic/lib/python3/dist-packages/rosmaster/threadpool.py", line 218, in run
    result = cmd(*args)
  File "/opt/ros/noetic/lib/python3/dist-packages/rosmaster/master_api.py", line 210, in publisher_update_task
    ret = xmlrpcapi(api).publisherUpdate('/master', topic, pub_uris)
  File "/usr/lib/python3.8/xmlrpc/client.py", line 1109, in __call__
    return self.__send(self.__name, args)
  File "/usr/lib/python3.8/xmlrpc/client.py", line 1450, in __request
    response = self.__transport.request(
  File "/usr/lib/python3.8/xmlrpc/client.py", line 1153, in request
    return self.single_request(host, handler, request_body, verbose)
  File "/usr/lib/python3.8/xmlrpc/client.py", line 1165, in single_request
    http_conn = self.send_request(host, handler, request_body, verbose)
  File "/usr/lib/python3.8/xmlrpc/client.py", line 1278, in send_request
    self.send_content(connection, request_body)
  File "/usr/lib/python3.8/xmlrpc/client.py", line 1308, in send_content
    connection.endheaders(request_body)
  File "/usr/lib/python3.8/http/client.py", line 1251, in endheaders
    self._send_output(message_body, encode_chunked=encode_chunked)
  File "/usr/lib/python3.8/http/client.py", line 1011, in _send_output
    self.send(msg)
  File "/usr/lib/python3.8/http/client.py", line 951, in send
    self.connect()
  File "/usr/lib/python3.8/http/client.py", line 922, in connect
    self.sock = self._create_connection(
  File "/usr/lib/python3.8/socket.py", line 808, in create_connection
    raise err
  File "/usr/lib/python3.8/socket.py", line 796, in create_connection
    sock.connect(sa)
ConnectionRefusedError: [Errno 111] Connection refused

[rosmaster.master][INFO] 2026-03-11 23:18:38,697: publisherUpdate[/clock] -> http://rera:38007/ []
[rosmaster.master][INFO] 2026-03-11 23:18:38,697: -PUB [/rosout] /tf_footprint_base http://rera:36643/
[rosmaster.master][INFO] 2026-03-11 23:18:38,695: publisherUpdate[/clock] -> http://rera:39197/ []: sec=0.01, exception=[Errno 111] Connection refused
[rosmaster.threadpool][ERROR] 2026-03-11 23:18:38,702: Traceback (most recent call last):
  File "/opt/ros/noetic/lib/python3/dist-packages/rosmaster/threadpool.py", line 218, in run
    result = cmd(*args)
  File "/opt/ros/noetic/lib/python3/dist-packages/rosmaster/master_api.py", line 210, in publisher_update_task
    ret = xmlrpcapi(api).publisherUpdate('/master', topic, pub_uris)
  File "/usr/lib/python3.8/xmlrpc/client.py", line 1109, in __call__
    return self.__send(self.__name, args)
  File "/usr/lib/python3.8/xmlrpc/client.py", line 1450, in __request
    response = self.__transport.request(
  File "/usr/lib/python3.8/xmlrpc/client.py", line 1153, in request
    return self.single_request(host, handler, request_body, verbose)
  File "/usr/lib/python3.8/xmlrpc/client.py", line 1165, in single_request
    http_conn = self.send_request(host, handler, request_body, verbose)
  File "/usr/lib/python3.8/xmlrpc/client.py", line 1278, in send_request
    self.send_content(connection, request_body)
  File "/usr/lib/python3.8/xmlrpc/client.py", line 1308, in send_content
    connection.endheaders(request_body)
  File "/usr/lib/python3.8/http/client.py", line 1251, in endheaders
    self._send_output(message_body, encode_chunked=encode_chunked)
  File "/usr/lib/python3.8/http/client.py", line 1011, in _send_output
    self.send(msg)
  File "/usr/lib/python3.8/http/client.py", line 951, in send
    self.connect()
  File "/usr/lib/python3.8/http/client.py", line 922, in connect
    self.sock = self._create_connection(
  File "/usr/lib/python3.8/socket.py", line 808, in create_connection
    raise err
  File "/usr/lib/python3.8/socket.py", line 796, in create_connection
    sock.connect(sa)
ConnectionRefusedError: [Errno 111] Connection refused

[rosmaster.master][INFO] 2026-03-11 23:18:38,706: publisherUpdate[/clock] -> http://rera:46795/ []
[rosmaster.master][INFO] 2026-03-11 23:18:38,705: publisherUpdate[/clock] -> http://rera:38007/ []: sec=0.01, exception=[Errno 111] Connection refused
[rosmaster.master][INFO] 2026-03-11 23:18:38,705: -PUB [/tf] /tf_body_footprint http://rera:37863/
[rosmaster.threadpool][ERROR] 2026-03-11 23:18:38,703: Traceback (most recent call last):
  File "/opt/ros/noetic/lib/python3/dist-packages/rosmaster/threadpool.py", line 218, in run
    result = cmd(*args)
  File "/opt/ros/noetic/lib/python3/dist-packages/rosmaster/master_api.py", line 210, in publisher_update_task
    ret = xmlrpcapi(api).publisherUpdate('/master', topic, pub_uris)
  File "/usr/lib/python3.8/xmlrpc/client.py", line 1109, in __call__
    return self.__send(self.__name, args)
  File "/usr/lib/python3.8/xmlrpc/client.py", line 1450, in __request
    response = self.__transport.request(
  File "/usr/lib/python3.8/xmlrpc/client.py", line 1153, in request
    return self.single_request(host, handler, request_body, verbose)
  File "/usr/lib/python3.8/xmlrpc/client.py", line 1165, in single_request
    http_conn = self.send_request(host, handler, request_body, verbose)
  File "/usr/lib/python3.8/xmlrpc/client.py", line 1278, in send_request
    self.send_content(connection, request_body)
  File "/usr/lib/python3.8/xmlrpc/client.py", line 1308, in send_content
    connection.endheaders(request_body)
  File "/usr/lib/python3.8/http/client.py", line 1251, in endheaders
    self._send_output(message_body, encode_chunked=encode_chunked)
  File "/usr/lib/python3.8/http/client.py", line 1011, in _send_output
    self.send(msg)
  File "/usr/lib/python3.8/http/client.py", line 951, in send
    self.connect()
  File "/usr/lib/python3.8/http/client.py", line 922, in connect
    self.sock = self._create_connection(
  File "/usr/lib/python3.8/socket.py", line 808, in create_connection
    raise err
  File "/usr/lib/python3.8/socket.py", line 796, in create_connection
    sock.connect(sa)
ConnectionRefusedError: [Errno 111] Connection refused

[rosmaster.master][INFO] 2026-03-11 23:18:38,711: publisherUpdate[/clock] -> http://rera:42949/ []
[rosmaster.master][INFO] 2026-03-11 23:18:38,710: publisherUpdate[/clock] -> http://rera:46795/ []: sec=0.00, exception=[Errno 111] Connection refused
[rosmaster.master][INFO] 2026-03-11 23:18:38,714: publisherUpdate[/clock] -> http://rera:42949/ []: sec=0.00, exception=[Errno 111] Connection refused
[rosmaster.threadpool][ERROR] 2026-03-11 23:18:38,712: Traceback (most recent call last):
  File "/opt/ros/noetic/lib/python3/dist-packages/rosmaster/threadpool.py", line 218, in run
    result = cmd(*args)
  File "/opt/ros/noetic/lib/python3/dist-packages/rosmaster/master_api.py", line 210, in publisher_update_task
    ret = xmlrpcapi(api).publisherUpdate('/master', topic, pub_uris)
  File "/usr/lib/python3.8/xmlrpc/client.py", line 1109, in __call__
    return self.__send(self.__name, args)
  File "/usr/lib/python3.8/xmlrpc/client.py", line 1450, in __request
    response = self.__transport.request(
  File "/usr/lib/python3.8/xmlrpc/client.py", line 1153, in request
    return self.single_request(host, handler, request_body, verbose)
  File "/usr/lib/python3.8/xmlrpc/client.py", line 1165, in single_request
    http_conn = self.send_request(host, handler, request_body, verbose)
  File "/usr/lib/python3.8/xmlrpc/client.py", line 1278, in send_request
    self.send_content(connection, request_body)
  File "/usr/lib/python3.8/xmlrpc/client.py", line 1308, in send_content
    connection.endheaders(request_body)
  File "/usr/lib/python3.8/http/client.py", line 1251, in endheaders
    self._send_output(message_body, encode_chunked=encode_chunked)
  File "/usr/lib/python3.8/http/client.py", line 1011, in _send_output
    self.send(msg)
  File "/usr/lib/python3.8/http/client.py", line 951, in send
    self.connect()
  File "/usr/lib/python3.8/http/client.py", line 922, in connect
    self.sock = self._create_connection(
  File "/usr/lib/python3.8/socket.py", line 808, in create_connection
    raise err
  File "/usr/lib/python3.8/socket.py", line 796, in create_connection
    sock.connect(sa)
ConnectionRefusedError: [Errno 111] Connection refused

[rosmaster.master][INFO] 2026-03-11 23:18:38,710: -PUB [/gazebo/link_states] /gazebo http://rera:40475/
[rosmaster.threadpool][ERROR] 2026-03-11 23:18:38,715: Traceback (most recent call last):
  File "/opt/ros/noetic/lib/python3/dist-packages/rosmaster/threadpool.py", line 218, in run
    result = cmd(*args)
  File "/opt/ros/noetic/lib/python3/dist-packages/rosmaster/master_api.py", line 210, in publisher_update_task
    ret = xmlrpcapi(api).publisherUpdate('/master', topic, pub_uris)
  File "/usr/lib/python3.8/xmlrpc/client.py", line 1109, in __call__
    return self.__send(self.__name, args)
  File "/usr/lib/python3.8/xmlrpc/client.py", line 1450, in __request
    response = self.__transport.request(
  File "/usr/lib/python3.8/xmlrpc/client.py", line 1153, in request
    return self.single_request(host, handler, request_body, verbose)
  File "/usr/lib/python3.8/xmlrpc/client.py", line 1165, in single_request
    http_conn = self.send_request(host, handler, request_body, verbose)
  File "/usr/lib/python3.8/xmlrpc/client.py", line 1278, in send_request
    self.send_content(connection, request_body)
  File "/usr/lib/python3.8/xmlrpc/client.py", line 1308, in send_content
    connection.endheaders(request_body)
  File "/usr/lib/python3.8/http/client.py", line 1251, in endheaders
    self._send_output(message_body, encode_chunked=encode_chunked)
  File "/usr/lib/python3.8/http/client.py", line 1011, in _send_output
    self.send(msg)
  File "/usr/lib/python3.8/http/client.py", line 951, in send
    self.connect()
  File "/usr/lib/python3.8/http/client.py", line 922, in connect
    self.sock = self._create_connection(
  File "/usr/lib/python3.8/socket.py", line 808, in create_connection
    raise err
  File "/usr/lib/python3.8/socket.py", line 796, in create_connection
    sock.connect(sa)
ConnectionRefusedError: [Errno 111] Connection refused

[rosmaster.master][INFO] 2026-03-11 23:18:38,721: publisherUpdate[/clock] -> http://rera:35227/ []
[rosmaster.master][INFO] 2026-03-11 23:18:38,719: publisherUpdate[/clock] -> http://rera:43459/ []
[rosmaster.threadpool][ERROR] 2026-03-11 23:18:38,716: Traceback (most recent call last):
  File "/opt/ros/noetic/lib/python3/dist-packages/rosmaster/threadpool.py", line 218, in run
    result = cmd(*args)
  File "/opt/ros/noetic/lib/python3/dist-packages/rosmaster/master_api.py", line 210, in publisher_update_task
    ret = xmlrpcapi(api).publisherUpdate('/master', topic, pub_uris)
  File "/usr/lib/python3.8/xmlrpc/client.py", line 1109, in __call__
    return self.__send(self.__name, args)
  File "/usr/lib/python3.8/xmlrpc/client.py", line 1450, in __request
    response = self.__transport.request(
  File "/usr/lib/python3.8/xmlrpc/client.py", line 1153, in request
    return self.single_request(host, handler, request_body, verbose)
  File "/usr/lib/python3.8/xmlrpc/client.py", line 1165, in single_request
    http_conn = self.send_request(host, handler, request_body, verbose)
  File "/usr/lib/python3.8/xmlrpc/client.py", line 1278, in send_request
    self.send_content(connection, request_body)
  File "/usr/lib/python3.8/xmlrpc/client.py", line 1308, in send_content
    connection.endheaders(request_body)
  File "/usr/lib/python3.8/http/client.py", line 1251, in endheaders
    self._send_output(message_body, encode_chunked=encode_chunked)
  File "/usr/lib/python3.8/http/client.py", line 1011, in _send_output
    self.send(msg)
  File "/usr/lib/python3.8/http/client.py", line 951, in send
    self.connect()
  File "/usr/lib/python3.8/http/client.py", line 922, in connect
    self.sock = self._create_connection(
  File "/usr/lib/python3.8/socket.py", line 808, in create_connection
    raise err
  File "/usr/lib/python3.8/socket.py", line 796, in create_connection
    sock.connect(sa)
ConnectionRefusedError: [Errno 111] Connection refused

[rosmaster.master][INFO] 2026-03-11 23:18:38,724: publisherUpdate[/clock] -> http://rera:35227/ []: sec=0.00, exception=[Errno 111] Connection refused
[rosmaster.master][INFO] 2026-03-11 23:18:38,728: publisherUpdate[/clock] -> http://rera:36643/ []
[rosmaster.master][INFO] 2026-03-11 23:18:38,728: -PUB [/tf] /tf_footprint_base http://rera:36643/
[rosmaster.threadpool][ERROR] 2026-03-11 23:18:38,729: Traceback (most recent call last):
  File "/opt/ros/noetic/lib/python3/dist-packages/rosmaster/threadpool.py", line 218, in run
    result = cmd(*args)
  File "/opt/ros/noetic/lib/python3/dist-packages/rosmaster/master_api.py", line 210, in publisher_update_task
    ret = xmlrpcapi(api).publisherUpdate('/master', topic, pub_uris)
  File "/usr/lib/python3.8/xmlrpc/client.py", line 1109, in __call__
    return self.__send(self.__name, args)
  File "/usr/lib/python3.8/xmlrpc/client.py", line 1450, in __request
    response = self.__transport.request(
  File "/usr/lib/python3.8/xmlrpc/client.py", line 1153, in request
    return self.single_request(host, handler, request_body, verbose)
  File "/usr/lib/python3.8/xmlrpc/client.py", line 1165, in single_request
    http_conn = self.send_request(host, handler, request_body, verbose)
  File "/usr/lib/python3.8/xmlrpc/client.py", line 1278, in send_request
    self.send_content(connection, request_body)
  File "/usr/lib/python3.8/xmlrpc/client.py", line 1308, in send_content
    connection.endheaders(request_body)
  File "/usr/lib/python3.8/http/client.py", line 1251, in endheaders
    self._send_output(message_body, encode_chunked=encode_chunked)
  File "/usr/lib/python3.8/http/client.py", line 1011, in _send_output
    self.send(msg)
  File "/usr/lib/python3.8/http/client.py", line 951, in send
    self.connect()
  File "/usr/lib/python3.8/http/client.py", line 922, in connect
    self.sock = self._create_connection(
  File "/usr/lib/python3.8/socket.py", line 808, in create_connection
    raise err
  File "/usr/lib/python3.8/socket.py", line 796, in create_connection
    sock.connect(sa)
ConnectionRefusedError: [Errno 111] Connection refused

[rosmaster.master][INFO] 2026-03-11 23:18:38,736: publisherUpdate[/clock] -> http://rera:37863/ []
[rosmaster.master][INFO] 2026-03-11 23:18:38,733: publisherUpdate[/clock] -> http://rera:36643/ []: sec=0.00, exception=<Fault -1: 'publisherUpdate: unknown method name'>
[rosmaster.master][INFO] 2026-03-11 23:18:38,735: -SUB [/clock] /tf_body_footprint http://rera:37863/
[rosmaster.master][INFO] 2026-03-11 23:18:38,732: publisherUpdate[/clock] -> http://rera:43459/ []: sec=0.01, exception=[Errno 111] Connection refused
[rosmaster.threadpool][ERROR] 2026-03-11 23:18:38,740: Traceback (most recent call last):
  File "/opt/ros/noetic/lib/python3/dist-packages/rosmaster/threadpool.py", line 218, in run
    result = cmd(*args)
  File "/opt/ros/noetic/lib/python3/dist-packages/rosmaster/master_api.py", line 210, in publisher_update_task
    ret = xmlrpcapi(api).publisherUpdate('/master', topic, pub_uris)
  File "/usr/lib/python3.8/xmlrpc/client.py", line 1109, in __call__
    return self.__send(self.__name, args)
  File "/usr/lib/python3.8/xmlrpc/client.py", line 1450, in __request
    response = self.__transport.request(
  File "/usr/lib/python3.8/xmlrpc/client.py", line 1153, in request
    return self.single_request(host, handler, request_body, verbose)
  File "/usr/lib/python3.8/xmlrpc/client.py", line 1169, in single_request
    return self.parse_response(resp)
  File "/usr/lib/python3.8/xmlrpc/client.py", line 1341, in parse_response
    return u.close()
  File "/usr/lib/python3.8/xmlrpc/client.py", line 655, in close
    raise Fault(**self._stack[0])
xmlrpc.client.Fault: <Fault -1: 'publisherUpdate: unknown method name'>

[rosmaster.master][INFO] 2026-03-11 23:18:38,743: publisherUpdate[/clock] -> http://rera:37863/ []: sec=0.01, exception=<Fault -1: 'publisherUpdate: unknown method name'>
[rosmaster.master][INFO] 2026-03-11 23:18:38,744: -PUB [/gazebo/model_states] /gazebo http://rera:40475/
[rosmaster.master][INFO] 2026-03-11 23:18:38,747: publisherUpdate[/clock] -> http://rera:40475/ []
[rosmaster.threadpool][ERROR] 2026-03-11 23:18:38,748: Traceback (most recent call last):
  File "/opt/ros/noetic/lib/python3/dist-packages/rosmaster/threadpool.py", line 218, in run
    result = cmd(*args)
  File "/opt/ros/noetic/lib/python3/dist-packages/rosmaster/master_api.py", line 210, in publisher_update_task
    ret = xmlrpcapi(api).publisherUpdate('/master', topic, pub_uris)
  File "/usr/lib/python3.8/xmlrpc/client.py", line 1109, in __call__
    return self.__send(self.__name, args)
  File "/usr/lib/python3.8/xmlrpc/client.py", line 1450, in __request
    response = self.__transport.request(
  File "/usr/lib/python3.8/xmlrpc/client.py", line 1153, in request
    return self.single_request(host, handler, request_body, verbose)
  File "/usr/lib/python3.8/xmlrpc/client.py", line 1165, in single_request
    http_conn = self.send_request(host, handler, request_body, verbose)
  File "/usr/lib/python3.8/xmlrpc/client.py", line 1278, in send_request
    self.send_content(connection, request_body)
  File "/usr/lib/python3.8/xmlrpc/client.py", line 1308, in send_content
    connection.endheaders(request_body)
  File "/usr/lib/python3.8/http/client.py", line 1251, in endheaders
    self._send_output(message_body, encode_chunked=encode_chunked)
  File "/usr/lib/python3.8/http/client.py", line 1011, in _send_output
    self.send(msg)
  File "/usr/lib/python3.8/http/client.py", line 951, in send
    self.connect()
  File "/usr/lib/python3.8/http/client.py", line 922, in connect
    self.sock = self._create_connection(
  File "/usr/lib/python3.8/socket.py", line 808, in create_connection
    raise err
  File "/usr/lib/python3.8/socket.py", line 796, in create_connection
    sock.connect(sa)
ConnectionRefusedError: [Errno 111] Connection refused

[rosmaster.master][INFO] 2026-03-11 23:18:38,762: publisherUpdate[/clock] -> http://rera:38039/ []
[rosmaster.master][INFO] 2026-03-11 23:18:38,761: -SUB [/clock] /tf_footprint_base http://rera:36643/
[rosmaster.threadpool][ERROR] 2026-03-11 23:18:38,763: Traceback (most recent call last):
  File "/opt/ros/noetic/lib/python3/dist-packages/rosmaster/threadpool.py", line 218, in run
    result = cmd(*args)
  File "/opt/ros/noetic/lib/python3/dist-packages/rosmaster/master_api.py", line 210, in publisher_update_task
    ret = xmlrpcapi(api).publisherUpdate('/master', topic, pub_uris)
  File "/usr/lib/python3.8/xmlrpc/client.py", line 1109, in __call__
    return self.__send(self.__name, args)
  File "/usr/lib/python3.8/xmlrpc/client.py", line 1450, in __request
    response = self.__transport.request(
  File "/usr/lib/python3.8/xmlrpc/client.py", line 1153, in request
    return self.single_request(host, handler, request_body, verbose)
  File "/usr/lib/python3.8/xmlrpc/client.py", line 1169, in single_request
    return self.parse_response(resp)
  File "/usr/lib/python3.8/xmlrpc/client.py", line 1341, in parse_response
    return u.close()
  File "/usr/lib/python3.8/xmlrpc/client.py", line 655, in close
    raise Fault(**self._stack[0])
xmlrpc.client.Fault: <Fault -1: 'publisherUpdate: unknown method name'>

[rosmaster.master][INFO] 2026-03-11 23:18:38,774: publisherUpdate[/clock] -> http://rera:43887/ []
[rosmaster.master][INFO] 2026-03-11 23:18:38,773: -SERVICE [/tf_body_footprint/get_loggers] /tf_body_footprint rosrpc://rera:56545
[rosmaster.master][INFO] 2026-03-11 23:18:38,772: publisherUpdate[/clock] -> http://rera:38039/ []: sec=0.01, result=[1, '', 0]
[rosmaster.master][INFO] 2026-03-11 23:18:38,778: publisherUpdate[/tf] -> http://rera:39197/ ['http://rera:36643/', 'http://rera:40475/']
[rosmaster.master][INFO] 2026-03-11 23:18:38,778: publisherUpdate[/clock] -> http://rera:43887/ []: sec=0.00, exception=[Errno 111] Connection refused
[rosmaster.master][INFO] 2026-03-11 23:18:38,775: publisherUpdate[/clock] -> http://rera:40475/ []: sec=0.02, result=[1, '', 0]
[rosmaster.master][INFO] 2026-03-11 23:18:38,782: publisherUpdate[/tf] -> http://rera:39197/ ['http://rera:36643/', 'http://rera:40475/']: sec=0.00, exception=[Errno 111] Connection refused
[rosmaster.threadpool][ERROR] 2026-03-11 23:18:38,785: Traceback (most recent call last):
  File "/opt/ros/noetic/lib/python3/dist-packages/rosmaster/threadpool.py", line 218, in run
    result = cmd(*args)
  File "/opt/ros/noetic/lib/python3/dist-packages/rosmaster/master_api.py", line 210, in publisher_update_task
    ret = xmlrpcapi(api).publisherUpdate('/master', topic, pub_uris)
  File "/usr/lib/python3.8/xmlrpc/client.py", line 1109, in __call__
    return self.__send(self.__name, args)
  File "/usr/lib/python3.8/xmlrpc/client.py", line 1450, in __request
    response = self.__transport.request(
  File "/usr/lib/python3.8/xmlrpc/client.py", line 1153, in request
    return self.single_request(host, handler, request_body, verbose)
  File "/usr/lib/python3.8/xmlrpc/client.py", line 1165, in single_request
    http_conn = self.send_request(host, handler, request_body, verbose)
  File "/usr/lib/python3.8/xmlrpc/client.py", line 1278, in send_request
    self.send_content(connection, request_body)
  File "/usr/lib/python3.8/xmlrpc/client.py", line 1308, in send_content
    connection.endheaders(request_body)
  File "/usr/lib/python3.8/http/client.py", line 1251, in endheaders
    self._send_output(message_body, encode_chunked=encode_chunked)
  File "/usr/lib/python3.8/http/client.py", line 1011, in _send_output
    self.send(msg)
  File "/usr/lib/python3.8/http/client.py", line 951, in send
    self.connect()
  File "/usr/lib/python3.8/http/client.py", line 922, in connect
    self.sock = self._create_connection(
  File "/usr/lib/python3.8/socket.py", line 808, in create_connection
    raise err
  File "/usr/lib/python3.8/socket.py", line 796, in create_connection
    sock.connect(sa)
ConnectionRefusedError: [Errno 111] Connection refused

[rosmaster.master][INFO] 2026-03-11 23:18:38,785: publisherUpdate[/tf] -> http://rera:46795/ ['http://rera:36643/', 'http://rera:40475/']
[rosmaster.master][INFO] 2026-03-11 23:18:38,785: publisherUpdate[/tf] -> http://rera:38007/ ['http://rera:36643/', 'http://rera:40475/']
[rosmaster.threadpool][ERROR] 2026-03-11 23:18:38,784: Traceback (most recent call last):
  File "/opt/ros/noetic/lib/python3/dist-packages/rosmaster/threadpool.py", line 218, in run
    result = cmd(*args)
  File "/opt/ros/noetic/lib/python3/dist-packages/rosmaster/master_api.py", line 210, in publisher_update_task
    ret = xmlrpcapi(api).publisherUpdate('/master', topic, pub_uris)
  File "/usr/lib/python3.8/xmlrpc/client.py", line 1109, in __call__
    return self.__send(self.__name, args)
  File "/usr/lib/python3.8/xmlrpc/client.py", line 1450, in __request
    response = self.__transport.request(
  File "/usr/lib/python3.8/xmlrpc/client.py", line 1153, in request
    return self.single_request(host, handler, request_body, verbose)
  File "/usr/lib/python3.8/xmlrpc/client.py", line 1165, in single_request
    http_conn = self.send_request(host, handler, request_body, verbose)
  File "/usr/lib/python3.8/xmlrpc/client.py", line 1278, in send_request
    self.send_content(connection, request_body)
  File "/usr/lib/python3.8/xmlrpc/client.py", line 1308, in send_content
    connection.endheaders(request_body)
  File "/usr/lib/python3.8/http/client.py", line 1251, in endheaders
    self._send_output(message_body, encode_chunked=encode_chunked)
  File "/usr/lib/python3.8/http/client.py", line 1011, in _send_output
    self.send(msg)
  File "/usr/lib/python3.8/http/client.py", line 951, in send
    self.connect()
  File "/usr/lib/python3.8/http/client.py", line 922, in connect
    self.sock = self._create_connection(
  File "/usr/lib/python3.8/socket.py", line 808, in create_connection
    raise err
  File "/usr/lib/python3.8/socket.py", line 796, in create_connection
    sock.connect(sa)
ConnectionRefusedError: [Errno 111] Connection refused

[rosmaster.master][INFO] 2026-03-11 23:18:38,784: -PUB [/gazebo/performance_metrics] /gazebo http://rera:40475/
[rosmaster.master][INFO] 2026-03-11 23:18:38,788: publisherUpdate[/tf] -> http://rera:46795/ ['http://rera:36643/', 'http://rera:40475/']: sec=0.00, exception=[Errno 111] Connection refused
[rosmaster.master][INFO] 2026-03-11 23:18:38,789: publisherUpdate[/tf] -> http://rera:42949/ ['http://rera:36643/', 'http://rera:40475/']
[rosmaster.master][INFO] 2026-03-11 23:18:38,790: publisherUpdate[/tf] -> http://rera:38007/ ['http://rera:36643/', 'http://rera:40475/']: sec=0.00, exception=[Errno 111] Connection refused
[rosmaster.master][INFO] 2026-03-11 23:18:38,796: -SERVICE [/tf_footprint_base/get_loggers] /tf_footprint_base rosrpc://rera:56965
[rosmaster.master][INFO] 2026-03-11 23:18:38,804: publisherUpdate[/tf] -> http://rera:42949/ ['http://rera:36643/', 'http://rera:40475/']: sec=0.01, exception=[Errno 111] Connection refused
[rosmaster.threadpool][ERROR] 2026-03-11 23:18:38,804: Traceback (most recent call last):
  File "/opt/ros/noetic/lib/python3/dist-packages/rosmaster/threadpool.py", line 218, in run
    result = cmd(*args)
  File "/opt/ros/noetic/lib/python3/dist-packages/rosmaster/master_api.py", line 210, in publisher_update_task
    ret = xmlrpcapi(api).publisherUpdate('/master', topic, pub_uris)
  File "/usr/lib/python3.8/xmlrpc/client.py", line 1109, in __call__
    return self.__send(self.__name, args)
  File "/usr/lib/python3.8/xmlrpc/client.py", line 1450, in __request
    response = self.__transport.request(
  File "/usr/lib/python3.8/xmlrpc/client.py", line 1153, in request
    return self.single_request(host, handler, request_body, verbose)
  File "/usr/lib/python3.8/xmlrpc/client.py", line 1165, in single_request
    http_conn = self.send_request(host, handler, request_body, verbose)
  File "/usr/lib/python3.8/xmlrpc/client.py", line 1278, in send_request
    self.send_content(connection, request_body)
  File "/usr/lib/python3.8/xmlrpc/client.py", line 1308, in send_content
    connection.endheaders(request_body)
  File "/usr/lib/python3.8/http/client.py", line 1251, in endheaders
    self._send_output(message_body, encode_chunked=encode_chunked)
  File "/usr/lib/python3.8/http/client.py", line 1011, in _send_output
    self.send(msg)
  File "/usr/lib/python3.8/http/client.py", line 951, in send
    self.connect()
  File "/usr/lib/python3.8/http/client.py", line 922, in connect
    self.sock = self._create_connection(
  File "/usr/lib/python3.8/socket.py", line 808, in create_connection
    raise err
  File "/usr/lib/python3.8/socket.py", line 796, in create_connection
    sock.connect(sa)
ConnectionRefusedError: [Errno 111] Connection refused

[rosmaster.master][INFO] 2026-03-11 23:18:38,809: publisherUpdate[/tf] -> http://rera:43459/ ['http://rera:36643/', 'http://rera:40475/']
[rosmaster.threadpool][ERROR] 2026-03-11 23:18:38,809: Traceback (most recent call last):
  File "/opt/ros/noetic/lib/python3/dist-packages/rosmaster/threadpool.py", line 218, in run
    result = cmd(*args)
  File "/opt/ros/noetic/lib/python3/dist-packages/rosmaster/master_api.py", line 210, in publisher_update_task
    ret = xmlrpcapi(api).publisherUpdate('/master', topic, pub_uris)
  File "/usr/lib/python3.8/xmlrpc/client.py", line 1109, in __call__
    return self.__send(self.__name, args)
  File "/usr/lib/python3.8/xmlrpc/client.py", line 1450, in __request
    response = self.__transport.request(
  File "/usr/lib/python3.8/xmlrpc/client.py", line 1153, in request
    return self.single_request(host, handler, request_body, verbose)
  File "/usr/lib/python3.8/xmlrpc/client.py", line 1165, in single_request
    http_conn = self.send_request(host, handler, request_body, verbose)
  File "/usr/lib/python3.8/xmlrpc/client.py", line 1278, in send_request
    self.send_content(connection, request_body)
  File "/usr/lib/python3.8/xmlrpc/client.py", line 1308, in send_content
    connection.endheaders(request_body)
  File "/usr/lib/python3.8/http/client.py", line 1251, in endheaders
    self._send_output(message_body, encode_chunked=encode_chunked)
  File "/usr/lib/python3.8/http/client.py", line 1011, in _send_output
    self.send(msg)
  File "/usr/lib/python3.8/http/client.py", line 951, in send
    self.connect()
  File "/usr/lib/python3.8/http/client.py", line 922, in connect
    self.sock = self._create_connection(
  File "/usr/lib/python3.8/socket.py", line 808, in create_connection
    raise err
  File "/usr/lib/python3.8/socket.py", line 796, in create_connection
    sock.connect(sa)
ConnectionRefusedError: [Errno 111] Connection refused

[rosmaster.master][INFO] 2026-03-11 23:18:38,810: publisherUpdate[/tf] -> http://rera:35227/ ['http://rera:36643/', 'http://rera:40475/']
[rosmaster.master][INFO] 2026-03-11 23:18:38,807: -SERVICE [/tf_body_footprint/set_logger_level] /tf_body_footprint rosrpc://rera:56545
[rosmaster.threadpool][ERROR] 2026-03-11 23:18:38,812: Traceback (most recent call last):
  File "/opt/ros/noetic/lib/python3/dist-packages/rosmaster/threadpool.py", line 218, in run
    result = cmd(*args)
  File "/opt/ros/noetic/lib/python3/dist-packages/rosmaster/master_api.py", line 210, in publisher_update_task
    ret = xmlrpcapi(api).publisherUpdate('/master', topic, pub_uris)
  File "/usr/lib/python3.8/xmlrpc/client.py", line 1109, in __call__
    return self.__send(self.__name, args)
  File "/usr/lib/python3.8/xmlrpc/client.py", line 1450, in __request
    response = self.__transport.request(
  File "/usr/lib/python3.8/xmlrpc/client.py", line 1153, in request
    return self.single_request(host, handler, request_body, verbose)
  File "/usr/lib/python3.8/xmlrpc/client.py", line 1165, in single_request
    http_conn = self.send_request(host, handler, request_body, verbose)
  File "/usr/lib/python3.8/xmlrpc/client.py", line 1278, in send_request
    self.send_content(connection, request_body)
  File "/usr/lib/python3.8/xmlrpc/client.py", line 1308, in send_content
    connection.endheaders(request_body)
  File "/usr/lib/python3.8/http/client.py", line 1251, in endheaders
    self._send_output(message_body, encode_chunked=encode_chunked)
  File "/usr/lib/python3.8/http/client.py", line 1011, in _send_output
    self.send(msg)
  File "/usr/lib/python3.8/http/client.py", line 951, in send
    self.connect()
  File "/usr/lib/python3.8/http/client.py", line 922, in connect
    self.sock = self._create_connection(
  File "/usr/lib/python3.8/socket.py", line 808, in create_connection
    raise err
  File "/usr/lib/python3.8/socket.py", line 796, in create_connection
    sock.connect(sa)
ConnectionRefusedError: [Errno 111] Connection refused

[rosmaster.master][INFO] 2026-03-11 23:18:38,816: publisherUpdate[/tf] -> http://rera:39197/ ['http://rera:40475/']
[rosmaster.master][INFO] 2026-03-11 23:18:38,815: publisherUpdate[/tf] -> http://rera:43459/ ['http://rera:36643/', 'http://rera:40475/']: sec=0.01, exception=[Errno 111] Connection refused
[rosmaster.master][INFO] 2026-03-11 23:18:38,815: -SERVICE [/gazebo/spawn_sdf_model] /gazebo rosrpc://rera:57461
[rosmaster.master][INFO] 2026-03-11 23:18:38,814: publisherUpdate[/tf] -> http://rera:35227/ ['http://rera:36643/', 'http://rera:40475/']: sec=0.00, exception=[Errno 111] Connection refused
[rosmaster.threadpool][ERROR] 2026-03-11 23:18:38,822: Traceback (most recent call last):
  File "/opt/ros/noetic/lib/python3/dist-packages/rosmaster/threadpool.py", line 218, in run
    result = cmd(*args)
  File "/opt/ros/noetic/lib/python3/dist-packages/rosmaster/master_api.py", line 210, in publisher_update_task
    ret = xmlrpcapi(api).publisherUpdate('/master', topic, pub_uris)
  File "/usr/lib/python3.8/xmlrpc/client.py", line 1109, in __call__
    return self.__send(self.__name, args)
  File "/usr/lib/python3.8/xmlrpc/client.py", line 1450, in __request
    response = self.__transport.request(
  File "/usr/lib/python3.8/xmlrpc/client.py", line 1153, in request
    return self.single_request(host, handler, request_body, verbose)
  File "/usr/lib/python3.8/xmlrpc/client.py", line 1165, in single_request
    http_conn = self.send_request(host, handler, request_body, verbose)
  File "/usr/lib/python3.8/xmlrpc/client.py", line 1278, in send_request
    self.send_content(connection, request_body)
  File "/usr/lib/python3.8/xmlrpc/client.py", line 1308, in send_content
    connection.endheaders(request_body)
  File "/usr/lib/python3.8/http/client.py", line 1251, in endheaders
    self._send_output(message_body, encode_chunked=encode_chunked)
  File "/usr/lib/python3.8/http/client.py", line 1011, in _send_output
    self.send(msg)
  File "/usr/lib/python3.8/http/client.py", line 951, in send
    self.connect()
  File "/usr/lib/python3.8/http/client.py", line 922, in connect
    self.sock = self._create_connection(
  File "/usr/lib/python3.8/socket.py", line 808, in create_connection
    raise err
  File "/usr/lib/python3.8/socket.py", line 796, in create_connection
    sock.connect(sa)
ConnectionRefusedError: [Errno 111] Connection refused

[rosmaster.master][INFO] 2026-03-11 23:18:38,826: publisherUpdate[/tf] -> http://rera:38007/ ['http://rera:40475/']
[rosmaster.threadpool][ERROR] 2026-03-11 23:18:38,824: Traceback (most recent call last):
  File "/opt/ros/noetic/lib/python3/dist-packages/rosmaster/threadpool.py", line 218, in run
    result = cmd(*args)
  File "/opt/ros/noetic/lib/python3/dist-packages/rosmaster/master_api.py", line 210, in publisher_update_task
    ret = xmlrpcapi(api).publisherUpdate('/master', topic, pub_uris)
  File "/usr/lib/python3.8/xmlrpc/client.py", line 1109, in __call__
    return self.__send(self.__name, args)
  File "/usr/lib/python3.8/xmlrpc/client.py", line 1450, in __request
    response = self.__transport.request(
  File "/usr/lib/python3.8/xmlrpc/client.py", line 1153, in request
    return self.single_request(host, handler, request_body, verbose)
  File "/usr/lib/python3.8/xmlrpc/client.py", line 1165, in single_request
    http_conn = self.send_request(host, handler, request_body, verbose)
  File "/usr/lib/python3.8/xmlrpc/client.py", line 1278, in send_request
    self.send_content(connection, request_body)
  File "/usr/lib/python3.8/xmlrpc/client.py", line 1308, in send_content
    connection.endheaders(request_body)
  File "/usr/lib/python3.8/http/client.py", line 1251, in endheaders
    self._send_output(message_body, encode_chunked=encode_chunked)
  File "/usr/lib/python3.8/http/client.py", line 1011, in _send_output
    self.send(msg)
  File "/usr/lib/python3.8/http/client.py", line 951, in send
    self.connect()
  File "/usr/lib/python3.8/http/client.py", line 922, in connect
    self.sock = self._create_connection(
  File "/usr/lib/python3.8/socket.py", line 808, in create_connection
    raise err
  File "/usr/lib/python3.8/socket.py", line 796, in create_connection
    sock.connect(sa)
ConnectionRefusedError: [Errno 111] Connection refused

[rosmaster.master][INFO] 2026-03-11 23:18:38,822: publisherUpdate[/tf] -> http://rera:39197/ ['http://rera:40475/']: sec=0.01, exception=[Errno 111] Connection refused
[rosmaster.master][INFO] 2026-03-11 23:18:38,829: publisherUpdate[/tf] -> http://rera:46795/ ['http://rera:40475/']
